TR,Kx,Ky,time
1,0.000000000000000e+00,0.000000000000000e+00,0.000000000000000e+00
1,0.000000000000000e+00,0.000000000000000e+00,5.000000000000000e-06
1,0.000000000000000e+00,0.000000000000000e+00,1.000000000000000e-05
1,0.000000000000000e+00,0.000000000000000e+00,1.500000000000000e-05
1,0.000000000000000e+00,0.000000000000000e+00,2.000000000000000e-05
1,0.000000000000000e+00,0.000000000000000e+00,2.500000000000000e-05
1,0.000000000000000e+00,0.000000000000000e+00,3.000000000000000e-05
1,0.000000000000000e+00,0.000000000000000e+00,3.500000000000000e-05
1,0.000000000000000e+00,0.000000000000000e+00,4.000000000000000e-05
1,0.000000000000000e+00,0.000000000000000e+00,4.500000000000000e-05
1,0.000000000000000e+00,0.000000000000000e+00,5.000000000000000e-05
1,0.000000000000000e+00,0.000000000000000e+00,5.500000000000000e-05
1,0.000000000000000e+00,0.000000000000000e+00,6.000000000000001e-05
1,0.000000000000000e+00,0.000000000000000e+00,6.500000000000001e-05
1,0.000000000000000e+00,0.000000000000000e+00,7.000000000000001e-05
1,0.000000000000000e+00,0.000000000000000e+00,7.500000000000001e-05
1,0.000000000000000e+00,0.000000000000000e+00,8.000000000000001e-05
1,0.000000000000000e+00,0.000000000000000e+00,8.500000000000001e-05
1,0.000000000000000e+00,0.000000000000000e+00,9.000000000000001e-05
1,0.000000000000000e+00,0.000000000000000e+00,9.500000000000001e-05
1,0.000000000000000e+00,0.000000000000000e+00,1.000000000000000e-04
1,0.000000000000000e+00,0.000000000000000e+00,1.050000000000000e-04
1,0.000000000000000e+00,0.000000000000000e+00,1.100000000000000e-04
1,0.000000000000000e+00,0.000000000000000e+00,1.150000000000000e-04
1,0.000000000000000e+00,0.000000000000000e+00,1.200000000000000e-04
1,0.000000000000000e+00,0.000000000000000e+00,1.250000000000000e-04
1,0.000000000000000e+00,0.000000000000000e+00,1.300000000000000e-04
1,0.000000000000000e+00,0.000000000000000e+00,1.350000000000000e-04
1,0.000000000000000e+00,0.000000000000000e+00,1.400000000000000e-04
1,0.000000000000000e+00,0.000000000000000e+00,1.450000000000000e-04
1,0.000000000000000e+00,0.000000000000000e+00,1.500000000000000e-04
1,0.000000000000000e+00,0.000000000000000e+00,1.550000000000000e-04
1,0.000000000000000e+00,0.000000000000000e+00,1.600000000000000e-04
1,0.000000000000000e+00,0.000000000000000e+00,1.650000000000000e-04
1,0.000000000000000e+00,0.000000000000000e+00,1.700000000000000e-04
1,0.000000000000000e+00,0.000000000000000e+00,1.750000000000000e-04
1,0.000000000000000e+00,0.000000000000000e+00,1.800000000000000e-04
1,0.000000000000000e+00,0.000000000000000e+00,1.850000000000000e-04
1,0.000000000000000e+00,0.000000000000000e+00,1.900000000000000e-04
1,0.000000000000000e+00,0.000000000000000e+00,1.950000000000000e-04
1,0.000000000000000e+00,0.000000000000000e+00,2.000000000000000e-04
1,0.000000000000000e+00,0.000000000000000e+00,2.050000000000000e-04
1,0.000000000000000e+00,0.000000000000000e+00,2.100000000000000e-04
1,0.000000000000000e+00,0.000000000000000e+00,2.150000000000000e-04
1,0.000000000000000e+00,0.000000000000000e+00,2.200000000000000e-04
1,0.000000000000000e+00,0.000000000000000e+00,2.250000000000000e-04
1,0.000000000000000e+00,0.000000000000000e+00,2.300000000000000e-04
1,0.000000000000000e+00,0.000000000000000e+00,2.350000000000000e-04
1,0.000000000000000e+00,0.000000000000000e+00,2.400000000000000e-04
1,0.000000000000000e+00,0.000000000000000e+00,2.450000000000000e-04
1,0.000000000000000e+00,0.000000000000000e+00,2.500000000000000e-04
1,0.000000000000000e+00,0.000000000000000e+00,2.550000000000000e-04
1,0.000000000000000e+00,0.000000000000000e+00,2.600000000000000e-04
1,0.000000000000000e+00,0.000000000000000e+00,2.650000000000000e-04
1,0.000000000000000e+00,0.000000000000000e+00,2.700000000000000e-04
1,0.000000000000000e+00,0.000000000000000e+00,2.750000000000000e-04
1,0.000000000000000e+00,0.000000000000000e+00,2.800000000000000e-04
1,0.000000000000000e+00,0.000000000000000e+00,2.850000000000000e-04
1,0.000000000000000e+00,0.000000000000000e+00,2.900000000000000e-04
1,0.000000000000000e+00,0.000000000000000e+00,2.950000000000000e-04
1,0.000000000000000e+00,0.000000000000000e+00,3.000000000000000e-04
1,0.000000000000000e+00,0.000000000000000e+00,3.050000000000000e-04
1,0.000000000000000e+00,0.000000000000000e+00,3.100000000000000e-04
1,0.000000000000000e+00,0.000000000000000e+00,3.150000000000000e-04
1,0.000000000000000e+00,0.000000000000000e+00,3.200000000000000e-04
1,0.000000000000000e+00,0.000000000000000e+00,3.250000000000000e-04
1,0.000000000000000e+00,0.000000000000000e+00,3.300000000000001e-04
1,0.000000000000000e+00,0.000000000000000e+00,3.350000000000000e-04
1,0.000000000000000e+00,0.000000000000000e+00,3.400000000000000e-04
1,0.000000000000000e+00,0.000000000000000e+00,3.450000000000000e-04
1,0.000000000000000e+00,0.000000000000000e+00,3.500000000000001e-04
1,0.000000000000000e+00,0.000000000000000e+00,3.550000000000000e-04
1,0.000000000000000e+00,0.000000000000000e+00,3.600000000000000e-04
1,0.000000000000000e+00,0.000000000000000e+00,3.650000000000000e-04
1,0.000000000000000e+00,0.000000000000000e+00,3.700000000000000e-04
1,0.000000000000000e+00,0.000000000000000e+00,3.750000000000000e-04
1,0.000000000000000e+00,0.000000000000000e+00,3.800000000000000e-04
1,0.000000000000000e+00,0.000000000000000e+00,3.850000000000000e-04
1,0.000000000000000e+00,0.000000000000000e+00,3.900000000000000e-04
1,0.000000000000000e+00,0.000000000000000e+00,3.950000000000000e-04
1,0.000000000000000e+00,0.000000000000000e+00,4.000000000000000e-04
1,0.000000000000000e+00,0.000000000000000e+00,4.050000000000000e-04
1,0.000000000000000e+00,0.000000000000000e+00,4.100000000000000e-04
1,0.000000000000000e+00,0.000000000000000e+00,4.150000000000001e-04
1,0.000000000000000e+00,0.000000000000000e+00,4.200000000000000e-04
1,0.000000000000000e+00,0.000000000000000e+00,4.250000000000000e-04
1,0.000000000000000e+00,0.000000000000000e+00,4.300000000000000e-04
1,0.000000000000000e+00,0.000000000000000e+00,4.350000000000001e-04
1,0.000000000000000e+00,0.000000000000000e+00,4.400000000000000e-04
1,0.000000000000000e+00,0.000000000000000e+00,4.450000000000000e-04
1,0.000000000000000e+00,0.000000000000000e+00,4.500000000000000e-04
1,0.000000000000000e+00,0.000000000000000e+00,4.550000000000001e-04
1,0.000000000000000e+00,0.000000000000000e+00,4.600000000000000e-04
1,0.000000000000000e+00,0.000000000000000e+00,4.650000000000000e-04
1,0.000000000000000e+00,0.000000000000000e+00,4.700000000000000e-04
1,0.000000000000000e+00,0.000000000000000e+00,4.750000000000001e-04
1,0.000000000000000e+00,0.000000000000000e+00,4.800000000000001e-04
1,0.000000000000000e+00,0.000000000000000e+00,4.850000000000000e-04
1,0.000000000000000e+00,0.000000000000000e+00,4.900000000000001e-04
1,0.000000000000000e+00,0.000000000000000e+00,4.950000000000000e-04
1,0.000000000000000e+00,0.000000000000000e+00,5.000000000000000e-04
1,0.000000000000000e+00,0.000000000000000e+00,5.050000000000000e-04
1,0.000000000000000e+00,0.000000000000000e+00,5.100000000000000e-04
1,0.000000000000000e+00,0.000000000000000e+00,5.150000000000000e-04
1,0.000000000000000e+00,0.000000000000000e+00,5.200000000000001e-04
1,0.000000000000000e+00,0.000000000000000e+00,5.250000000000001e-04
1,0.000000000000000e+00,0.000000000000000e+00,5.300000000000001e-04
1,0.000000000000000e+00,0.000000000000000e+00,5.350000000000000e-04
1,0.000000000000000e+00,0.000000000000000e+00,5.400000000000000e-04
1,0.000000000000000e+00,0.000000000000000e+00,5.450000000000000e-04
1,0.000000000000000e+00,0.000000000000000e+00,5.500000000000000e-04
1,0.000000000000000e+00,0.000000000000000e+00,5.550000000000000e-04
1,0.000000000000000e+00,0.000000000000000e+00,5.600000000000001e-04
1,0.000000000000000e+00,0.000000000000000e+00,5.650000000000001e-04
1,0.000000000000000e+00,0.000000000000000e+00,5.700000000000001e-04
1,0.000000000000000e+00,0.000000000000000e+00,5.750000000000001e-04
1,0.000000000000000e+00,0.000000000000000e+00,5.800000000000000e-04
1,0.000000000000000e+00,0.000000000000000e+00,5.850000000000000e-04
1,0.000000000000000e+00,0.000000000000000e+00,5.900000000000000e-04
1,0.000000000000000e+00,0.000000000000000e+00,5.950000000000000e-04
1,0.000000000000000e+00,0.000000000000000e+00,6.000000000000001e-04
1,0.000000000000000e+00,0.000000000000000e+00,6.050000000000001e-04
1,0.000000000000000e+00,0.000000000000000e+00,6.100000000000001e-04
1,0.000000000000000e+00,0.000000000000000e+00,6.150000000000001e-04
1,0.000000000000000e+00,0.000000000000000e+00,6.200000000000000e-04
1,0.000000000000000e+00,0.000000000000000e+00,6.250000000000000e-04
2,0.000000000000000e+00,3.508771929824561e-03,0.000000000000000e+00
2,-1.748978444234985e-04,3.504410249890955e-03,5.000000000000000e-06
2,-3.493608652484791e-04,3.491336053913689e-03,1.000000000000000e-05
2,-5.229553199164011e-04,3.469581846403960e-03,1.500000000000000e-05
2,-6.952496252610436e-04,3.439201711749277e-03,2.000000000000000e-05
2,-8.658154304922585e-04,3.400271179751151e-03,2.500000000000000e-05
2,-1.034228682143524e-03,3.352887037846108e-03,3.000000000000000e-05
2,-1.200070678335680e-03,3.297167090476872e-03,3.500000000000000e-05
2,-1.362929109735771e-03,3.233249866211956e-03,4.000000000000000e-05
2,-1.522399084623011e-03,3.161294273341822e-03,4.500000000000000e-05
2,-1.678084135513398e-03,3.081479204807819e-03,5.000000000000000e-05
2,-1.829597204840344e-03,2.994003093446160e-03,5.500000000000000e-05
2,-1.976561607240779e-03,2.899083418652613e-03,6.000000000000001e-05
2,-2.118611966054306e-03,2.796956165694465e-03,6.500000000000001e-05
2,-2.255395121707156e-03,2.687875239013958e-03,7.000000000000001e-05
2,-2.386571009722524e-03,2.572111830981847e-03,7.500000000000001e-05
2,-2.511813506174451e-03,2.449953747670431e-03,8.000000000000001e-05
2,-2.630811238483277e-03,2.321704693322314e-03,8.500000000000001e-05
2,-2.743268359536947e-03,2.187683515293802e-03,9.000000000000001e-05
2,-2.848905283213532e-03,2.048223411350139e-03,9.500000000000001e-05
2,-2.947459379476391e-03,1.903671101283367e-03,1.000000000000000e-04
2,-3.038685627313820e-03,1.754385964912281e-03,1.050000000000000e-04
2,-3.122357223899890e-03,1.600739148607590e-03,1.100000000000000e-04
2,-3.198266148462011e-03,1.443112642563549e-03,1.150000000000000e-04
2,-3.266223679453349e-03,1.281898331110157e-03,1.200000000000000e-04
2,-3.326060863744322e-03,1.117497018426963e-03,1.250000000000000e-04
2,-3.377628936666709e-03,9.503174320807208e-04,1.300000000000000e-04
2,-3.420799691866048e-03,7.807752068642614e-04,1.350000000000000e-04
2,-3.455465800042835e-03,6.092918514629133e-04,1.400000000000000e-04
2,-3.481541075790078e-03,4.362937005174925e-04,1.450000000000000e-04
2,-3.498960691863790e-03,2.622108546892094e-04,1.500000000000000e-04
2,-3.507681340353741e-03,8.747611136165999e-05,1.550000000000000e-04
2,-3.507681340353741e-03,-8.747611136165913e-05,1.600000000000000e-04
2,-3.498960691863790e-03,-2.622108546892085e-04,1.650000000000000e-04
2,-3.481541075790078e-03,-4.362937005174915e-04,1.700000000000000e-04
2,-3.455465800042836e-03,-6.092918514629124e-04,1.750000000000000e-04
2,-3.420799691866048e-03,-7.807752068642607e-04,1.800000000000000e-04
2,-3.377628936666709e-03,-9.503174320807198e-04,1.850000000000000e-04
2,-3.326060863744322e-03,-1.117497018426962e-03,1.900000000000000e-04
2,-3.266223679453349e-03,-1.281898331110157e-03,1.950000000000000e-04
2,-3.198266148462011e-03,-1.443112642563549e-03,2.000000000000000e-04
2,-3.122357223899891e-03,-1.600739148607588e-03,2.050000000000000e-04
2,-3.038685627313820e-03,-1.754385964912281e-03,2.100000000000000e-04
2,-2.947459379476391e-03,-1.903671101283366e-03,2.150000000000000e-04
2,-2.848905283213533e-03,-2.048223411350139e-03,2.200000000000000e-04
2,-2.743268359536947e-03,-2.187683515293801e-03,2.250000000000000e-04
2,-2.630811238483279e-03,-2.321704693322313e-03,2.300000000000000e-04
2,-2.511813506174451e-03,-2.449953747670430e-03,2.350000000000000e-04
2,-2.386571009722524e-03,-2.572111830981847e-03,2.400000000000000e-04
2,-2.255395121707156e-03,-2.687875239013958e-03,2.450000000000000e-04
2,-2.118611966054307e-03,-2.796956165694464e-03,2.500000000000000e-04
2,-1.976561607240781e-03,-2.899083418652612e-03,2.550000000000000e-04
2,-1.829597204840346e-03,-2.994003093446159e-03,2.600000000000000e-04
2,-1.678084135513398e-03,-3.081479204807819e-03,2.650000000000000e-04
2,-1.522399084623012e-03,-3.161294273341821e-03,2.700000000000000e-04
2,-1.362929109735771e-03,-3.233249866211956e-03,2.750000000000000e-04
2,-1.200070678335679e-03,-3.297167090476872e-03,2.800000000000000e-04
2,-1.034228682143525e-03,-3.352887037846107e-03,2.850000000000000e-04
2,-8.658154304922593e-04,-3.400271179751150e-03,2.900000000000000e-04
2,-6.952496252610444e-04,-3.439201711749277e-03,2.950000000000000e-04
2,-5.229553199164043e-04,-3.469581846403959e-03,3.000000000000000e-04
2,-3.493608652484815e-04,-3.491336053913689e-03,3.050000000000000e-04
2,-1.748978444235001e-04,-3.504410249890955e-03,3.100000000000000e-04
2,-6.445509469196595e-19,-3.508771929824561e-03,3.150000000000000e-04
2,1.748978444234989e-04,-3.504410249890955e-03,3.200000000000000e-04
2,3.493608652484802e-04,-3.491336053913689e-03,3.250000000000000e-04
2,5.229553199164029e-04,-3.469581846403960e-03,3.300000000000001e-04
2,6.952496252610431e-04,-3.439201711749277e-03,3.350000000000000e-04
2,8.658154304922581e-04,-3.400271179751151e-03,3.400000000000000e-04
2,1.034228682143521e-03,-3.352887037846109e-03,3.450000000000000e-04
2,1.200070678335678e-03,-3.297167090476872e-03,3.500000000000001e-04
2,1.362929109735770e-03,-3.233249866211957e-03,3.550000000000000e-04
2,1.522399084623010e-03,-3.161294273341822e-03,3.600000000000000e-04
2,1.678084135513397e-03,-3.081479204807819e-03,3.650000000000000e-04
2,1.829597204840345e-03,-2.994003093446160e-03,3.700000000000000e-04
2,1.976561607240780e-03,-2.899083418652613e-03,3.750000000000000e-04
2,2.118611966054306e-03,-2.796956165694465e-03,3.800000000000000e-04
2,2.255395121707156e-03,-2.687875239013959e-03,3.850000000000000e-04
2,2.386571009722522e-03,-2.572111830981849e-03,3.900000000000000e-04
2,2.511813506174449e-03,-2.449953747670432e-03,3.950000000000000e-04
2,2.630811238483277e-03,-2.321704693322315e-03,4.000000000000000e-04
2,2.743268359536946e-03,-2.187683515293803e-03,4.050000000000000e-04
2,2.848905283213530e-03,-2.048223411350142e-03,4.100000000000000e-04
2,2.947459379476391e-03,-1.903671101283366e-03,4.150000000000001e-04
2,3.038685627313820e-03,-1.754385964912280e-03,4.200000000000000e-04
2,3.122357223899889e-03,-1.600739148607590e-03,4.250000000000000e-04
2,3.198266148462011e-03,-1.443112642563550e-03,4.300000000000000e-04
2,3.266223679453347e-03,-1.281898331110161e-03,4.350000000000001e-04
2,3.326060863744321e-03,-1.117497018426965e-03,4.400000000000000e-04
2,3.377628936666710e-03,-9.503174320807181e-04,4.450000000000000e-04
2,3.420799691866048e-03,-7.807752068642619e-04,4.500000000000000e-04
2,3.455465800042835e-03,-6.092918514629136e-04,4.550000000000001e-04
2,3.481541075790077e-03,-4.362937005174944e-04,4.600000000000000e-04
2,3.498960691863790e-03,-2.622108546892098e-04,4.650000000000000e-04
2,3.507681340353741e-03,-8.747611136166041e-05,4.700000000000000e-04
2,3.507681340353741e-03,8.747611136165871e-05,4.750000000000001e-04
2,3.498960691863790e-03,2.622108546892081e-04,4.800000000000001e-04
2,3.481541075790078e-03,4.362937005174896e-04,4.850000000000000e-04
2,3.455465800042836e-03,6.092918514629120e-04,4.900000000000001e-04
2,3.420799691866048e-03,7.807752068642603e-04,4.950000000000000e-04
2,3.377628936666709e-03,9.503174320807195e-04,5.000000000000000e-04
2,3.326060863744322e-03,1.117497018426963e-03,5.050000000000000e-04
2,3.266223679453349e-03,1.281898331110156e-03,5.100000000000000e-04
2,3.198266148462011e-03,1.443112642563548e-03,5.150000000000000e-04
2,3.122357223899890e-03,1.600739148607589e-03,5.200000000000001e-04
2,3.038685627313820e-03,1.754385964912281e-03,5.250000000000001e-04
2,2.947459379476390e-03,1.903671101283367e-03,5.300000000000001e-04
2,2.848905283213533e-03,2.048223411350138e-03,5.350000000000000e-04
2,2.743268359536948e-03,2.187683515293801e-03,5.400000000000000e-04
2,2.630811238483280e-03,2.321704693322311e-03,5.450000000000000e-04
2,2.511813506174450e-03,2.449953747670432e-03,5.500000000000000e-04
2,2.386571009722523e-03,2.572111830981848e-03,5.550000000000000e-04
2,2.255395121707156e-03,2.687875239013957e-03,5.600000000000001e-04
2,2.118611966054307e-03,2.796956165694464e-03,5.650000000000001e-04
2,1.976561607240781e-03,2.899083418652612e-03,5.700000000000001e-04
2,1.829597204840344e-03,2.994003093446160e-03,5.750000000000001e-04
2,1.678084135513399e-03,3.081479204807819e-03,5.800000000000000e-04
2,1.522399084623012e-03,3.161294273341821e-03,5.850000000000000e-04
2,1.362929109735771e-03,3.233249866211956e-03,5.900000000000000e-04
2,1.200070678335682e-03,3.297167090476871e-03,5.950000000000000e-04
2,1.034228682143526e-03,3.352887037846107e-03,6.000000000000001e-04
2,8.658154304922598e-04,3.400271179751150e-03,6.050000000000001e-04
2,6.952496252610449e-04,3.439201711749277e-03,6.100000000000001e-04
2,5.229553199164016e-04,3.469581846403960e-03,6.150000000000001e-04
2,3.493608652484820e-04,3.491336053913689e-03,6.200000000000000e-04
2,1.748978444235006e-04,3.504410249890955e-03,6.250000000000000e-04
3,0.000000000000000e+00,7.017543859649123e-03,0.000000000000000e+00
3,-3.497956888469970e-04,7.008820499781911e-03,5.000000000000000e-06
3,-6.987217304969582e-04,6.982672107827379e-03,1.000000000000000e-05
3,-1.045910639832802e-03,6.939163692807919e-03,1.500000000000000e-05
3,-1.390499250522087e-03,6.878403423498553e-03,2.000000000000000e-05
3,-1.731630860984517e-03,6.800542359502302e-03,2.500000000000000e-05
3,-2.068457364287047e-03,6.705774075692216e-03,3.000000000000000e-05
3,-2.400141356671359e-03,6.594334180953744e-03,3.500000000000000e-05
3,-2.725858219471541e-03,6.466499732423913e-03,4.000000000000000e-05
3,-3.044798169246022e-03,6.322588546683643e-03,4.500000000000000e-05
3,-3.356168271026795e-03,6.162958409615638e-03,5.000000000000000e-05
3,-3.659194409680688e-03,5.988006186892321e-03,5.500000000000000e-05
3,-3.953123214481559e-03,5.798166837305226e-03,6.000000000000001e-05
3,-4.237223932108613e-03,5.593912331388931e-03,6.500000000000001e-05
3,-4.510790243414311e-03,5.375750478027916e-03,7.000000000000001e-05
3,-4.773142019445047e-03,5.144223661963695e-03,7.500000000000001e-05
3,-5.023627012348902e-03,4.899907495340862e-03,8.000000000000001e-05
3,-5.261622476966554e-03,4.643409386644629e-03,8.500000000000001e-05
3,-5.486536719073894e-03,4.375367030587604e-03,9.000000000000001e-05
3,-5.697810566427063e-03,4.096446822700279e-03,9.500000000000001e-05
3,-5.894918758952782e-03,3.807342202566734e-03,1.000000000000000e-04
3,-6.077371254627640e-03,3.508771929824561e-03,1.050000000000000e-04
3,-6.244714447799779e-03,3.201478297215180e-03,1.100000000000000e-04
3,-6.396532296924022e-03,2.886225285127099e-03,1.150000000000000e-04
3,-6.532447358906697e-03,2.563796662220315e-03,1.200000000000000e-04
3,-6.652121727488644e-03,2.234994036853926e-03,1.250000000000000e-04
3,-6.755257873333417e-03,1.900634864161442e-03,1.300000000000000e-04
3,-6.841599383732096e-03,1.561550413728523e-03,1.350000000000000e-04
3,-6.910931600085671e-03,1.218583702925827e-03,1.400000000000000e-04
3,-6.963082151580155e-03,8.725874010349849e-04,1.450000000000000e-04
3,-6.997921383727580e-03,5.244217093784187e-04,1.500000000000000e-04
3,-7.015362680707482e-03,1.749522227233200e-04,1.550000000000000e-04
3,-7.015362680707482e-03,-1.749522227233183e-04,1.600000000000000e-04
3,-6.997921383727580e-03,-5.244217093784170e-04,1.650000000000000e-04
3,-6.963082151580155e-03,-8.725874010349831e-04,1.700000000000000e-04
3,-6.910931600085672e-03,-1.218583702925825e-03,1.750000000000000e-04
3,-6.841599383732096e-03,-1.561550413728521e-03,1.800000000000000e-04
3,-6.755257873333417e-03,-1.900634864161440e-03,1.850000000000000e-04
3,-6.652121727488644e-03,-2.234994036853925e-03,1.900000000000000e-04
3,-6.532447358906698e-03,-2.563796662220313e-03,1.950000000000000e-04
3,-6.396532296924023e-03,-2.886225285127097e-03,2.000000000000000e-04
3,-6.244714447799782e-03,-3.201478297215175e-03,2.050000000000000e-04
3,-6.077371254627639e-03,-3.508771929824562e-03,2.100000000000000e-04
3,-5.894918758952782e-03,-3.807342202566732e-03,2.150000000000000e-04
3,-5.697810566427065e-03,-4.096446822700278e-03,2.200000000000000e-04
3,-5.486536719073894e-03,-4.375367030587603e-03,2.250000000000000e-04
3,-5.261622476966558e-03,-4.643409386644625e-03,2.300000000000000e-04
3,-5.023627012348902e-03,-4.899907495340861e-03,2.350000000000000e-04
3,-4.773142019445048e-03,-5.144223661963694e-03,2.400000000000000e-04
3,-4.510790243414312e-03,-5.375750478027915e-03,2.450000000000000e-04
3,-4.237223932108613e-03,-5.593912331388929e-03,2.500000000000000e-04
3,-3.953123214481562e-03,-5.798166837305225e-03,2.550000000000000e-04
3,-3.659194409680692e-03,-5.988006186892318e-03,2.600000000000000e-04
3,-3.356168271026797e-03,-6.162958409615638e-03,2.650000000000000e-04
3,-3.044798169246023e-03,-6.322588546683642e-03,2.700000000000000e-04
3,-2.725858219471541e-03,-6.466499732423913e-03,2.750000000000000e-04
3,-2.400141356671358e-03,-6.594334180953744e-03,2.800000000000000e-04
3,-2.068457364287050e-03,-6.705774075692215e-03,2.850000000000000e-04
3,-1.731630860984519e-03,-6.800542359502301e-03,2.900000000000000e-04
3,-1.390499250522089e-03,-6.878403423498553e-03,2.950000000000000e-04
3,-1.045910639832809e-03,-6.939163692807919e-03,3.000000000000000e-04
3,-6.987217304969631e-04,-6.982672107827378e-03,3.050000000000000e-04
3,-3.497956888470003e-04,-7.008820499781911e-03,3.100000000000000e-04
3,-1.289101893839319e-18,-7.017543859649123e-03,3.150000000000000e-04
3,3.497956888469977e-04,-7.008820499781911e-03,3.200000000000000e-04
3,6.987217304969605e-04,-6.982672107827379e-03,3.250000000000000e-04
3,1.045910639832806e-03,-6.939163692807919e-03,3.300000000000001e-04
3,1.390499250522086e-03,-6.878403423498554e-03,3.350000000000000e-04
3,1.731630860984516e-03,-6.800542359502302e-03,3.400000000000000e-04
3,2.068457364287042e-03,-6.705774075692218e-03,3.450000000000000e-04
3,2.400141356671355e-03,-6.594334180953744e-03,3.500000000000001e-04
3,2.725858219471539e-03,-6.466499732423915e-03,3.550000000000000e-04
3,3.044798169246021e-03,-6.322588546683644e-03,3.600000000000000e-04
3,3.356168271026794e-03,-6.162958409615639e-03,3.650000000000000e-04
3,3.659194409680689e-03,-5.988006186892320e-03,3.700000000000000e-04
3,3.953123214481560e-03,-5.798166837305226e-03,3.750000000000000e-04
3,4.237223932108612e-03,-5.593912331388931e-03,3.800000000000000e-04
3,4.510790243414311e-03,-5.375750478027917e-03,3.850000000000000e-04
3,4.773142019445045e-03,-5.144223661963697e-03,3.900000000000000e-04
3,5.023627012348898e-03,-4.899907495340865e-03,3.950000000000000e-04
3,5.261622476966554e-03,-4.643409386644630e-03,4.000000000000000e-04
3,5.486536719073893e-03,-4.375367030587605e-03,4.050000000000000e-04
3,5.697810566427059e-03,-4.096446822700285e-03,4.100000000000000e-04
3,5.894918758952782e-03,-3.807342202566731e-03,4.150000000000001e-04
3,6.077371254627641e-03,-3.508771929824559e-03,4.200000000000000e-04
3,6.244714447799778e-03,-3.201478297215181e-03,4.250000000000000e-04
3,6.396532296924022e-03,-2.886225285127100e-03,4.300000000000000e-04
3,6.532447358906695e-03,-2.563796662220321e-03,4.350000000000001e-04
3,6.652121727488643e-03,-2.234994036853930e-03,4.400000000000000e-04
3,6.755257873333419e-03,-1.900634864161436e-03,4.450000000000000e-04
3,6.841599383732095e-03,-1.561550413728524e-03,4.500000000000000e-04
3,6.910931600085671e-03,-1.218583702925827e-03,4.550000000000001e-04
3,6.963082151580154e-03,-8.725874010349887e-04,4.600000000000000e-04
3,6.997921383727580e-03,-5.244217093784196e-04,4.650000000000000e-04
3,7.015362680707482e-03,-1.749522227233208e-04,4.700000000000000e-04
3,7.015362680707482e-03,1.749522227233174e-04,4.750000000000001e-04
3,6.997921383727580e-03,5.244217093784161e-04,4.800000000000001e-04
3,6.963082151580155e-03,8.725874010349792e-04,4.850000000000000e-04
3,6.910931600085672e-03,1.218583702925824e-03,4.900000000000001e-04
3,6.841599383732096e-03,1.561550413728521e-03,4.950000000000000e-04
3,6.755257873333418e-03,1.900634864161439e-03,5.000000000000000e-04
3,6.652121727488644e-03,2.234994036853927e-03,5.050000000000000e-04
3,6.532447358906698e-03,2.563796662220312e-03,5.100000000000000e-04
3,6.396532296924023e-03,2.886225285127096e-03,5.150000000000000e-04
3,6.244714447799780e-03,3.201478297215178e-03,5.200000000000001e-04
3,6.077371254627639e-03,3.508771929824561e-03,5.250000000000001e-04
3,5.894918758952781e-03,3.807342202566734e-03,5.300000000000001e-04
3,5.697810566427065e-03,4.096446822700277e-03,5.350000000000000e-04
3,5.486536719073895e-03,4.375367030587603e-03,5.400000000000000e-04
3,5.261622476966560e-03,4.643409386644623e-03,5.450000000000000e-04
3,5.023627012348901e-03,4.899907495340863e-03,5.500000000000000e-04
3,4.773142019445046e-03,5.144223661963696e-03,5.550000000000000e-04
3,4.510790243414313e-03,5.375750478027914e-03,5.600000000000001e-04
3,4.237223932108614e-03,5.593912331388929e-03,5.650000000000001e-04
3,3.953123214481563e-03,5.798166837305224e-03,5.700000000000001e-04
3,3.659194409680687e-03,5.988006186892321e-03,5.750000000000001e-04
3,3.356168271026797e-03,6.162958409615638e-03,5.800000000000000e-04
3,3.044798169246024e-03,6.322588546683642e-03,5.850000000000000e-04
3,2.725858219471542e-03,6.466499732423913e-03,5.900000000000000e-04
3,2.400141356671365e-03,6.594334180953741e-03,5.950000000000000e-04
3,2.068457364287051e-03,6.705774075692215e-03,6.000000000000001e-04
3,1.731630860984520e-03,6.800542359502301e-03,6.050000000000001e-04
3,1.390499250522090e-03,6.878403423498553e-03,6.100000000000001e-04
3,1.045910639832803e-03,6.939163692807919e-03,6.150000000000001e-04
3,6.987217304969639e-04,6.982672107827378e-03,6.200000000000000e-04
3,3.497956888470012e-04,7.008820499781911e-03,6.250000000000000e-04
4,0.000000000000000e+00,1.052631578947368e-02,0.000000000000000e+00
4,-5.246935332704955e-04,1.051323074967287e-02,5.000000000000000e-06
4,-1.048082595745437e-03,1.047400816174107e-02,1.000000000000000e-05
4,-1.568865959749203e-03,1.040874553921188e-02,1.500000000000000e-05
4,-2.085748875783131e-03,1.031760513524783e-02,2.000000000000000e-05
4,-2.597446291476776e-03,1.020081353925345e-02,2.500000000000000e-05
4,-3.102686046430571e-03,1.005866111353832e-02,3.000000000000000e-05
4,-3.600212035007039e-03,9.891501271430615e-03,3.500000000000000e-05
4,-4.088787329207312e-03,9.699749598635869e-03,4.000000000000000e-05
4,-4.567197253869032e-03,9.483882820025465e-03,4.500000000000000e-05
4,-5.034252406540192e-03,9.244437614423458e-03,5.000000000000000e-05
4,-5.488791614521031e-03,8.982009280338481e-03,5.500000000000000e-05
4,-5.929684821722337e-03,8.697250255957840e-03,6.000000000000001e-05
4,-6.355835898162919e-03,8.390868497083396e-03,6.500000000000001e-05
4,-6.766185365121467e-03,8.063625717041873e-03,7.000000000000001e-05
4,-7.159713029167571e-03,7.716335492945542e-03,7.500000000000001e-05
4,-7.535440518523352e-03,7.349861243011293e-03,8.000000000000001e-05
4,-7.892433715449830e-03,6.965114079966943e-03,8.500000000000001e-05
4,-8.229805078610840e-03,6.563050545881406e-03,9.000000000000001e-05
4,-8.546715849640594e-03,6.144670234050418e-03,9.500000000000001e-05
4,-8.842378138429172e-03,5.711013303850100e-03,1.000000000000000e-04
4,-9.116056881941460e-03,5.263157894736841e-03,1.050000000000000e-04
4,-9.367071671699669e-03,4.802217445822769e-03,1.100000000000000e-04
4,-9.594798445386033e-03,4.329337927690648e-03,1.150000000000000e-04
4,-9.798671038360046e-03,3.845694993330472e-03,1.200000000000000e-04
4,-9.978182591232966e-03,3.352491055280889e-03,1.250000000000000e-04
4,-1.013288681000013e-02,2.850952296242163e-03,1.300000000000000e-04
4,-1.026239907559814e-02,2.342325620592784e-03,1.350000000000000e-04
4,-1.036639740012850e-02,1.827875554388740e-03,1.400000000000000e-04
4,-1.044462322737023e-02,1.308881101552477e-03,1.450000000000000e-04
4,-1.049688207559137e-02,7.866325640676281e-04,1.500000000000000e-04
4,-1.052304402106122e-02,2.624283340849799e-04,1.550000000000000e-04
4,-1.052304402106122e-02,-2.624283340849774e-04,1.600000000000000e-04
4,-1.049688207559137e-02,-7.866325640676255e-04,1.650000000000000e-04
4,-1.044462322737023e-02,-1.308881101552475e-03,1.700000000000000e-04
4,-1.036639740012851e-02,-1.827875554388737e-03,1.750000000000000e-04
4,-1.026239907559814e-02,-2.342325620592782e-03,1.800000000000000e-04
4,-1.013288681000013e-02,-2.850952296242160e-03,1.850000000000000e-04
4,-9.978182591232966e-03,-3.352491055280887e-03,1.900000000000000e-04
4,-9.798671038360046e-03,-3.845694993330469e-03,1.950000000000000e-04
4,-9.594798445386033e-03,-4.329337927690646e-03,2.000000000000000e-04
4,-9.367071671699673e-03,-4.802217445822763e-03,2.050000000000000e-04
4,-9.116056881941458e-03,-5.263157894736843e-03,2.100000000000000e-04
4,-8.842378138429174e-03,-5.711013303850098e-03,2.150000000000000e-04
4,-8.546715849640597e-03,-6.144670234050417e-03,2.200000000000000e-04
4,-8.229805078610842e-03,-6.563050545881403e-03,2.250000000000000e-04
4,-7.892433715449836e-03,-6.965114079966938e-03,2.300000000000000e-04
4,-7.535440518523353e-03,-7.349861243011291e-03,2.350000000000000e-04
4,-7.159713029167572e-03,-7.716335492945541e-03,2.400000000000000e-04
4,-6.766185365121468e-03,-8.063625717041872e-03,2.450000000000000e-04
4,-6.355835898162920e-03,-8.390868497083393e-03,2.500000000000000e-04
4,-5.929684821722343e-03,-8.697250255957837e-03,2.550000000000000e-04
4,-5.488791614521037e-03,-8.982009280338477e-03,2.600000000000000e-04
4,-5.034252406540195e-03,-9.244437614423456e-03,2.650000000000000e-04
4,-4.567197253869035e-03,-9.483882820025463e-03,2.700000000000000e-04
4,-4.088787329207312e-03,-9.699749598635869e-03,2.750000000000000e-04
4,-3.600212035007037e-03,-9.891501271430615e-03,2.800000000000000e-04
4,-3.102686046430575e-03,-1.005866111353832e-02,2.850000000000000e-04
4,-2.597446291476778e-03,-1.020081353925345e-02,2.900000000000000e-04
4,-2.085748875783133e-03,-1.031760513524783e-02,2.950000000000000e-04
4,-1.568865959749213e-03,-1.040874553921188e-02,3.000000000000000e-04
4,-1.048082595745445e-03,-1.047400816174107e-02,3.050000000000000e-04
4,-5.246935332705005e-04,-1.051323074967287e-02,3.100000000000000e-04
4,-1.933652840758979e-18,-1.052631578947368e-02,3.150000000000000e-04
4,5.246935332704966e-04,-1.051323074967287e-02,3.200000000000000e-04
4,1.048082595745441e-03,-1.047400816174107e-02,3.250000000000000e-04
4,1.568865959749209e-03,-1.040874553921188e-02,3.300000000000001e-04
4,2.085748875783129e-03,-1.031760513524783e-02,3.350000000000000e-04
4,2.597446291476774e-03,-1.020081353925345e-02,3.400000000000000e-04
4,3.102686046430563e-03,-1.005866111353833e-02,3.450000000000000e-04
4,3.600212035007033e-03,-9.891501271430616e-03,3.500000000000001e-04
4,4.088787329207309e-03,-9.699749598635872e-03,3.550000000000000e-04
4,4.567197253869031e-03,-9.483882820025465e-03,3.600000000000000e-04
4,5.034252406540192e-03,-9.244437614423458e-03,3.650000000000000e-04
4,5.488791614521034e-03,-8.982009280338481e-03,3.700000000000000e-04
4,5.929684821722341e-03,-8.697250255957838e-03,3.750000000000000e-04
4,6.355835898162917e-03,-8.390868497083396e-03,3.800000000000000e-04
4,6.766185365121465e-03,-8.063625717041875e-03,3.850000000000000e-04
4,7.159713029167566e-03,-7.716335492945546e-03,3.900000000000000e-04
4,7.535440518523348e-03,-7.349861243011298e-03,3.950000000000000e-04
4,7.892433715449830e-03,-6.965114079966944e-03,4.000000000000000e-04
4,8.229805078610838e-03,-6.563050545881407e-03,4.050000000000000e-04
4,8.546715849640589e-03,-6.144670234050427e-03,4.100000000000000e-04
4,8.842378138429174e-03,-5.711013303850097e-03,4.150000000000001e-04
4,9.116056881941462e-03,-5.263157894736839e-03,4.200000000000000e-04
4,9.367071671699667e-03,-4.802217445822771e-03,4.250000000000000e-04
4,9.594798445386033e-03,-4.329337927690649e-03,4.300000000000000e-04
4,9.798671038360041e-03,-3.845694993330481e-03,4.350000000000001e-04
4,9.978182591232964e-03,-3.352491055280895e-03,4.400000000000000e-04
4,1.013288681000013e-02,-2.850952296242154e-03,4.450000000000000e-04
4,1.026239907559814e-02,-2.342325620592786e-03,4.500000000000000e-04
4,1.036639740012850e-02,-1.827875554388741e-03,4.550000000000001e-04
4,1.044462322737023e-02,-1.308881101552483e-03,4.600000000000000e-04
4,1.049688207559137e-02,-7.866325640676294e-04,4.650000000000000e-04
4,1.052304402106122e-02,-2.624283340849812e-04,4.700000000000000e-04
4,1.052304402106122e-02,2.624283340849761e-04,4.750000000000001e-04
4,1.049688207559137e-02,7.866325640676241e-04,4.800000000000001e-04
4,1.044462322737023e-02,1.308881101552469e-03,4.850000000000000e-04
4,1.036639740012851e-02,1.827875554388736e-03,4.900000000000001e-04
4,1.026239907559814e-02,2.342325620592781e-03,4.950000000000000e-04
4,1.013288681000013e-02,2.850952296242158e-03,5.000000000000000e-04
4,9.978182591232966e-03,3.352491055280890e-03,5.050000000000000e-04
4,9.798671038360046e-03,3.845694993330468e-03,5.100000000000000e-04
4,9.594798445386033e-03,4.329337927690645e-03,5.150000000000000e-04
4,9.367071671699669e-03,4.802217445822766e-03,5.200000000000001e-04
4,9.116056881941458e-03,5.263157894736842e-03,5.250000000000001e-04
4,8.842378138429171e-03,5.711013303850100e-03,5.300000000000001e-04
4,8.546715849640597e-03,6.144670234050416e-03,5.350000000000000e-04
4,8.229805078610842e-03,6.563050545881403e-03,5.400000000000000e-04
4,7.892433715449839e-03,6.965114079966934e-03,5.450000000000000e-04
4,7.535440518523351e-03,7.349861243011294e-03,5.500000000000000e-04
4,7.159713029167569e-03,7.716335492945542e-03,5.550000000000000e-04
4,6.766185365121469e-03,8.063625717041872e-03,5.600000000000001e-04
4,6.355835898162921e-03,8.390868497083393e-03,5.650000000000001e-04
4,5.929684821722344e-03,8.697250255957835e-03,5.700000000000001e-04
4,5.488791614521030e-03,8.982009280338481e-03,5.750000000000001e-04
4,5.034252406540196e-03,9.244437614423456e-03,5.800000000000000e-04
4,4.567197253869035e-03,9.483882820025463e-03,5.850000000000000e-04
4,4.088787329207313e-03,9.699749598635869e-03,5.900000000000000e-04
4,3.600212035007047e-03,9.891501271430611e-03,5.950000000000000e-04
4,3.102686046430576e-03,1.005866111353832e-02,6.000000000000001e-04
4,2.597446291476779e-03,1.020081353925345e-02,6.050000000000001e-04
4,2.085748875783134e-03,1.031760513524783e-02,6.100000000000001e-04
4,1.568865959749205e-03,1.040874553921188e-02,6.150000000000001e-04
4,1.048082595745446e-03,1.047400816174107e-02,6.200000000000000e-04
4,5.246935332705017e-04,1.051323074967287e-02,6.250000000000000e-04
5,0.000000000000000e+00,1.403508771929825e-02,0.000000000000000e+00
5,-6.995913776939940e-04,1.401764099956382e-02,5.000000000000000e-06
5,-1.397443460993916e-03,1.396534421565476e-02,1.000000000000000e-05
5,-2.091821279665604e-03,1.387832738561584e-02,1.500000000000000e-05
5,-2.780998501044174e-03,1.375680684699711e-02,2.000000000000000e-05
5,-3.463261721969034e-03,1.360108471900460e-02,2.500000000000000e-05
5,-4.136914728574095e-03,1.341154815138443e-02,3.000000000000000e-05
5,-4.800282713342719e-03,1.318866836190749e-02,3.500000000000000e-05
5,-5.451716438943083e-03,1.293299946484783e-02,4.000000000000000e-05
5,-6.089596338492043e-03,1.264517709336729e-02,4.500000000000000e-05
5,-6.712336542053591e-03,1.232591681923128e-02,5.000000000000000e-05
5,-7.318388819361376e-03,1.197601237378464e-02,5.500000000000000e-05
5,-7.906246428963117e-03,1.159633367461045e-02,6.000000000000001e-05
5,-8.474447864217225e-03,1.118782466277786e-02,6.500000000000001e-05
5,-9.021580486828622e-03,1.075150095605583e-02,7.000000000000001e-05
5,-9.546284038890095e-03,1.028844732392739e-02,7.500000000000001e-05
5,-1.004725402469780e-02,9.799814990681725e-03,8.000000000000001e-05
5,-1.052324495393311e-02,9.286818773289258e-03,8.500000000000001e-05
5,-1.097307343814779e-02,8.750734061175209e-03,9.000000000000001e-05
5,-1.139562113285413e-02,8.192893645400557e-03,9.500000000000001e-05
5,-1.178983751790556e-02,7.614684405133468e-03,1.000000000000000e-04
5,-1.215474250925528e-02,7.017543859649122e-03,1.050000000000000e-04
5,-1.248942889559956e-02,6.402956594430360e-03,1.100000000000000e-04
5,-1.279306459384804e-02,5.772450570254197e-03,1.150000000000000e-04
5,-1.306489471781339e-02,5.127593324440629e-03,1.200000000000000e-04
5,-1.330424345497729e-02,4.469988073707853e-03,1.250000000000000e-04
5,-1.351051574666683e-02,3.801269728322883e-03,1.300000000000000e-04
5,-1.368319876746419e-02,3.123100827457046e-03,1.350000000000000e-04
5,-1.382186320017134e-02,2.437167405851653e-03,1.400000000000000e-04
5,-1.392616430316031e-02,1.745174802069970e-03,1.450000000000000e-04
5,-1.399584276745516e-02,1.048843418756837e-03,1.500000000000000e-04
5,-1.403072536141496e-02,3.499044454466400e-04,1.550000000000000e-04
5,-1.403072536141496e-02,-3.499044454466365e-04,1.600000000000000e-04
5,-1.399584276745516e-02,-1.048843418756834e-03,1.650000000000000e-04
5,-1.392616430316031e-02,-1.745174802069966e-03,1.700000000000000e-04
5,-1.382186320017134e-02,-2.437167405851650e-03,1.750000000000000e-04
5,-1.368319876746419e-02,-3.123100827457043e-03,1.800000000000000e-04
5,-1.351051574666683e-02,-3.801269728322879e-03,1.850000000000000e-04
5,-1.330424345497729e-02,-4.469988073707849e-03,1.900000000000000e-04
5,-1.306489471781340e-02,-5.127593324440626e-03,1.950000000000000e-04
5,-1.279306459384805e-02,-5.772450570254195e-03,2.000000000000000e-04
5,-1.248942889559956e-02,-6.402956594430351e-03,2.050000000000000e-04
5,-1.215474250925528e-02,-7.017543859649125e-03,2.100000000000000e-04
5,-1.178983751790556e-02,-7.614684405133464e-03,2.150000000000000e-04
5,-1.139562113285413e-02,-8.192893645400556e-03,2.200000000000000e-04
5,-1.097307343814779e-02,-8.750734061175205e-03,2.250000000000000e-04
5,-1.052324495393312e-02,-9.286818773289251e-03,2.300000000000000e-04
5,-1.004725402469780e-02,-9.799814990681721e-03,2.350000000000000e-04
5,-9.546284038890096e-03,-1.028844732392739e-02,2.400000000000000e-04
5,-9.021580486828624e-03,-1.075150095605583e-02,2.450000000000000e-04
5,-8.474447864217227e-03,-1.118782466277786e-02,2.500000000000000e-04
5,-7.906246428963124e-03,-1.159633367461045e-02,2.550000000000000e-04
5,-7.318388819361384e-03,-1.197601237378464e-02,2.600000000000000e-04
5,-6.712336542053593e-03,-1.232591681923128e-02,2.650000000000000e-04
5,-6.089596338492046e-03,-1.264517709336728e-02,2.700000000000000e-04
5,-5.451716438943083e-03,-1.293299946484783e-02,2.750000000000000e-04
5,-4.800282713342717e-03,-1.318866836190749e-02,2.800000000000000e-04
5,-4.136914728574101e-03,-1.341154815138443e-02,2.850000000000000e-04
5,-3.463261721969037e-03,-1.360108471900460e-02,2.900000000000000e-04
5,-2.780998501044178e-03,-1.375680684699711e-02,2.950000000000000e-04
5,-2.091821279665617e-03,-1.387832738561584e-02,3.000000000000000e-04
5,-1.397443460993926e-03,-1.396534421565476e-02,3.050000000000000e-04
5,-6.995913776940006e-04,-1.401764099956382e-02,3.100000000000000e-04
5,-2.578203787678638e-18,-1.403508771929825e-02,3.150000000000000e-04
5,6.995913776939955e-04,-1.401764099956382e-02,3.200000000000000e-04
5,1.397443460993921e-03,-1.396534421565476e-02,3.250000000000000e-04
5,2.091821279665612e-03,-1.387832738561584e-02,3.300000000000001e-04
5,2.780998501044173e-03,-1.375680684699711e-02,3.350000000000000e-04
5,3.463261721969032e-03,-1.360108471900460e-02,3.400000000000000e-04
5,4.136914728574084e-03,-1.341154815138444e-02,3.450000000000000e-04
5,4.800282713342711e-03,-1.318866836190749e-02,3.500000000000001e-04
5,5.451716438943079e-03,-1.293299946484783e-02,3.550000000000000e-04
5,6.089596338492042e-03,-1.264517709336729e-02,3.600000000000000e-04
5,6.712336542053589e-03,-1.232591681923128e-02,3.650000000000000e-04
5,7.318388819361379e-03,-1.197601237378464e-02,3.700000000000000e-04
5,7.906246428963121e-03,-1.159633367461045e-02,3.750000000000000e-04
5,8.474447864217223e-03,-1.118782466277786e-02,3.800000000000000e-04
5,9.021580486828622e-03,-1.075150095605583e-02,3.850000000000000e-04
5,9.546284038890089e-03,-1.028844732392739e-02,3.900000000000000e-04
5,1.004725402469780e-02,-9.799814990681730e-03,3.950000000000000e-04
5,1.052324495393311e-02,-9.286818773289260e-03,4.000000000000000e-04
5,1.097307343814779e-02,-8.750734061175210e-03,4.050000000000000e-04
5,1.139562113285412e-02,-8.192893645400569e-03,4.100000000000000e-04
5,1.178983751790556e-02,-7.614684405133462e-03,4.150000000000001e-04
5,1.215474250925528e-02,-7.017543859649119e-03,4.200000000000000e-04
5,1.248942889559956e-02,-6.402956594430361e-03,4.250000000000000e-04
5,1.279306459384804e-02,-5.772450570254199e-03,4.300000000000000e-04
5,1.306489471781339e-02,-5.127593324440642e-03,4.350000000000001e-04
5,1.330424345497729e-02,-4.469988073707860e-03,4.400000000000000e-04
5,1.351051574666684e-02,-3.801269728322872e-03,4.450000000000000e-04
5,1.368319876746419e-02,-3.123100827457048e-03,4.500000000000000e-04
5,1.382186320017134e-02,-2.437167405851654e-03,4.550000000000001e-04
5,1.392616430316031e-02,-1.745174802069977e-03,4.600000000000000e-04
5,1.399584276745516e-02,-1.048843418756839e-03,4.650000000000000e-04
5,1.403072536141496e-02,-3.499044454466417e-04,4.700000000000000e-04
5,1.403072536141496e-02,3.499044454466348e-04,4.750000000000001e-04
5,1.399584276745516e-02,1.048843418756832e-03,4.800000000000001e-04
5,1.392616430316031e-02,1.745174802069958e-03,4.850000000000000e-04
5,1.382186320017134e-02,2.437167405851648e-03,4.900000000000001e-04
5,1.368319876746419e-02,3.123100827457041e-03,4.950000000000000e-04
5,1.351051574666684e-02,3.801269728322878e-03,5.000000000000000e-04
5,1.330424345497729e-02,4.469988073707853e-03,5.050000000000000e-04
5,1.306489471781340e-02,5.127593324440624e-03,5.100000000000000e-04
5,1.279306459384805e-02,5.772450570254193e-03,5.150000000000000e-04
5,1.248942889559956e-02,6.402956594430355e-03,5.200000000000001e-04
5,1.215474250925528e-02,7.017543859649123e-03,5.250000000000001e-04
5,1.178983751790556e-02,7.614684405133468e-03,5.300000000000001e-04
5,1.139562113285413e-02,8.192893645400554e-03,5.350000000000000e-04
5,1.097307343814779e-02,8.750734061175205e-03,5.400000000000000e-04
5,1.052324495393312e-02,9.286818773289246e-03,5.450000000000000e-04
5,1.004725402469780e-02,9.799814990681726e-03,5.500000000000000e-04
5,9.546284038890093e-03,1.028844732392739e-02,5.550000000000000e-04
5,9.021580486828626e-03,1.075150095605583e-02,5.600000000000001e-04
5,8.474447864217229e-03,1.118782466277786e-02,5.650000000000001e-04
5,7.906246428963126e-03,1.159633367461045e-02,5.700000000000001e-04
5,7.318388819361374e-03,1.197601237378464e-02,5.750000000000001e-04
5,6.712336542053595e-03,1.232591681923128e-02,5.800000000000000e-04
5,6.089596338492048e-03,1.264517709336728e-02,5.850000000000000e-04
5,5.451716438943085e-03,1.293299946484783e-02,5.900000000000000e-04
5,4.800282713342730e-03,1.318866836190748e-02,5.950000000000000e-04
5,4.136914728574102e-03,1.341154815138443e-02,6.000000000000001e-04
5,3.463261721969039e-03,1.360108471900460e-02,6.050000000000001e-04
5,2.780998501044179e-03,1.375680684699711e-02,6.100000000000001e-04
5,2.091821279665606e-03,1.387832738561584e-02,6.150000000000001e-04
5,1.397443460993928e-03,1.396534421565476e-02,6.200000000000000e-04
5,6.995913776940023e-04,1.401764099956382e-02,6.250000000000000e-04
6,0.000000000000000e+00,1.754385964912281e-02,0.000000000000000e+00
6,-8.744892221174925e-04,1.752205124945478e-02,5.000000000000000e-06
6,-1.746804326242395e-03,1.745668026956845e-02,1.000000000000000e-05
6,-2.614776599582005e-03,1.734790923201980e-02,1.500000000000000e-05
6,-3.476248126305218e-03,1.719600855874638e-02,2.000000000000000e-05
6,-4.329077152461292e-03,1.700135589875575e-02,2.500000000000000e-05
6,-5.171143410717617e-03,1.676443518923054e-02,3.000000000000000e-05
6,-6.000353391678398e-03,1.648583545238436e-02,3.500000000000000e-05
6,-6.814645548678853e-03,1.616624933105978e-02,4.000000000000000e-05
6,-7.611995423115053e-03,1.580647136670911e-02,4.500000000000000e-05
6,-8.390420677566988e-03,1.540739602403909e-02,5.000000000000000e-05
6,-9.147986024201719e-03,1.497001546723080e-02,5.500000000000000e-05
6,-9.882808036203896e-03,1.449541709326307e-02,6.000000000000001e-05
6,-1.059305983027153e-02,1.398478082847233e-02,6.500000000000001e-05
6,-1.127697560853578e-02,1.343937619506979e-02,7.000000000000001e-05
6,-1.193285504861262e-02,1.286055915490924e-02,7.500000000000001e-05
6,-1.255906753087225e-02,1.224976873835215e-02,8.000000000000001e-05
6,-1.315405619241639e-02,1.160852346661157e-02,8.500000000000001e-05
6,-1.371634179768473e-02,1.093841757646901e-02,9.000000000000001e-05
6,-1.424452641606766e-02,1.024111705675070e-02,9.500000000000001e-05
6,-1.473729689738195e-02,9.518355506416833e-03,1.000000000000000e-04
6,-1.519342813656910e-02,8.771929824561401e-03,1.050000000000000e-04
6,-1.561178611949945e-02,8.003695743037949e-03,1.100000000000000e-04
6,-1.599133074231006e-02,7.215563212817746e-03,1.150000000000000e-04
6,-1.633111839726674e-02,6.409491655550786e-03,1.200000000000000e-04
6,-1.663030431872161e-02,5.587485092134815e-03,1.250000000000000e-04
6,-1.688814468333354e-02,4.751587160403604e-03,1.300000000000000e-04
6,-1.710399845933024e-02,3.903876034321307e-03,1.350000000000000e-04
6,-1.727732900021417e-02,3.046459257314566e-03,1.400000000000000e-04
6,-1.740770537895039e-02,2.181468502587462e-03,1.450000000000000e-04
6,-1.749480345931895e-02,1.311054273446047e-03,1.500000000000000e-04
6,-1.753840670176871e-02,4.373805568082999e-04,1.550000000000000e-04
6,-1.753840670176871e-02,-4.373805568082956e-04,1.600000000000000e-04
6,-1.749480345931895e-02,-1.311054273446042e-03,1.650000000000000e-04
6,-1.740770537895039e-02,-2.181468502587458e-03,1.700000000000000e-04
6,-1.727732900021418e-02,-3.046459257314562e-03,1.750000000000000e-04
6,-1.710399845933024e-02,-3.903876034321303e-03,1.800000000000000e-04
6,-1.688814468333354e-02,-4.751587160403599e-03,1.850000000000000e-04
6,-1.663030431872161e-02,-5.587485092134812e-03,1.900000000000000e-04
6,-1.633111839726674e-02,-6.409491655550782e-03,1.950000000000000e-04
6,-1.599133074231006e-02,-7.215563212817742e-03,2.000000000000000e-04
6,-1.561178611949945e-02,-8.003695743037938e-03,2.050000000000000e-04
6,-1.519342813656910e-02,-8.771929824561405e-03,2.100000000000000e-04
6,-1.473729689738196e-02,-9.518355506416830e-03,2.150000000000000e-04
6,-1.424452641606766e-02,-1.024111705675070e-02,2.200000000000000e-04
6,-1.371634179768473e-02,-1.093841757646901e-02,2.250000000000000e-04
6,-1.315405619241639e-02,-1.160852346661156e-02,2.300000000000000e-04
6,-1.255906753087225e-02,-1.224976873835215e-02,2.350000000000000e-04
6,-1.193285504861262e-02,-1.286055915490923e-02,2.400000000000000e-04
6,-1.127697560853578e-02,-1.343937619506979e-02,2.450000000000000e-04
6,-1.059305983027153e-02,-1.398478082847232e-02,2.500000000000000e-04
6,-9.882808036203904e-03,-1.449541709326306e-02,2.550000000000000e-04
6,-9.147986024201728e-03,-1.497001546723080e-02,2.600000000000000e-04
6,-8.390420677566991e-03,-1.540739602403909e-02,2.650000000000000e-04
6,-7.611995423115058e-03,-1.580647136670911e-02,2.700000000000000e-04
6,-6.814645548678853e-03,-1.616624933105978e-02,2.750000000000000e-04
6,-6.000353391678395e-03,-1.648583545238436e-02,2.800000000000000e-04
6,-5.171143410717625e-03,-1.676443518923054e-02,2.850000000000000e-04
6,-4.329077152461296e-03,-1.700135589875575e-02,2.900000000000000e-04
6,-3.476248126305222e-03,-1.719600855874638e-02,2.950000000000000e-04
6,-2.614776599582021e-03,-1.734790923201980e-02,3.000000000000000e-04
6,-1.746804326242407e-03,-1.745668026956844e-02,3.050000000000000e-04
6,-8.744892221175007e-04,-1.752205124945478e-02,3.100000000000000e-04
6,-3.222754734598297e-18,-1.754385964912281e-02,3.150000000000000e-04
6,8.744892221174943e-04,-1.752205124945478e-02,3.200000000000000e-04
6,1.746804326242401e-03,-1.745668026956845e-02,3.250000000000000e-04
6,2.614776599582014e-03,-1.734790923201980e-02,3.300000000000001e-04
6,3.476248126305216e-03,-1.719600855874638e-02,3.350000000000000e-04
6,4.329077152461290e-03,-1.700135589875575e-02,3.400000000000000e-04
6,5.171143410717604e-03,-1.676443518923054e-02,3.450000000000000e-04
6,6.000353391678388e-03,-1.648583545238436e-02,3.500000000000001e-04
6,6.814645548678848e-03,-1.616624933105978e-02,3.550000000000000e-04
6,7.611995423115052e-03,-1.580647136670911e-02,3.600000000000000e-04
6,8.390420677566986e-03,-1.540739602403910e-02,3.650000000000000e-04
6,9.147986024201723e-03,-1.497001546723080e-02,3.700000000000000e-04
6,9.882808036203901e-03,-1.449541709326306e-02,3.750000000000000e-04
6,1.059305983027153e-02,-1.398478082847233e-02,3.800000000000000e-04
6,1.127697560853578e-02,-1.343937619506979e-02,3.850000000000000e-04
6,1.193285504861261e-02,-1.286055915490924e-02,3.900000000000000e-04
6,1.255906753087225e-02,-1.224976873835216e-02,3.950000000000000e-04
6,1.315405619241638e-02,-1.160852346661157e-02,4.000000000000000e-04
6,1.371634179768473e-02,-1.093841757646901e-02,4.050000000000000e-04
6,1.424452641606765e-02,-1.024111705675071e-02,4.100000000000000e-04
6,1.473729689738196e-02,-9.518355506416828e-03,4.150000000000001e-04
6,1.519342813656910e-02,-8.771929824561398e-03,4.200000000000000e-04
6,1.561178611949945e-02,-8.003695743037951e-03,4.250000000000000e-04
6,1.599133074231006e-02,-7.215563212817748e-03,4.300000000000000e-04
6,1.633111839726674e-02,-6.409491655550803e-03,4.350000000000001e-04
6,1.663030431872161e-02,-5.587485092134825e-03,4.400000000000000e-04
6,1.688814468333355e-02,-4.751587160403590e-03,4.450000000000000e-04
6,1.710399845933024e-02,-3.903876034321309e-03,4.500000000000000e-04
6,1.727732900021417e-02,-3.046459257314568e-03,4.550000000000001e-04
6,1.740770537895038e-02,-2.181468502587472e-03,4.600000000000000e-04
6,1.749480345931895e-02,-1.311054273446049e-03,4.650000000000000e-04
6,1.753840670176871e-02,-4.373805568083021e-04,4.700000000000000e-04
6,1.753840670176871e-02,4.373805568082934e-04,4.750000000000001e-04
6,1.749480345931895e-02,1.311054273446040e-03,4.800000000000001e-04
6,1.740770537895039e-02,2.181468502587448e-03,4.850000000000000e-04
6,1.727732900021418e-02,3.046459257314560e-03,4.900000000000001e-04
6,1.710399845933024e-02,3.903876034321301e-03,4.950000000000000e-04
6,1.688814468333355e-02,4.751587160403597e-03,5.000000000000000e-04
6,1.663030431872161e-02,5.587485092134816e-03,5.050000000000000e-04
6,1.633111839726674e-02,6.409491655550780e-03,5.100000000000000e-04
6,1.599133074231006e-02,7.215563212817740e-03,5.150000000000000e-04
6,1.561178611949945e-02,8.003695743037944e-03,5.200000000000001e-04
6,1.519342813656910e-02,8.771929824561403e-03,5.250000000000001e-04
6,1.473729689738195e-02,9.518355506416833e-03,5.300000000000001e-04
6,1.424452641606766e-02,1.024111705675069e-02,5.350000000000000e-04
6,1.371634179768474e-02,1.093841757646901e-02,5.400000000000000e-04
6,1.315405619241640e-02,1.160852346661156e-02,5.450000000000000e-04
6,1.255906753087225e-02,1.224976873835216e-02,5.500000000000000e-04
6,1.193285504861262e-02,1.286055915490924e-02,5.550000000000000e-04
6,1.127697560853578e-02,1.343937619506978e-02,5.600000000000001e-04
6,1.059305983027153e-02,1.398478082847232e-02,5.650000000000001e-04
6,9.882808036203908e-03,1.449541709326306e-02,5.700000000000001e-04
6,9.147986024201717e-03,1.497001546723080e-02,5.750000000000001e-04
6,8.390420677566993e-03,1.540739602403909e-02,5.800000000000000e-04
6,7.611995423115059e-03,1.580647136670911e-02,5.850000000000000e-04
6,6.814645548678856e-03,1.616624933105978e-02,5.900000000000000e-04
6,6.000353391678412e-03,1.648583545238435e-02,5.950000000000000e-04
6,5.171143410717627e-03,1.676443518923054e-02,6.000000000000001e-04
6,4.329077152461299e-03,1.700135589875575e-02,6.050000000000001e-04
6,3.476248126305224e-03,1.719600855874638e-02,6.100000000000001e-04
6,2.614776599582008e-03,1.734790923201980e-02,6.150000000000001e-04
6,1.746804326242410e-03,1.745668026956844e-02,6.200000000000000e-04
6,8.744892221175028e-04,1.752205124945478e-02,6.250000000000000e-04
7,0.000000000000000e+00,2.105263157894737e-02,0.000000000000000e+00
7,-1.049387066540991e-03,2.102646149934573e-02,5.000000000000000e-06
7,-2.096165191490874e-03,2.094801632348213e-02,1.000000000000000e-05
7,-3.137731919498406e-03,2.081749107842376e-02,1.500000000000000e-05
7,-4.171497751566261e-03,2.063521027049566e-02,2.000000000000000e-05
7,-5.194892582953551e-03,2.040162707850690e-02,2.500000000000000e-05
7,-6.205372092861141e-03,2.011732222707665e-02,3.000000000000000e-05
7,-7.200424070014078e-03,1.978300254286123e-02,3.500000000000000e-05
7,-8.177574658414625e-03,1.939949919727174e-02,4.000000000000000e-05
7,-9.134394507738064e-03,1.896776564005093e-02,4.500000000000000e-05
7,-1.006850481308038e-02,1.848887522884692e-02,5.000000000000000e-05
7,-1.097758322904206e-02,1.796401856067696e-02,5.500000000000000e-05
7,-1.185936964344467e-02,1.739450051191568e-02,6.000000000000001e-05
7,-1.271167179632584e-02,1.678173699416679e-02,6.500000000000001e-05
7,-1.353237073024293e-02,1.612725143408375e-02,7.000000000000001e-05
7,-1.431942605833514e-02,1.543267098589108e-02,7.500000000000001e-05
7,-1.507088103704670e-02,1.469972248602259e-02,8.000000000000001e-05
7,-1.578486743089966e-02,1.393022815993389e-02,8.500000000000001e-05
7,-1.645961015722168e-02,1.312610109176281e-02,9.000000000000001e-05
7,-1.709343169928119e-02,1.228934046810084e-02,9.500000000000001e-05
7,-1.768475627685834e-02,1.142202660770020e-02,1.000000000000000e-04
7,-1.823211376388292e-02,1.052631578947368e-02,1.050000000000000e-04
7,-1.873414334339934e-02,9.604434891645539e-03,1.100000000000000e-04
7,-1.918959689077207e-02,8.658675855381296e-03,1.150000000000000e-04
7,-1.959734207672009e-02,7.691389986660944e-03,1.200000000000000e-04
7,-1.995636518246593e-02,6.704982110561778e-03,1.250000000000000e-04
7,-2.026577362000025e-02,5.701904592484325e-03,1.300000000000000e-04
7,-2.052479815119629e-02,4.684651241185569e-03,1.350000000000000e-04
7,-2.073279480025701e-02,3.655751108777479e-03,1.400000000000000e-04
7,-2.088924645474046e-02,2.617762203104954e-03,1.450000000000000e-04
7,-2.099376415118274e-02,1.573265128135256e-03,1.500000000000000e-04
7,-2.104608804212245e-02,5.248566681699599e-04,1.550000000000000e-04
7,-2.104608804212245e-02,-5.248566681699548e-04,1.600000000000000e-04
7,-2.099376415118274e-02,-1.573265128135251e-03,1.650000000000000e-04
7,-2.088924645474046e-02,-2.617762203104949e-03,1.700000000000000e-04
7,-2.073279480025701e-02,-3.655751108777474e-03,1.750000000000000e-04
7,-2.052479815119629e-02,-4.684651241185563e-03,1.800000000000000e-04
7,-2.026577362000025e-02,-5.701904592484319e-03,1.850000000000000e-04
7,-1.995636518246593e-02,-6.704982110561774e-03,1.900000000000000e-04
7,-1.959734207672009e-02,-7.691389986660939e-03,1.950000000000000e-04
7,-1.918959689077207e-02,-8.658675855381291e-03,2.000000000000000e-04
7,-1.873414334339935e-02,-9.604434891645527e-03,2.050000000000000e-04
7,-1.823211376388292e-02,-1.052631578947369e-02,2.100000000000000e-04
7,-1.768475627685835e-02,-1.142202660770020e-02,2.150000000000000e-04
7,-1.709343169928119e-02,-1.228934046810083e-02,2.200000000000000e-04
7,-1.645961015722168e-02,-1.312610109176281e-02,2.250000000000000e-04
7,-1.578486743089967e-02,-1.393022815993388e-02,2.300000000000000e-04
7,-1.507088103704671e-02,-1.469972248602258e-02,2.350000000000000e-04
7,-1.431942605833514e-02,-1.543267098589108e-02,2.400000000000000e-04
7,-1.353237073024294e-02,-1.612725143408374e-02,2.450000000000000e-04
7,-1.271167179632584e-02,-1.678173699416679e-02,2.500000000000000e-04
7,-1.185936964344469e-02,-1.739450051191567e-02,2.550000000000000e-04
7,-1.097758322904207e-02,-1.796401856067695e-02,2.600000000000000e-04
7,-1.006850481308039e-02,-1.848887522884691e-02,2.650000000000000e-04
7,-9.134394507738069e-03,-1.896776564005093e-02,2.700000000000000e-04
7,-8.177574658414625e-03,-1.939949919727174e-02,2.750000000000000e-04
7,-7.200424070014075e-03,-1.978300254286123e-02,2.800000000000000e-04
7,-6.205372092861151e-03,-2.011732222707664e-02,2.850000000000000e-04
7,-5.194892582953556e-03,-2.040162707850690e-02,2.900000000000000e-04
7,-4.171497751566266e-03,-2.063521027049566e-02,2.950000000000000e-04
7,-3.137731919498426e-03,-2.081749107842375e-02,3.000000000000000e-04
7,-2.096165191490889e-03,-2.094801632348213e-02,3.050000000000000e-04
7,-1.049387066541001e-03,-2.102646149934573e-02,3.100000000000000e-04
7,-3.867305681517957e-18,-2.105263157894737e-02,3.150000000000000e-04
7,1.049387066540993e-03,-2.102646149934573e-02,3.200000000000000e-04
7,2.096165191490881e-03,-2.094801632348213e-02,3.250000000000000e-04
7,3.137731919498417e-03,-2.081749107842376e-02,3.300000000000001e-04
7,4.171497751566259e-03,-2.063521027049566e-02,3.350000000000000e-04
7,5.194892582953548e-03,-2.040162707850690e-02,3.400000000000000e-04
7,6.205372092861126e-03,-2.011732222707665e-02,3.450000000000000e-04
7,7.200424070014066e-03,-1.978300254286123e-02,3.500000000000001e-04
7,8.177574658414618e-03,-1.939949919727174e-02,3.550000000000000e-04
7,9.134394507738062e-03,-1.896776564005093e-02,3.600000000000000e-04
7,1.006850481308038e-02,-1.848887522884692e-02,3.650000000000000e-04
7,1.097758322904207e-02,-1.796401856067696e-02,3.700000000000000e-04
7,1.185936964344468e-02,-1.739450051191568e-02,3.750000000000000e-04
7,1.271167179632583e-02,-1.678173699416679e-02,3.800000000000000e-04
7,1.353237073024293e-02,-1.612725143408375e-02,3.850000000000000e-04
7,1.431942605833513e-02,-1.543267098589109e-02,3.900000000000000e-04
7,1.507088103704670e-02,-1.469972248602260e-02,3.950000000000000e-04
7,1.578486743089966e-02,-1.393022815993389e-02,4.000000000000000e-04
7,1.645961015722168e-02,-1.312610109176281e-02,4.050000000000000e-04
7,1.709343169928118e-02,-1.228934046810085e-02,4.100000000000000e-04
7,1.768475627685835e-02,-1.142202660770019e-02,4.150000000000001e-04
7,1.823211376388292e-02,-1.052631578947368e-02,4.200000000000000e-04
7,1.873414334339933e-02,-9.604434891645542e-03,4.250000000000000e-04
7,1.918959689077207e-02,-8.658675855381298e-03,4.300000000000000e-04
7,1.959734207672008e-02,-7.691389986660963e-03,4.350000000000001e-04
7,1.995636518246593e-02,-6.704982110561791e-03,4.400000000000000e-04
7,2.026577362000026e-02,-5.701904592484309e-03,4.450000000000000e-04
7,2.052479815119629e-02,-4.684651241185571e-03,4.500000000000000e-04
7,2.073279480025701e-02,-3.655751108777482e-03,4.550000000000001e-04
7,2.088924645474046e-02,-2.617762203104966e-03,4.600000000000000e-04
7,2.099376415118274e-02,-1.573265128135259e-03,4.650000000000000e-04
7,2.104608804212245e-02,-5.248566681699625e-04,4.700000000000000e-04
7,2.104608804212245e-02,5.248566681699522e-04,4.750000000000001e-04
7,2.099376415118274e-02,1.573265128135248e-03,4.800000000000001e-04
7,2.088924645474047e-02,2.617762203104937e-03,4.850000000000000e-04
7,2.073279480025701e-02,3.655751108777472e-03,4.900000000000001e-04
7,2.052479815119629e-02,4.684651241185562e-03,4.950000000000000e-04
7,2.026577362000026e-02,5.701904592484317e-03,5.000000000000000e-04
7,1.995636518246593e-02,6.704982110561779e-03,5.050000000000000e-04
7,1.959734207672009e-02,7.691389986660936e-03,5.100000000000000e-04
7,1.918959689077207e-02,8.658675855381289e-03,5.150000000000000e-04
7,1.873414334339934e-02,9.604434891645532e-03,5.200000000000001e-04
7,1.823211376388292e-02,1.052631578947368e-02,5.250000000000001e-04
7,1.768475627685834e-02,1.142202660770020e-02,5.300000000000001e-04
7,1.709343169928119e-02,1.228934046810083e-02,5.350000000000000e-04
7,1.645961015722168e-02,1.312610109176281e-02,5.400000000000000e-04
7,1.578486743089968e-02,1.393022815993387e-02,5.450000000000000e-04
7,1.507088103704670e-02,1.469972248602259e-02,5.500000000000000e-04
7,1.431942605833514e-02,1.543267098589108e-02,5.550000000000000e-04
7,1.353237073024294e-02,1.612725143408374e-02,5.600000000000001e-04
7,1.271167179632584e-02,1.678173699416679e-02,5.650000000000001e-04
7,1.185936964344469e-02,1.739450051191567e-02,5.700000000000001e-04
7,1.097758322904206e-02,1.796401856067696e-02,5.750000000000001e-04
7,1.006850481308039e-02,1.848887522884691e-02,5.800000000000000e-04
7,9.134394507738071e-03,1.896776564005093e-02,5.850000000000000e-04
7,8.177574658414627e-03,1.939949919727174e-02,5.900000000000000e-04
7,7.200424070014095e-03,1.978300254286122e-02,5.950000000000000e-04
7,6.205372092861153e-03,2.011732222707664e-02,6.000000000000001e-04
7,5.194892582953558e-03,2.040162707850690e-02,6.050000000000001e-04
7,4.171497751566269e-03,2.063521027049566e-02,6.100000000000001e-04
7,3.137731919498409e-03,2.081749107842376e-02,6.150000000000001e-04
7,2.096165191490892e-03,2.094801632348213e-02,6.200000000000000e-04
7,1.049387066541003e-03,2.102646149934573e-02,6.250000000000000e-04
8,0.000000000000000e+00,2.456140350877193e-02,0.000000000000000e+00
8,-1.224284910964490e-03,2.453087174923669e-02,5.000000000000000e-06
8,-2.445526056739354e-03,2.443935237739582e-02,1.000000000000000e-05
8,-3.660687239414808e-03,2.428707292482772e-02,1.500000000000000e-05
8,-4.866747376827305e-03,2.407441198224494e-02,2.000000000000000e-05
8,-6.060708013445809e-03,2.380189825825806e-02,2.500000000000000e-05
8,-7.239600775004665e-03,2.347020926492275e-02,3.000000000000000e-05
8,-8.400494748349759e-03,2.308016963333810e-02,3.500000000000000e-05
8,-9.540503768150396e-03,2.263274906348369e-02,4.000000000000000e-05
8,-1.065679359236107e-02,2.212905991339275e-02,4.500000000000000e-05
8,-1.174658894859378e-02,2.157035443365473e-02,5.000000000000000e-05
8,-1.280718043388241e-02,2.095802165412312e-02,5.500000000000000e-05
8,-1.383593125068545e-02,2.029358393056829e-02,6.000000000000001e-05
8,-1.483028376238014e-02,1.957869315986126e-02,6.500000000000001e-05
8,-1.578776585195009e-02,1.881512667309770e-02,7.000000000000001e-05
8,-1.670599706805767e-02,1.800478281687293e-02,7.500000000000001e-05
8,-1.758269454322115e-02,1.714967623369302e-02,8.000000000000001e-05
8,-1.841567866938294e-02,1.625193285325620e-02,8.500000000000001e-05
8,-1.920287851675863e-02,1.531378460705662e-02,9.000000000000001e-05
8,-1.994233698249472e-02,1.433756387945098e-02,9.500000000000001e-05
8,-2.063221565633474e-02,1.332569770898357e-02,1.000000000000000e-04
8,-2.127079939119674e-02,1.228070175438596e-02,1.050000000000000e-04
8,-2.185650056729923e-02,1.120517404025313e-02,1.100000000000000e-04
8,-2.238786303923408e-02,1.010178849794485e-02,1.150000000000000e-04
8,-2.286356575617344e-02,8.973288317771101e-03,1.200000000000000e-04
8,-2.328242604621025e-02,7.822479128988742e-03,1.250000000000000e-04
8,-2.364340255666696e-02,6.652222024565046e-03,1.300000000000000e-04
8,-2.394559784306233e-02,5.465426448049830e-03,1.350000000000000e-04
8,-2.418826060029985e-02,4.265042960240393e-03,1.400000000000000e-04
8,-2.437078753053054e-02,3.054055903622447e-03,1.450000000000000e-04
8,-2.449272484304653e-02,1.835475982824466e-03,1.500000000000000e-04
8,-2.455376938247619e-02,6.123327795316200e-04,1.550000000000000e-04
8,-2.455376938247619e-02,-6.123327795316139e-04,1.600000000000000e-04
8,-2.449272484304653e-02,-1.835475982824459e-03,1.650000000000000e-04
8,-2.437078753053054e-02,-3.054055903622441e-03,1.700000000000000e-04
8,-2.418826060029985e-02,-4.265042960240386e-03,1.750000000000000e-04
8,-2.394559784306233e-02,-5.465426448049824e-03,1.800000000000000e-04
8,-2.364340255666696e-02,-6.652222024565039e-03,1.850000000000000e-04
8,-2.328242604621026e-02,-7.822479128988737e-03,1.900000000000000e-04
8,-2.286356575617344e-02,-8.973288317771095e-03,1.950000000000000e-04
8,-2.238786303923408e-02,-1.010178849794484e-02,2.000000000000000e-04
8,-2.185650056729924e-02,-1.120517404025312e-02,2.050000000000000e-04
8,-2.127079939119674e-02,-1.228070175438597e-02,2.100000000000000e-04
8,-2.063221565633474e-02,-1.332569770898356e-02,2.150000000000000e-04
8,-1.994233698249473e-02,-1.433756387945097e-02,2.200000000000000e-04
8,-1.920287851675863e-02,-1.531378460705661e-02,2.250000000000000e-04
8,-1.841567866938295e-02,-1.625193285325619e-02,2.300000000000000e-04
8,-1.758269454322116e-02,-1.714967623369301e-02,2.350000000000000e-04
8,-1.670599706805767e-02,-1.800478281687293e-02,2.400000000000000e-04
8,-1.578776585195009e-02,-1.881512667309770e-02,2.450000000000000e-04
8,-1.483028376238015e-02,-1.957869315986125e-02,2.500000000000000e-04
8,-1.383593125068547e-02,-2.029358393056829e-02,2.550000000000000e-04
8,-1.280718043388242e-02,-2.095802165412311e-02,2.600000000000000e-04
8,-1.174658894859379e-02,-2.157035443365473e-02,2.650000000000000e-04
8,-1.065679359236108e-02,-2.212905991339275e-02,2.700000000000000e-04
8,-9.540503768150396e-03,-2.263274906348369e-02,2.750000000000000e-04
8,-8.400494748349753e-03,-2.308016963333810e-02,2.800000000000000e-04
8,-7.239600775004676e-03,-2.347020926492275e-02,2.850000000000000e-04
8,-6.060708013445815e-03,-2.380189825825805e-02,2.900000000000000e-04
8,-4.866747376827311e-03,-2.407441198224494e-02,2.950000000000000e-04
8,-3.660687239414830e-03,-2.428707292482771e-02,3.000000000000000e-04
8,-2.445526056739371e-03,-2.443935237739582e-02,3.050000000000000e-04
8,-1.224284910964501e-03,-2.453087174923669e-02,3.100000000000000e-04
8,-4.511856628437617e-18,-2.456140350877193e-02,3.150000000000000e-04
8,1.224284910964492e-03,-2.453087174923669e-02,3.200000000000000e-04
8,2.445526056739362e-03,-2.443935237739582e-02,3.250000000000000e-04
8,3.660687239414821e-03,-2.428707292482772e-02,3.300000000000001e-04
8,4.866747376827302e-03,-2.407441198224494e-02,3.350000000000000e-04
8,6.060708013445806e-03,-2.380189825825806e-02,3.400000000000000e-04
8,7.239600775004647e-03,-2.347020926492276e-02,3.450000000000000e-04
8,8.400494748349745e-03,-2.308016963333811e-02,3.500000000000001e-04
8,9.540503768150388e-03,-2.263274906348370e-02,3.550000000000000e-04
8,1.065679359236107e-02,-2.212905991339275e-02,3.600000000000000e-04
8,1.174658894859378e-02,-2.157035443365474e-02,3.650000000000000e-04
8,1.280718043388241e-02,-2.095802165412312e-02,3.700000000000000e-04
8,1.383593125068546e-02,-2.029358393056829e-02,3.750000000000000e-04
8,1.483028376238014e-02,-1.957869315986126e-02,3.800000000000000e-04
8,1.578776585195009e-02,-1.881512667309771e-02,3.850000000000000e-04
8,1.670599706805765e-02,-1.800478281687294e-02,3.900000000000000e-04
8,1.758269454322114e-02,-1.714967623369303e-02,3.950000000000000e-04
8,1.841567866938294e-02,-1.625193285325621e-02,4.000000000000000e-04
8,1.920287851675863e-02,-1.531378460705662e-02,4.050000000000000e-04
8,1.994233698249471e-02,-1.433756387945100e-02,4.100000000000000e-04
8,2.063221565633474e-02,-1.332569770898356e-02,4.150000000000001e-04
8,2.127079939119674e-02,-1.228070175438596e-02,4.200000000000000e-04
8,2.185650056729923e-02,-1.120517404025313e-02,4.250000000000000e-04
8,2.238786303923408e-02,-1.010178849794485e-02,4.300000000000000e-04
8,2.286356575617343e-02,-8.973288317771125e-03,4.350000000000001e-04
8,2.328242604621025e-02,-7.822479128988756e-03,4.400000000000000e-04
8,2.364340255666697e-02,-6.652222024565027e-03,4.450000000000000e-04
8,2.394559784306233e-02,-5.465426448049833e-03,4.500000000000000e-04
8,2.418826060029985e-02,-4.265042960240395e-03,4.550000000000001e-04
8,2.437078753053054e-02,-3.054055903622461e-03,4.600000000000000e-04
8,2.449272484304653e-02,-1.835475982824469e-03,4.650000000000000e-04
8,2.455376938247619e-02,-6.123327795316229e-04,4.700000000000000e-04
8,2.455376938247619e-02,6.123327795316109e-04,4.750000000000001e-04
8,2.449272484304653e-02,1.835475982824456e-03,4.800000000000001e-04
8,2.437078753053054e-02,3.054055903622427e-03,4.850000000000000e-04
8,2.418826060029985e-02,4.265042960240384e-03,4.900000000000001e-04
8,2.394559784306233e-02,5.465426448049822e-03,4.950000000000000e-04
8,2.364340255666696e-02,6.652222024565037e-03,5.000000000000000e-04
8,2.328242604621025e-02,7.822479128988744e-03,5.050000000000000e-04
8,2.286356575617344e-02,8.973288317771092e-03,5.100000000000000e-04
8,2.238786303923408e-02,1.010178849794484e-02,5.150000000000000e-04
8,2.185650056729923e-02,1.120517404025312e-02,5.200000000000001e-04
8,2.127079939119674e-02,1.228070175438596e-02,5.250000000000001e-04
8,2.063221565633473e-02,1.332569770898357e-02,5.300000000000001e-04
8,1.994233698249473e-02,1.433756387945097e-02,5.350000000000000e-04
8,1.920287851675863e-02,1.531378460705661e-02,5.400000000000000e-04
8,1.841567866938296e-02,1.625193285325618e-02,5.450000000000000e-04
8,1.758269454322115e-02,1.714967623369302e-02,5.500000000000000e-04
8,1.670599706805766e-02,1.800478281687293e-02,5.550000000000000e-04
8,1.578776585195010e-02,1.881512667309770e-02,5.600000000000001e-04
8,1.483028376238015e-02,1.957869315986125e-02,5.650000000000001e-04
8,1.383593125068547e-02,2.029358393056828e-02,5.700000000000001e-04
8,1.280718043388240e-02,2.095802165412312e-02,5.750000000000001e-04
8,1.174658894859379e-02,2.157035443365473e-02,5.800000000000000e-04
8,1.065679359236108e-02,2.212905991339275e-02,5.850000000000000e-04
8,9.540503768150398e-03,2.263274906348369e-02,5.900000000000000e-04
8,8.400494748349778e-03,2.308016963333809e-02,5.950000000000000e-04
8,7.239600775004678e-03,2.347020926492275e-02,6.000000000000001e-04
8,6.060708013445818e-03,2.380189825825805e-02,6.050000000000001e-04
8,4.866747376827314e-03,2.407441198224494e-02,6.100000000000001e-04
8,3.660687239414811e-03,2.428707292482772e-02,6.150000000000001e-04
8,2.445526056739374e-03,2.443935237739582e-02,6.200000000000000e-04
8,1.224284910964504e-03,2.453087174923669e-02,6.250000000000000e-04
9,0.000000000000000e+00,2.807017543859649e-02,0.000000000000000e+00
9,-1.399182755387988e-03,2.803528199912764e-02,5.000000000000000e-06
9,-2.794886921987833e-03,2.793068843130951e-02,1.000000000000000e-05
9,-4.183642559331209e-03,2.775665477123168e-02,1.500000000000000e-05
9,-5.561997002088349e-03,2.751361369399421e-02,2.000000000000000e-05
9,-6.926523443938068e-03,2.720216943800921e-02,2.500000000000000e-05
9,-8.273829457148189e-03,2.682309630276886e-02,3.000000000000000e-05
9,-9.600565426685437e-03,2.637733672381497e-02,3.500000000000000e-05
9,-1.090343287788617e-02,2.586599892969565e-02,4.000000000000000e-05
9,-1.217919267698409e-02,2.529035418673457e-02,4.500000000000000e-05
9,-1.342467308410718e-02,2.465183363846255e-02,5.000000000000000e-05
9,-1.463677763872275e-02,2.395202474756928e-02,5.500000000000000e-05
9,-1.581249285792623e-02,2.319266734922091e-02,6.000000000000001e-05
9,-1.694889572843445e-02,2.237564932555572e-02,6.500000000000001e-05
9,-1.804316097365724e-02,2.150300191211166e-02,7.000000000000001e-05
9,-1.909256807778019e-02,2.057689464785478e-02,7.500000000000001e-05
9,-2.009450804939561e-02,1.959962998136345e-02,8.000000000000001e-05
9,-2.104648990786622e-02,1.857363754657852e-02,8.500000000000001e-05
9,-2.194614687629557e-02,1.750146812235042e-02,9.000000000000001e-05
9,-2.279124226570825e-02,1.638578729080111e-02,9.500000000000001e-05
9,-2.357967503581113e-02,1.522936881026694e-02,1.000000000000000e-04
9,-2.430948501851056e-02,1.403508771929824e-02,1.050000000000000e-04
9,-2.497885779119912e-02,1.280591318886072e-02,1.100000000000000e-04
9,-2.558612918769609e-02,1.154490114050839e-02,1.150000000000000e-04
9,-2.612978943562679e-02,1.025518664888126e-02,1.200000000000000e-04
9,-2.660848690995457e-02,8.939976147415705e-03,1.250000000000000e-04
9,-2.702103149333367e-02,7.602539456645767e-03,1.300000000000000e-04
9,-2.736639753492838e-02,6.246201654914092e-03,1.350000000000000e-04
9,-2.764372640034268e-02,4.874334811703306e-03,1.400000000000000e-04
9,-2.785232860632062e-02,3.490349604139940e-03,1.450000000000000e-04
9,-2.799168553491032e-02,2.097686837513675e-03,1.500000000000000e-04
9,-2.806145072282993e-02,6.998088908932799e-04,1.550000000000000e-04
9,-2.806145072282993e-02,-6.998088908932730e-04,1.600000000000000e-04
9,-2.799168553491032e-02,-2.097686837513668e-03,1.650000000000000e-04
9,-2.785232860632062e-02,-3.490349604139932e-03,1.700000000000000e-04
9,-2.764372640034269e-02,-4.874334811703299e-03,1.750000000000000e-04
9,-2.736639753492838e-02,-6.246201654914085e-03,1.800000000000000e-04
9,-2.702103149333367e-02,-7.602539456645759e-03,1.850000000000000e-04
9,-2.660848690995458e-02,-8.939976147415698e-03,1.900000000000000e-04
9,-2.612978943562679e-02,-1.025518664888125e-02,1.950000000000000e-04
9,-2.558612918769609e-02,-1.154490114050839e-02,2.000000000000000e-04
9,-2.497885779119913e-02,-1.280591318886070e-02,2.050000000000000e-04
9,-2.430948501851056e-02,-1.403508771929825e-02,2.100000000000000e-04
9,-2.357967503581113e-02,-1.522936881026693e-02,2.150000000000000e-04
9,-2.279124226570826e-02,-1.638578729080111e-02,2.200000000000000e-04
9,-2.194614687629558e-02,-1.750146812235041e-02,2.250000000000000e-04
9,-2.104648990786623e-02,-1.857363754657850e-02,2.300000000000000e-04
9,-2.009450804939561e-02,-1.959962998136344e-02,2.350000000000000e-04
9,-1.909256807778019e-02,-2.057689464785478e-02,2.400000000000000e-04
9,-1.804316097365725e-02,-2.150300191211166e-02,2.450000000000000e-04
9,-1.694889572843445e-02,-2.237564932555572e-02,2.500000000000000e-04
9,-1.581249285792625e-02,-2.319266734922090e-02,2.550000000000000e-04
9,-1.463677763872277e-02,-2.395202474756927e-02,2.600000000000000e-04
9,-1.342467308410719e-02,-2.465183363846255e-02,2.650000000000000e-04
9,-1.217919267698409e-02,-2.529035418673457e-02,2.700000000000000e-04
9,-1.090343287788617e-02,-2.586599892969565e-02,2.750000000000000e-04
9,-9.600565426685434e-03,-2.637733672381497e-02,2.800000000000000e-04
9,-8.273829457148201e-03,-2.682309630276886e-02,2.850000000000000e-04
9,-6.926523443938074e-03,-2.720216943800920e-02,2.900000000000000e-04
9,-5.561997002088355e-03,-2.751361369399421e-02,2.950000000000000e-04
9,-4.183642559331235e-03,-2.775665477123167e-02,3.000000000000000e-04
9,-2.794886921987852e-03,-2.793068843130951e-02,3.050000000000000e-04
9,-1.399182755388001e-03,-2.803528199912764e-02,3.100000000000000e-04
9,-5.156407575357276e-18,-2.807017543859649e-02,3.150000000000000e-04
9,1.399182755387991e-03,-2.803528199912764e-02,3.200000000000000e-04
9,2.794886921987842e-03,-2.793068843130951e-02,3.250000000000000e-04
9,4.183642559331223e-03,-2.775665477123168e-02,3.300000000000001e-04
9,5.561997002088345e-03,-2.751361369399422e-02,3.350000000000000e-04
9,6.926523443938065e-03,-2.720216943800921e-02,3.400000000000000e-04
9,8.273829457148168e-03,-2.682309630276887e-02,3.450000000000000e-04
9,9.600565426685422e-03,-2.637733672381498e-02,3.500000000000001e-04
9,1.090343287788616e-02,-2.586599892969566e-02,3.550000000000000e-04
9,1.217919267698408e-02,-2.529035418673458e-02,3.600000000000000e-04
9,1.342467308410718e-02,-2.465183363846256e-02,3.650000000000000e-04
9,1.463677763872276e-02,-2.395202474756928e-02,3.700000000000000e-04
9,1.581249285792624e-02,-2.319266734922090e-02,3.750000000000000e-04
9,1.694889572843445e-02,-2.237564932555572e-02,3.800000000000000e-04
9,1.804316097365724e-02,-2.150300191211167e-02,3.850000000000000e-04
9,1.909256807778018e-02,-2.057689464785479e-02,3.900000000000000e-04
9,2.009450804939559e-02,-1.959962998136346e-02,3.950000000000000e-04
9,2.104648990786621e-02,-1.857363754657852e-02,4.000000000000000e-04
9,2.194614687629557e-02,-1.750146812235042e-02,4.050000000000000e-04
9,2.279124226570824e-02,-1.638578729080114e-02,4.100000000000000e-04
9,2.357967503581113e-02,-1.522936881026692e-02,4.150000000000001e-04
9,2.430948501851056e-02,-1.403508771929824e-02,4.200000000000000e-04
9,2.497885779119911e-02,-1.280591318886072e-02,4.250000000000000e-04
9,2.558612918769609e-02,-1.154490114050840e-02,4.300000000000000e-04
9,2.612978943562678e-02,-1.025518664888128e-02,4.350000000000001e-04
9,2.660848690995457e-02,-8.939976147415721e-03,4.400000000000000e-04
9,2.702103149333368e-02,-7.602539456645745e-03,4.450000000000000e-04
9,2.736639753492838e-02,-6.246201654914095e-03,4.500000000000000e-04
9,2.764372640034268e-02,-4.874334811703309e-03,4.550000000000001e-04
9,2.785232860632062e-02,-3.490349604139955e-03,4.600000000000000e-04
9,2.799168553491032e-02,-2.097686837513678e-03,4.650000000000000e-04
9,2.806145072282993e-02,-6.998088908932833e-04,4.700000000000000e-04
9,2.806145072282993e-02,6.998088908932696e-04,4.750000000000001e-04
9,2.799168553491032e-02,2.097686837513664e-03,4.800000000000001e-04
9,2.785232860632062e-02,3.490349604139917e-03,4.850000000000000e-04
9,2.764372640034269e-02,4.874334811703296e-03,4.900000000000001e-04
9,2.736639753492838e-02,6.246201654914082e-03,4.950000000000000e-04
9,2.702103149333367e-02,7.602539456645756e-03,5.000000000000000e-04
9,2.660848690995457e-02,8.939976147415707e-03,5.050000000000000e-04
9,2.612978943562679e-02,1.025518664888125e-02,5.100000000000000e-04
9,2.558612918769609e-02,1.154490114050839e-02,5.150000000000000e-04
9,2.497885779119912e-02,1.280591318886071e-02,5.200000000000001e-04
9,2.430948501851056e-02,1.403508771929825e-02,5.250000000000001e-04
9,2.357967503581112e-02,1.522936881026694e-02,5.300000000000001e-04
9,2.279124226570826e-02,1.638578729080111e-02,5.350000000000000e-04
9,2.194614687629558e-02,1.750146812235041e-02,5.400000000000000e-04
9,2.104648990786624e-02,1.857363754657849e-02,5.450000000000000e-04
9,2.009450804939560e-02,1.959962998136345e-02,5.500000000000000e-04
9,1.909256807778019e-02,2.057689464785478e-02,5.550000000000000e-04
9,1.804316097365725e-02,2.150300191211166e-02,5.600000000000001e-04
9,1.694889572843446e-02,2.237564932555572e-02,5.650000000000001e-04
9,1.581249285792625e-02,2.319266734922090e-02,5.700000000000001e-04
9,1.463677763872275e-02,2.395202474756928e-02,5.750000000000001e-04
9,1.342467308410719e-02,2.465183363846255e-02,5.800000000000000e-04
9,1.217919267698410e-02,2.529035418673457e-02,5.850000000000000e-04
9,1.090343287788617e-02,2.586599892969565e-02,5.900000000000000e-04
9,9.600565426685460e-03,2.637733672381496e-02,5.950000000000000e-04
9,8.273829457148205e-03,2.682309630276886e-02,6.000000000000001e-04
9,6.926523443938079e-03,2.720216943800920e-02,6.050000000000001e-04
9,5.561997002088359e-03,2.751361369399421e-02,6.100000000000001e-04
9,4.183642559331213e-03,2.775665477123168e-02,6.150000000000001e-04
9,2.794886921987856e-03,2.793068843130951e-02,6.200000000000000e-04
9,1.399182755388005e-03,2.803528199912764e-02,6.250000000000000e-04
10,0.000000000000000e+00,3.157894736842105e-02,0.000000000000000e+00
10,-1.574080599811487e-03,3.153969224901860e-02,5.000000000000000e-06
10,-3.144247787236312e-03,3.142202448522320e-02,1.000000000000000e-05
10,-4.706597879247609e-03,3.122623661763564e-02,1.500000000000000e-05
10,-6.257246627349392e-03,3.095281540574349e-02,2.000000000000000e-05
10,-7.792338874430327e-03,3.060244061776036e-02,2.500000000000000e-05
10,-9.308058139291713e-03,3.017598334061497e-02,3.000000000000000e-05
10,-1.080063610502112e-02,2.967450381429185e-02,3.500000000000000e-05
10,-1.226636198762194e-02,2.909924879590761e-02,4.000000000000000e-05
10,-1.370159176160710e-02,2.845164846007640e-02,4.500000000000000e-05
10,-1.510275721962058e-02,2.773331284327037e-02,5.000000000000000e-05
10,-1.646637484356310e-02,2.694602784101545e-02,5.500000000000000e-05
10,-1.778905446516701e-02,2.609175076787352e-02,6.000000000000001e-05
10,-1.906750769448876e-02,2.517260549125019e-02,6.500000000000001e-05
10,-2.029855609536440e-02,2.419087715112562e-02,7.000000000000001e-05
10,-2.147913908750271e-02,2.314900647883663e-02,7.500000000000001e-05
10,-2.260632155557006e-02,2.204958372903388e-02,8.000000000000001e-05
10,-2.367730114634950e-02,2.089534223990083e-02,8.500000000000001e-05
10,-2.468941523583252e-02,1.968915163764422e-02,9.000000000000001e-05
10,-2.564014754892179e-02,1.843401070215125e-02,9.500000000000001e-05
10,-2.652713441528752e-02,1.713303991155030e-02,1.000000000000000e-04
10,-2.734817064582438e-02,1.578947368421052e-02,1.050000000000000e-04
10,-2.810121501509901e-02,1.440665233746831e-02,1.100000000000000e-04
10,-2.878439533615810e-02,1.298801378307194e-02,1.150000000000000e-04
10,-2.939601311508014e-02,1.153708497999142e-02,1.200000000000000e-04
10,-2.993454777369890e-02,1.005747316584267e-02,1.250000000000000e-04
10,-3.039866043000038e-02,8.552856888726488e-03,1.300000000000000e-04
10,-3.078719722679443e-02,7.026976861778353e-03,1.350000000000000e-04
10,-3.109919220038552e-02,5.483626663166219e-03,1.400000000000000e-04
10,-3.133386968211069e-02,3.926643304657432e-03,1.450000000000000e-04
10,-3.149064622677411e-02,2.359897692202885e-03,1.500000000000000e-04
10,-3.156913206318367e-02,7.872850022549399e-04,1.550000000000000e-04
10,-3.156913206318367e-02,-7.872850022549321e-04,1.600000000000000e-04
10,-3.149064622677411e-02,-2.359897692202876e-03,1.650000000000000e-04
10,-3.133386968211069e-02,-3.926643304657424e-03,1.700000000000000e-04
10,-3.109919220038552e-02,-5.483626663166211e-03,1.750000000000000e-04
10,-3.078719722679443e-02,-7.026976861778346e-03,1.800000000000000e-04
10,-3.039866043000038e-02,-8.552856888726479e-03,1.850000000000000e-04
10,-2.993454777369890e-02,-1.005747316584266e-02,1.900000000000000e-04
10,-2.939601311508014e-02,-1.153708497999141e-02,1.950000000000000e-04
10,-2.878439533615810e-02,-1.298801378307194e-02,2.000000000000000e-04
10,-2.810121501509902e-02,-1.440665233746829e-02,2.050000000000000e-04
10,-2.734817064582438e-02,-1.578947368421053e-02,2.100000000000000e-04
10,-2.652713441528752e-02,-1.713303991155030e-02,2.150000000000000e-04
10,-2.564014754892179e-02,-1.843401070215125e-02,2.200000000000000e-04
10,-2.468941523583252e-02,-1.968915163764421e-02,2.250000000000000e-04
10,-2.367730114634951e-02,-2.089534223990082e-02,2.300000000000000e-04
10,-2.260632155557006e-02,-2.204958372903387e-02,2.350000000000000e-04
10,-2.147913908750272e-02,-2.314900647883662e-02,2.400000000000000e-04
10,-2.029855609536441e-02,-2.419087715112562e-02,2.450000000000000e-04
10,-1.906750769448876e-02,-2.517260549125018e-02,2.500000000000000e-04
10,-1.778905446516703e-02,-2.609175076787351e-02,2.550000000000000e-04
10,-1.646637484356311e-02,-2.694602784101544e-02,2.600000000000000e-04
10,-1.510275721962059e-02,-2.773331284327037e-02,2.650000000000000e-04
10,-1.370159176160710e-02,-2.845164846007639e-02,2.700000000000000e-04
10,-1.226636198762194e-02,-2.909924879590761e-02,2.750000000000000e-04
10,-1.080063610502111e-02,-2.967450381429185e-02,2.800000000000000e-04
10,-9.308058139291727e-03,-3.017598334061497e-02,2.850000000000000e-04
10,-7.792338874430334e-03,-3.060244061776035e-02,2.900000000000000e-04
10,-6.257246627349400e-03,-3.095281540574349e-02,2.950000000000000e-04
10,-4.706597879247639e-03,-3.122623661763563e-02,3.000000000000000e-04
10,-3.144247787236334e-03,-3.142202448522320e-02,3.050000000000000e-04
10,-1.574080599811502e-03,-3.153969224901860e-02,3.100000000000000e-04
10,-5.800958522276936e-18,-3.157894736842105e-02,3.150000000000000e-04
10,1.574080599811490e-03,-3.153969224901860e-02,3.200000000000000e-04
10,3.144247787236322e-03,-3.142202448522320e-02,3.250000000000000e-04
10,4.706597879247627e-03,-3.122623661763564e-02,3.300000000000001e-04
10,6.257246627349389e-03,-3.095281540574349e-02,3.350000000000000e-04
10,7.792338874430323e-03,-3.060244061776036e-02,3.400000000000000e-04
10,9.308058139291689e-03,-3.017598334061498e-02,3.450000000000000e-04
10,1.080063610502110e-02,-2.967450381429185e-02,3.500000000000001e-04
10,1.226636198762193e-02,-2.909924879590762e-02,3.550000000000000e-04
10,1.370159176160709e-02,-2.845164846007640e-02,3.600000000000000e-04
10,1.510275721962057e-02,-2.773331284327038e-02,3.650000000000000e-04
10,1.646637484356310e-02,-2.694602784101544e-02,3.700000000000000e-04
10,1.778905446516703e-02,-2.609175076787352e-02,3.750000000000000e-04
10,1.906750769448875e-02,-2.517260549125019e-02,3.800000000000000e-04
10,2.029855609536440e-02,-2.419087715112563e-02,3.850000000000000e-04
10,2.147913908750270e-02,-2.314900647883664e-02,3.900000000000000e-04
10,2.260632155557004e-02,-2.204958372903389e-02,3.950000000000000e-04
10,2.367730114634949e-02,-2.089534223990083e-02,4.000000000000000e-04
10,2.468941523583252e-02,-1.968915163764422e-02,4.050000000000000e-04
10,2.564014754892177e-02,-1.843401070215128e-02,4.100000000000000e-04
10,2.652713441528752e-02,-1.713303991155029e-02,4.150000000000001e-04
10,2.734817064582439e-02,-1.578947368421052e-02,4.200000000000000e-04
10,2.810121501509900e-02,-1.440665233746831e-02,4.250000000000000e-04
10,2.878439533615810e-02,-1.298801378307195e-02,4.300000000000000e-04
10,2.939601311508012e-02,-1.153708497999145e-02,4.350000000000001e-04
10,2.993454777369889e-02,-1.005747316584269e-02,4.400000000000000e-04
10,3.039866043000039e-02,-8.552856888726463e-03,4.450000000000000e-04
10,3.078719722679443e-02,-7.026976861778358e-03,4.500000000000000e-04
10,3.109919220038552e-02,-5.483626663166223e-03,4.550000000000001e-04
10,3.133386968211069e-02,-3.926643304657450e-03,4.600000000000000e-04
10,3.149064622677411e-02,-2.359897692202888e-03,4.650000000000000e-04
10,3.156913206318367e-02,-7.872850022549437e-04,4.700000000000000e-04
10,3.156913206318367e-02,7.872850022549283e-04,4.750000000000001e-04
10,3.149064622677411e-02,2.359897692202872e-03,4.800000000000001e-04
10,3.133386968211070e-02,3.926643304657407e-03,4.850000000000000e-04
10,3.109919220038552e-02,5.483626663166208e-03,4.900000000000001e-04
10,3.078719722679443e-02,7.026976861778342e-03,4.950000000000000e-04
10,3.039866043000038e-02,8.552856888726475e-03,5.000000000000000e-04
10,2.993454777369890e-02,1.005747316584267e-02,5.050000000000000e-04
10,2.939601311508014e-02,1.153708497999141e-02,5.100000000000000e-04
10,2.878439533615810e-02,1.298801378307193e-02,5.150000000000000e-04
10,2.810121501509901e-02,1.440665233746830e-02,5.200000000000001e-04
10,2.734817064582438e-02,1.578947368421053e-02,5.250000000000001e-04
10,2.652713441528752e-02,1.713303991155030e-02,5.300000000000001e-04
10,2.564014754892179e-02,1.843401070215125e-02,5.350000000000000e-04
10,2.468941523583253e-02,1.968915163764421e-02,5.400000000000000e-04
10,2.367730114634952e-02,2.089534223990080e-02,5.450000000000000e-04
10,2.260632155557005e-02,2.204958372903388e-02,5.500000000000000e-04
10,2.147913908750271e-02,2.314900647883663e-02,5.550000000000000e-04
10,2.029855609536441e-02,2.419087715112562e-02,5.600000000000001e-04
10,1.906750769448876e-02,2.517260549125018e-02,5.650000000000001e-04
10,1.778905446516704e-02,2.609175076787351e-02,5.700000000000001e-04
10,1.646637484356309e-02,2.694602784101545e-02,5.750000000000001e-04
10,1.510275721962059e-02,2.773331284327037e-02,5.800000000000000e-04
10,1.370159176160711e-02,2.845164846007639e-02,5.850000000000000e-04
10,1.226636198762194e-02,2.909924879590761e-02,5.900000000000000e-04
10,1.080063610502114e-02,2.967450381429184e-02,5.950000000000000e-04
10,9.308058139291730e-03,3.017598334061497e-02,6.000000000000001e-04
10,7.792338874430338e-03,3.060244061776035e-02,6.050000000000001e-04
10,6.257246627349403e-03,3.095281540574349e-02,6.100000000000001e-04
10,4.706597879247614e-03,3.122623661763564e-02,6.150000000000001e-04
10,3.144247787236338e-03,3.142202448522320e-02,6.200000000000000e-04
10,1.574080599811505e-03,3.153969224901860e-02,6.250000000000000e-04
11,0.000000000000000e+00,3.508771929824561e-02,0.000000000000000e+00
11,-1.748978444234985e-03,3.504410249890955e-02,5.000000000000000e-06
11,-3.493608652484791e-03,3.491336053913689e-02,1.000000000000000e-05
11,-5.229553199164010e-03,3.469581846403959e-02,1.500000000000000e-05
11,-6.952496252610435e-03,3.439201711749276e-02,2.000000000000000e-05
11,-8.658154304922585e-03,3.400271179751151e-02,2.500000000000000e-05
11,-1.034228682143523e-02,3.352887037846108e-02,3.000000000000000e-05
11,-1.200070678335680e-02,3.297167090476871e-02,3.500000000000000e-05
11,-1.362929109735771e-02,3.233249866211956e-02,4.000000000000000e-05
11,-1.522399084623011e-02,3.161294273341821e-02,4.500000000000000e-05
11,-1.678084135513398e-02,3.081479204807819e-02,5.000000000000000e-05
11,-1.829597204840344e-02,2.994003093446160e-02,5.500000000000000e-05
11,-1.976561607240779e-02,2.899083418652613e-02,6.000000000000001e-05
11,-2.118611966054306e-02,2.796956165694465e-02,6.500000000000001e-05
11,-2.255395121707155e-02,2.687875239013958e-02,7.000000000000001e-05
11,-2.386571009722524e-02,2.572111830981847e-02,7.500000000000001e-05
11,-2.511813506174451e-02,2.449953747670431e-02,8.000000000000001e-05
11,-2.630811238483277e-02,2.321704693322314e-02,8.500000000000001e-05
11,-2.743268359536946e-02,2.187683515293802e-02,9.000000000000001e-05
11,-2.848905283213531e-02,2.048223411350139e-02,9.500000000000001e-05
11,-2.947459379476391e-02,1.903671101283367e-02,1.000000000000000e-04
11,-3.038685627313820e-02,1.754385964912280e-02,1.050000000000000e-04
11,-3.122357223899890e-02,1.600739148607590e-02,1.100000000000000e-04
11,-3.198266148462011e-02,1.443112642563549e-02,1.150000000000000e-04
11,-3.266223679453348e-02,1.281898331110157e-02,1.200000000000000e-04
11,-3.326060863744321e-02,1.117497018426963e-02,1.250000000000000e-04
11,-3.377628936666709e-02,9.503174320807209e-03,1.300000000000000e-04
11,-3.420799691866048e-02,7.807752068642614e-03,1.350000000000000e-04
11,-3.455465800042835e-02,6.092918514629132e-03,1.400000000000000e-04
11,-3.481541075790077e-02,4.362937005174924e-03,1.450000000000000e-04
11,-3.498960691863789e-02,2.622108546892093e-03,1.500000000000000e-04
11,-3.507681340353741e-02,8.747611136165998e-04,1.550000000000000e-04
11,-3.507681340353741e-02,-8.747611136165912e-04,1.600000000000000e-04
11,-3.498960691863789e-02,-2.622108546892085e-03,1.650000000000000e-04
11,-3.481541075790077e-02,-4.362937005174915e-03,1.700000000000000e-04
11,-3.455465800042835e-02,-6.092918514629123e-03,1.750000000000000e-04
11,-3.420799691866048e-02,-7.807752068642606e-03,1.800000000000000e-04
11,-3.377628936666709e-02,-9.503174320807198e-03,1.850000000000000e-04
11,-3.326060863744322e-02,-1.117497018426962e-02,1.900000000000000e-04
11,-3.266223679453348e-02,-1.281898331110156e-02,1.950000000000000e-04
11,-3.198266148462011e-02,-1.443112642563548e-02,2.000000000000000e-04
11,-3.122357223899891e-02,-1.600739148607588e-02,2.050000000000000e-04
11,-3.038685627313820e-02,-1.754385964912281e-02,2.100000000000000e-04
11,-2.947459379476391e-02,-1.903671101283366e-02,2.150000000000000e-04
11,-2.848905283213532e-02,-2.048223411350139e-02,2.200000000000000e-04
11,-2.743268359536947e-02,-2.187683515293801e-02,2.250000000000000e-04
11,-2.630811238483279e-02,-2.321704693322313e-02,2.300000000000000e-04
11,-2.511813506174451e-02,-2.449953747670430e-02,2.350000000000000e-04
11,-2.386571009722524e-02,-2.572111830981847e-02,2.400000000000000e-04
11,-2.255395121707156e-02,-2.687875239013958e-02,2.450000000000000e-04
11,-2.118611966054306e-02,-2.796956165694464e-02,2.500000000000000e-04
11,-1.976561607240781e-02,-2.899083418652612e-02,2.550000000000000e-04
11,-1.829597204840346e-02,-2.994003093446159e-02,2.600000000000000e-04
11,-1.678084135513398e-02,-3.081479204807818e-02,2.650000000000000e-04
11,-1.522399084623012e-02,-3.161294273341821e-02,2.700000000000000e-04
11,-1.362929109735771e-02,-3.233249866211956e-02,2.750000000000000e-04
11,-1.200070678335679e-02,-3.297167090476871e-02,2.800000000000000e-04
11,-1.034228682143525e-02,-3.352887037846107e-02,2.850000000000000e-04
11,-8.658154304922592e-03,-3.400271179751150e-02,2.900000000000000e-04
11,-6.952496252610444e-03,-3.439201711749276e-02,2.950000000000000e-04
11,-5.229553199164043e-03,-3.469581846403959e-02,3.000000000000000e-04
11,-3.493608652484815e-03,-3.491336053913689e-02,3.050000000000000e-04
11,-1.748978444235001e-03,-3.504410249890955e-02,3.100000000000000e-04
11,-6.445509469196595e-18,-3.508771929824561e-02,3.150000000000000e-04
11,1.748978444234989e-03,-3.504410249890955e-02,3.200000000000000e-04
11,3.493608652484802e-03,-3.491336053913689e-02,3.250000000000000e-04
11,5.229553199164029e-03,-3.469581846403959e-02,3.300000000000001e-04
11,6.952496252610432e-03,-3.439201711749277e-02,3.350000000000000e-04
11,8.658154304922580e-03,-3.400271179751151e-02,3.400000000000000e-04
11,1.034228682143521e-02,-3.352887037846108e-02,3.450000000000000e-04
11,1.200070678335678e-02,-3.297167090476872e-02,3.500000000000001e-04
11,1.362929109735770e-02,-3.233249866211957e-02,3.550000000000000e-04
11,1.522399084623010e-02,-3.161294273341822e-02,3.600000000000000e-04
11,1.678084135513397e-02,-3.081479204807819e-02,3.650000000000000e-04
11,1.829597204840345e-02,-2.994003093446160e-02,3.700000000000000e-04
11,1.976561607240780e-02,-2.899083418652613e-02,3.750000000000000e-04
11,2.118611966054306e-02,-2.796956165694465e-02,3.800000000000000e-04
11,2.255395121707155e-02,-2.687875239013958e-02,3.850000000000000e-04
11,2.386571009722522e-02,-2.572111830981848e-02,3.900000000000000e-04
11,2.511813506174449e-02,-2.449953747670432e-02,3.950000000000000e-04
11,2.630811238483276e-02,-2.321704693322315e-02,4.000000000000000e-04
11,2.743268359536946e-02,-2.187683515293802e-02,4.050000000000000e-04
11,2.848905283213530e-02,-2.048223411350143e-02,4.100000000000000e-04
11,2.947459379476391e-02,-1.903671101283366e-02,4.150000000000001e-04
11,3.038685627313820e-02,-1.754385964912280e-02,4.200000000000000e-04
11,3.122357223899889e-02,-1.600739148607590e-02,4.250000000000000e-04
11,3.198266148462011e-02,-1.443112642563550e-02,4.300000000000000e-04
11,3.266223679453347e-02,-1.281898331110161e-02,4.350000000000001e-04
11,3.326060863744321e-02,-1.117497018426965e-02,4.400000000000000e-04
11,3.377628936666709e-02,-9.503174320807181e-03,4.450000000000000e-04
11,3.420799691866047e-02,-7.807752068642619e-03,4.500000000000000e-04
11,3.455465800042835e-02,-6.092918514629136e-03,4.550000000000001e-04
11,3.481541075790077e-02,-4.362937005174944e-03,4.600000000000000e-04
11,3.498960691863789e-02,-2.622108546892098e-03,4.650000000000000e-04
11,3.507681340353741e-02,-8.747611136166041e-04,4.700000000000000e-04
11,3.507681340353741e-02,8.747611136165869e-04,4.750000000000001e-04
11,3.498960691863789e-02,2.622108546892080e-03,4.800000000000001e-04
11,3.481541075790077e-02,4.362937005174896e-03,4.850000000000000e-04
11,3.455465800042835e-02,6.092918514629120e-03,4.900000000000001e-04
11,3.420799691866048e-02,7.807752068642602e-03,4.950000000000000e-04
11,3.377628936666709e-02,9.503174320807195e-03,5.000000000000000e-04
11,3.326060863744321e-02,1.117497018426963e-02,5.050000000000000e-04
11,3.266223679453348e-02,1.281898331110156e-02,5.100000000000000e-04
11,3.198266148462011e-02,1.443112642563548e-02,5.150000000000000e-04
11,3.122357223899890e-02,1.600739148607589e-02,5.200000000000001e-04
11,3.038685627313820e-02,1.754385964912281e-02,5.250000000000001e-04
11,2.947459379476390e-02,1.903671101283367e-02,5.300000000000001e-04
11,2.848905283213532e-02,2.048223411350138e-02,5.350000000000000e-04
11,2.743268359536947e-02,2.187683515293801e-02,5.400000000000000e-04
11,2.630811238483280e-02,2.321704693322311e-02,5.450000000000000e-04
11,2.511813506174450e-02,2.449953747670431e-02,5.500000000000000e-04
11,2.386571009722523e-02,2.572111830981847e-02,5.550000000000000e-04
11,2.255395121707156e-02,2.687875239013957e-02,5.600000000000001e-04
11,2.118611966054307e-02,2.796956165694464e-02,5.650000000000001e-04
11,1.976561607240782e-02,2.899083418652612e-02,5.700000000000001e-04
11,1.829597204840343e-02,2.994003093446160e-02,5.750000000000001e-04
11,1.678084135513399e-02,3.081479204807818e-02,5.800000000000000e-04
11,1.522399084623012e-02,3.161294273341821e-02,5.850000000000000e-04
11,1.362929109735771e-02,3.233249866211956e-02,5.900000000000000e-04
11,1.200070678335682e-02,3.297167090476871e-02,5.950000000000000e-04
11,1.034228682143525e-02,3.352887037846107e-02,6.000000000000001e-04
11,8.658154304922597e-03,3.400271179751150e-02,6.050000000000001e-04
11,6.952496252610448e-03,3.439201711749276e-02,6.100000000000001e-04
11,5.229553199164016e-03,3.469581846403959e-02,6.150000000000001e-04
11,3.493608652484819e-03,3.491336053913689e-02,6.200000000000000e-04
11,1.748978444235006e-03,3.504410249890955e-02,6.250000000000000e-04
12,0.000000000000000e+00,3.859649122807017e-02,0.000000000000000e+00
12,-1.923876288658483e-03,3.854851274880051e-02,5.000000000000000e-06
12,-3.842969517733269e-03,3.840469659305058e-02,1.000000000000000e-05
12,-5.752508519080411e-03,3.816540031044355e-02,1.500000000000000e-05
12,-7.647745877871478e-03,3.783121882924204e-02,2.000000000000000e-05
12,-9.523969735414842e-03,3.740298297726265e-02,2.500000000000000e-05
12,-1.137651550357876e-02,3.688175741630718e-02,3.000000000000000e-05
12,-1.320077746169247e-02,3.626883799524559e-02,3.500000000000000e-05
12,-1.499222020709348e-02,3.556574852833152e-02,4.000000000000000e-05
12,-1.674638993085312e-02,3.477423700676003e-02,4.500000000000000e-05
12,-1.845892549064737e-02,3.389627125288600e-02,5.000000000000000e-05
12,-2.012556925324378e-02,3.293403402790776e-02,5.500000000000000e-05
12,-2.174217767964857e-02,3.188991760517874e-02,6.000000000000001e-05
12,-2.330473162659737e-02,3.076651782263911e-02,6.500000000000001e-05
12,-2.480934633877871e-02,2.956662762915353e-02,7.000000000000001e-05
12,-2.625228110694776e-02,2.829323014080031e-02,7.500000000000001e-05
12,-2.762994856791895e-02,2.694949122437474e-02,8.000000000000001e-05
12,-2.893892362331605e-02,2.553875162654546e-02,8.500000000000001e-05
12,-3.017595195490641e-02,2.406451866823182e-02,9.000000000000001e-05
12,-3.133795811534884e-02,2.253045752485153e-02,9.500000000000001e-05
12,-3.242205317424030e-02,2.094038211411703e-02,1.000000000000000e-04
12,-3.342554190045201e-02,1.929824561403508e-02,1.050000000000000e-04
12,-3.434592946289878e-02,1.760813063468349e-02,1.100000000000000e-04
12,-3.518092763308212e-02,1.587423906819904e-02,1.150000000000000e-04
12,-3.592846047398683e-02,1.410088164221173e-02,1.200000000000000e-04
12,-3.658666950118754e-02,1.229246720269659e-02,1.250000000000000e-04
12,-3.715391830333379e-02,1.045349175288793e-02,1.300000000000000e-04
12,-3.762879661052652e-02,8.588527275506875e-03,1.350000000000000e-04
12,-3.801012380047118e-02,6.702210366092045e-03,1.400000000000000e-04
12,-3.829695183369085e-02,4.799230705692416e-03,1.450000000000000e-04
12,-3.848856761050169e-02,2.884319401581303e-03,1.500000000000000e-04
12,-3.858449474389115e-02,9.622372249782598e-04,1.550000000000000e-04
12,-3.858449474389115e-02,-9.622372249782502e-04,1.600000000000000e-04
12,-3.848856761050169e-02,-2.884319401581293e-03,1.650000000000000e-04
12,-3.829695183369085e-02,-4.799230705692406e-03,1.700000000000000e-04
12,-3.801012380047119e-02,-6.702210366092035e-03,1.750000000000000e-04
12,-3.762879661052652e-02,-8.588527275506866e-03,1.800000000000000e-04
12,-3.715391830333379e-02,-1.045349175288792e-02,1.850000000000000e-04
12,-3.658666950118754e-02,-1.229246720269658e-02,1.900000000000000e-04
12,-3.592846047398683e-02,-1.410088164221172e-02,1.950000000000000e-04
12,-3.518092763308212e-02,-1.587423906819903e-02,2.000000000000000e-04
12,-3.434592946289879e-02,-1.760813063468347e-02,2.050000000000000e-04
12,-3.342554190045201e-02,-1.929824561403509e-02,2.100000000000000e-04
12,-3.242205317424030e-02,-2.094038211411703e-02,2.150000000000000e-04
12,-3.133795811534885e-02,-2.253045752485153e-02,2.200000000000000e-04
12,-3.017595195490641e-02,-2.406451866823181e-02,2.250000000000000e-04
12,-2.893892362331606e-02,-2.553875162654544e-02,2.300000000000000e-04
12,-2.762994856791896e-02,-2.694949122437473e-02,2.350000000000000e-04
12,-2.625228110694776e-02,-2.829323014080031e-02,2.400000000000000e-04
12,-2.480934633877871e-02,-2.956662762915353e-02,2.450000000000000e-04
12,-2.330473162659737e-02,-3.076651782263911e-02,2.500000000000000e-04
12,-2.174217767964859e-02,-3.188991760517873e-02,2.550000000000000e-04
12,-2.012556925324380e-02,-3.293403402790775e-02,2.600000000000000e-04
12,-1.845892549064738e-02,-3.389627125288600e-02,2.650000000000000e-04
12,-1.674638993085312e-02,-3.477423700676003e-02,2.700000000000000e-04
12,-1.499222020709348e-02,-3.556574852833152e-02,2.750000000000000e-04
12,-1.320077746169247e-02,-3.626883799524559e-02,2.800000000000000e-04
12,-1.137651550357877e-02,-3.688175741630718e-02,2.850000000000000e-04
12,-9.523969735414851e-03,-3.740298297726265e-02,2.900000000000000e-04
12,-7.647745877871487e-03,-3.783121882924204e-02,2.950000000000000e-04
12,-5.752508519080446e-03,-3.816540031044355e-02,3.000000000000000e-04
12,-3.842969517733296e-03,-3.840469659305057e-02,3.050000000000000e-04
12,-1.923876288658502e-03,-3.854851274880051e-02,3.100000000000000e-04
12,-7.090060416116254e-18,-3.859649122807017e-02,3.150000000000000e-04
12,1.923876288658487e-03,-3.854851274880051e-02,3.200000000000000e-04
12,3.842969517733282e-03,-3.840469659305058e-02,3.250000000000000e-04
12,5.752508519080431e-03,-3.816540031044355e-02,3.300000000000001e-04
12,7.647745877871473e-03,-3.783121882924204e-02,3.350000000000000e-04
12,9.523969735414837e-03,-3.740298297726265e-02,3.400000000000000e-04
12,1.137651550357873e-02,-3.688175741630719e-02,3.450000000000000e-04
12,1.320077746169245e-02,-3.626883799524559e-02,3.500000000000001e-04
12,1.499222020709346e-02,-3.556574852833153e-02,3.550000000000000e-04
12,1.674638993085311e-02,-3.477423700676004e-02,3.600000000000000e-04
12,1.845892549064737e-02,-3.389627125288601e-02,3.650000000000000e-04
12,2.012556925324379e-02,-3.293403402790775e-02,3.700000000000000e-04
12,2.174217767964858e-02,-3.188991760517874e-02,3.750000000000000e-04
12,2.330473162659736e-02,-3.076651782263911e-02,3.800000000000000e-04
12,2.480934633877871e-02,-2.956662762915354e-02,3.850000000000000e-04
12,2.625228110694774e-02,-2.829323014080033e-02,3.900000000000000e-04
12,2.762994856791894e-02,-2.694949122437475e-02,3.950000000000000e-04
12,2.893892362331604e-02,-2.553875162654546e-02,4.000000000000000e-04
12,3.017595195490641e-02,-2.406451866823182e-02,4.050000000000000e-04
12,3.133795811534882e-02,-2.253045752485157e-02,4.100000000000000e-04
12,3.242205317424030e-02,-2.094038211411702e-02,4.150000000000001e-04
12,3.342554190045202e-02,-1.929824561403507e-02,4.200000000000000e-04
12,3.434592946289878e-02,-1.760813063468349e-02,4.250000000000000e-04
12,3.518092763308212e-02,-1.587423906819905e-02,4.300000000000000e-04
12,3.592846047398681e-02,-1.410088164221176e-02,4.350000000000001e-04
12,3.658666950118753e-02,-1.229246720269661e-02,4.400000000000000e-04
12,3.715391830333380e-02,-1.045349175288790e-02,4.450000000000000e-04
12,3.762879661052652e-02,-8.588527275506880e-03,4.500000000000000e-04
12,3.801012380047118e-02,-6.702210366092049e-03,4.550000000000001e-04
12,3.829695183369084e-02,-4.799230705692437e-03,4.600000000000000e-04
12,3.848856761050169e-02,-2.884319401581307e-03,4.650000000000000e-04
12,3.858449474389115e-02,-9.622372249782644e-04,4.700000000000000e-04
12,3.858449474389115e-02,9.622372249782456e-04,4.750000000000001e-04
12,3.848856761050169e-02,2.884319401581288e-03,4.800000000000001e-04
12,3.829695183369085e-02,4.799230705692385e-03,4.850000000000000e-04
12,3.801012380047119e-02,6.702210366092031e-03,4.900000000000001e-04
12,3.762879661052652e-02,8.588527275506862e-03,4.950000000000000e-04
12,3.715391830333380e-02,1.045349175288791e-02,5.000000000000000e-04
12,3.658666950118754e-02,1.229246720269660e-02,5.050000000000000e-04
12,3.592846047398683e-02,1.410088164221172e-02,5.100000000000000e-04
12,3.518092763308212e-02,1.587423906819903e-02,5.150000000000000e-04
12,3.434592946289879e-02,1.760813063468348e-02,5.200000000000001e-04
12,3.342554190045201e-02,1.929824561403509e-02,5.250000000000001e-04
12,3.242205317424029e-02,2.094038211411703e-02,5.300000000000001e-04
12,3.133795811534885e-02,2.253045752485152e-02,5.350000000000000e-04
12,3.017595195490642e-02,2.406451866823181e-02,5.400000000000000e-04
12,2.893892362331607e-02,2.553875162654542e-02,5.450000000000000e-04
12,2.762994856791895e-02,2.694949122437474e-02,5.500000000000000e-04
12,2.625228110694775e-02,2.829323014080032e-02,5.550000000000000e-04
12,2.480934633877872e-02,2.956662762915353e-02,5.600000000000001e-04
12,2.330473162659737e-02,3.076651782263911e-02,5.650000000000001e-04
12,2.174217767964859e-02,3.188991760517872e-02,5.700000000000001e-04
12,2.012556925324378e-02,3.293403402790776e-02,5.750000000000001e-04
12,1.845892549064738e-02,3.389627125288600e-02,5.800000000000000e-04
12,1.674638993085313e-02,3.477423700676003e-02,5.850000000000000e-04
12,1.499222020709348e-02,3.556574852833152e-02,5.900000000000000e-04
12,1.320077746169251e-02,3.626883799524557e-02,5.950000000000000e-04
12,1.137651550357878e-02,3.688175741630718e-02,6.000000000000001e-04
12,9.523969735414856e-03,3.740298297726265e-02,6.050000000000001e-04
12,7.647745877871492e-03,3.783121882924204e-02,6.100000000000001e-04
12,5.752508519080417e-03,3.816540031044355e-02,6.150000000000001e-04
12,3.842969517733301e-03,3.840469659305057e-02,6.200000000000000e-04
12,1.923876288658506e-03,3.854851274880051e-02,6.250000000000000e-04
13,0.000000000000000e+00,4.210526315789474e-02,0.000000000000000e+00
13,-2.098774133081982e-03,4.205292299869147e-02,5.000000000000000e-06
13,-4.192330382981749e-03,4.189603264696427e-02,1.000000000000000e-05
13,-6.275463838996812e-03,4.163498215684752e-02,1.500000000000000e-05
13,-8.342995503132522e-03,4.127042054099132e-02,2.000000000000000e-05
13,-1.038978516590710e-02,4.080325415701381e-02,2.500000000000000e-05
13,-1.241074418572228e-02,4.023464445415329e-02,3.000000000000000e-05
13,-1.440084814002816e-02,3.956600508572246e-02,3.500000000000000e-05
13,-1.635514931682925e-02,3.879899839454348e-02,4.000000000000000e-05
13,-1.826878901547613e-02,3.793553128010186e-02,4.500000000000000e-05
13,-2.013700962616077e-02,3.697775045769383e-02,5.000000000000000e-05
13,-2.195516645808412e-02,3.592803712135392e-02,5.500000000000000e-05
13,-2.371873928688935e-02,3.478900102383136e-02,6.000000000000001e-05
13,-2.542334359265168e-02,3.356347398833359e-02,6.500000000000001e-05
13,-2.706474146048587e-02,3.225450286816749e-02,7.000000000000001e-05
13,-2.863885211667028e-02,3.086534197178217e-02,7.500000000000001e-05
13,-3.014176207409341e-02,2.939944497204517e-02,8.000000000000001e-05
13,-3.156973486179932e-02,2.786045631986777e-02,8.500000000000001e-05
13,-3.291922031444336e-02,2.625220218352562e-02,9.000000000000001e-05
13,-3.418686339856238e-02,2.457868093620167e-02,9.500000000000001e-05
13,-3.536951255371669e-02,2.284405321540040e-02,1.000000000000000e-04
13,-3.646422752776584e-02,2.105263157894736e-02,1.050000000000000e-04
13,-3.746828668679868e-02,1.920886978329108e-02,1.100000000000000e-04
13,-3.837919378154413e-02,1.731735171076259e-02,1.150000000000000e-04
13,-3.919468415344018e-02,1.538277997332189e-02,1.200000000000000e-04
13,-3.991273036493186e-02,1.340996422112356e-02,1.250000000000000e-04
13,-4.053154724000051e-02,1.140380918496865e-02,1.300000000000000e-04
13,-4.104959630239257e-02,9.369302482371137e-03,1.350000000000000e-04
13,-4.146558960051402e-02,7.311502217554959e-03,1.400000000000000e-04
13,-4.177849290948093e-02,5.235524406209909e-03,1.450000000000000e-04
13,-4.198752830236548e-02,3.146530256270512e-03,1.500000000000000e-04
13,-4.209217608424489e-02,1.049713336339920e-03,1.550000000000000e-04
13,-4.209217608424489e-02,-1.049713336339910e-03,1.600000000000000e-04
13,-4.198752830236548e-02,-3.146530256270502e-03,1.650000000000000e-04
13,-4.177849290948093e-02,-5.235524406209898e-03,1.700000000000000e-04
13,-4.146558960051402e-02,-7.311502217554948e-03,1.750000000000000e-04
13,-4.104959630239257e-02,-9.369302482371127e-03,1.800000000000000e-04
13,-4.053154724000051e-02,-1.140380918496864e-02,1.850000000000000e-04
13,-3.991273036493186e-02,-1.340996422112355e-02,1.900000000000000e-04
13,-3.919468415344018e-02,-1.538277997332188e-02,1.950000000000000e-04
13,-3.837919378154413e-02,-1.731735171076258e-02,2.000000000000000e-04
13,-3.746828668679869e-02,-1.920886978329105e-02,2.050000000000000e-04
13,-3.646422752776583e-02,-2.105263157894737e-02,2.100000000000000e-04
13,-3.536951255371670e-02,-2.284405321540039e-02,2.150000000000000e-04
13,-3.418686339856239e-02,-2.457868093620167e-02,2.200000000000000e-04
13,-3.291922031444337e-02,-2.625220218352561e-02,2.250000000000000e-04
13,-3.156973486179934e-02,-2.786045631986775e-02,2.300000000000000e-04
13,-3.014176207409341e-02,-2.939944497204516e-02,2.350000000000000e-04
13,-2.863885211667029e-02,-3.086534197178216e-02,2.400000000000000e-04
13,-2.706474146048587e-02,-3.225450286816749e-02,2.450000000000000e-04
13,-2.542334359265168e-02,-3.356347398833357e-02,2.500000000000000e-04
13,-2.371873928688937e-02,-3.478900102383135e-02,2.550000000000000e-04
13,-2.195516645808415e-02,-3.592803712135391e-02,2.600000000000000e-04
13,-2.013700962616078e-02,-3.697775045769382e-02,2.650000000000000e-04
13,-1.826878901547614e-02,-3.793553128010185e-02,2.700000000000000e-04
13,-1.635514931682925e-02,-3.879899839454348e-02,2.750000000000000e-04
13,-1.440084814002815e-02,-3.956600508572246e-02,2.800000000000000e-04
13,-1.241074418572230e-02,-4.023464445415328e-02,2.850000000000000e-04
13,-1.038978516590711e-02,-4.080325415701380e-02,2.900000000000000e-04
13,-8.342995503132533e-03,-4.127042054099132e-02,2.950000000000000e-04
13,-6.275463838996851e-03,-4.163498215684751e-02,3.000000000000000e-04
13,-4.192330382981778e-03,-4.189603264696427e-02,3.050000000000000e-04
13,-2.098774133082002e-03,-4.205292299869147e-02,3.100000000000000e-04
13,-7.734611363035914e-18,-4.210526315789474e-02,3.150000000000000e-04
13,2.098774133081986e-03,-4.205292299869147e-02,3.200000000000000e-04
13,4.192330382981763e-03,-4.189603264696427e-02,3.250000000000000e-04
13,6.275463838996835e-03,-4.163498215684752e-02,3.300000000000001e-04
13,8.342995503132517e-03,-4.127042054099132e-02,3.350000000000000e-04
13,1.038978516590710e-02,-4.080325415701381e-02,3.400000000000000e-04
13,1.241074418572225e-02,-4.023464445415331e-02,3.450000000000000e-04
13,1.440084814002813e-02,-3.956600508572247e-02,3.500000000000001e-04
13,1.635514931682924e-02,-3.879899839454349e-02,3.550000000000000e-04
13,1.826878901547612e-02,-3.793553128010186e-02,3.600000000000000e-04
13,2.013700962616077e-02,-3.697775045769383e-02,3.650000000000000e-04
13,2.195516645808413e-02,-3.592803712135392e-02,3.700000000000000e-04
13,2.371873928688936e-02,-3.478900102383135e-02,3.750000000000000e-04
13,2.542334359265167e-02,-3.356347398833359e-02,3.800000000000000e-04
13,2.706474146048586e-02,-3.225450286816750e-02,3.850000000000000e-04
13,2.863885211667026e-02,-3.086534197178218e-02,3.900000000000000e-04
13,3.014176207409339e-02,-2.939944497204519e-02,3.950000000000000e-04
13,3.156973486179932e-02,-2.786045631986778e-02,4.000000000000000e-04
13,3.291922031444335e-02,-2.625220218352563e-02,4.050000000000000e-04
13,3.418686339856235e-02,-2.457868093620171e-02,4.100000000000000e-04
13,3.536951255371670e-02,-2.284405321540039e-02,4.150000000000001e-04
13,3.646422752776585e-02,-2.105263157894735e-02,4.200000000000000e-04
13,3.746828668679867e-02,-1.920886978329108e-02,4.250000000000000e-04
13,3.837919378154413e-02,-1.731735171076260e-02,4.300000000000000e-04
13,3.919468415344016e-02,-1.538277997332193e-02,4.350000000000001e-04
13,3.991273036493186e-02,-1.340996422112358e-02,4.400000000000000e-04
13,4.053154724000051e-02,-1.140380918496862e-02,4.450000000000000e-04
13,4.104959630239257e-02,-9.369302482371143e-03,4.500000000000000e-04
13,4.146558960051402e-02,-7.311502217554964e-03,4.550000000000001e-04
13,4.177849290948092e-02,-5.235524406209932e-03,4.600000000000000e-04
13,4.198752830236548e-02,-3.146530256270518e-03,4.650000000000000e-04
13,4.209217608424489e-02,-1.049713336339925e-03,4.700000000000000e-04
13,4.209217608424489e-02,1.049713336339904e-03,4.750000000000001e-04
13,4.198752830236548e-02,3.146530256270496e-03,4.800000000000001e-04
13,4.177849290948094e-02,5.235524406209875e-03,4.850000000000000e-04
13,4.146558960051402e-02,7.311502217554944e-03,4.900000000000001e-04
13,4.104959630239257e-02,9.369302482371123e-03,4.950000000000000e-04
13,4.053154724000051e-02,1.140380918496863e-02,5.000000000000000e-04
13,3.991273036493186e-02,1.340996422112356e-02,5.050000000000000e-04
13,3.919468415344018e-02,1.538277997332187e-02,5.100000000000000e-04
13,3.837919378154413e-02,1.731735171076258e-02,5.150000000000000e-04
13,3.746828668679868e-02,1.920886978329106e-02,5.200000000000001e-04
13,3.646422752776583e-02,2.105263157894737e-02,5.250000000000001e-04
13,3.536951255371668e-02,2.284405321540040e-02,5.300000000000001e-04
13,3.418686339856239e-02,2.457868093620166e-02,5.350000000000000e-04
13,3.291922031444337e-02,2.625220218352561e-02,5.400000000000000e-04
13,3.156973486179936e-02,2.786045631986774e-02,5.450000000000000e-04
13,3.014176207409340e-02,2.939944497204518e-02,5.500000000000000e-04
13,2.863885211667028e-02,3.086534197178217e-02,5.550000000000000e-04
13,2.706474146048587e-02,3.225450286816749e-02,5.600000000000001e-04
13,2.542334359265168e-02,3.356347398833357e-02,5.650000000000001e-04
13,2.371873928688938e-02,3.478900102383134e-02,5.700000000000001e-04
13,2.195516645808412e-02,3.592803712135392e-02,5.750000000000001e-04
13,2.013700962616078e-02,3.697775045769382e-02,5.800000000000000e-04
13,1.826878901547614e-02,3.793553128010185e-02,5.850000000000000e-04
13,1.635514931682925e-02,3.879899839454348e-02,5.900000000000000e-04
13,1.440084814002819e-02,3.956600508572244e-02,5.950000000000000e-04
13,1.241074418572231e-02,4.023464445415328e-02,6.000000000000001e-04
13,1.038978516590712e-02,4.080325415701380e-02,6.050000000000001e-04
13,8.342995503132538e-03,4.127042054099132e-02,6.100000000000001e-04
13,6.275463838996818e-03,4.163498215684752e-02,6.150000000000001e-04
13,4.192330382981784e-03,4.189603264696427e-02,6.200000000000000e-04
13,2.098774133082007e-03,4.205292299869147e-02,6.250000000000000e-04
14,0.000000000000000e+00,4.561403508771930e-02,0.000000000000000e+00
14,-2.273671977505481e-03,4.555733324858242e-02,5.000000000000000e-06
14,-4.541691248230229e-03,4.538736870087796e-02,1.000000000000000e-05
14,-6.798419158913214e-03,4.510456400325148e-02,1.500000000000000e-05
14,-9.038245128393567e-03,4.470962225274060e-02,2.000000000000000e-05
14,-1.125560059639936e-02,4.420352533676496e-02,2.500000000000000e-05
14,-1.344497286786581e-02,4.358753149199941e-02,3.000000000000000e-05
14,-1.560091881836384e-02,4.286317217619934e-02,3.500000000000000e-05
14,-1.771807842656502e-02,4.203224826075544e-02,4.000000000000000e-05
14,-1.979118810009914e-02,4.109682555344368e-02,4.500000000000000e-05
14,-2.181509376167417e-02,4.005922966250165e-02,5.000000000000000e-05
14,-2.378476366292447e-02,3.892204021480009e-02,5.500000000000000e-05
14,-2.569530089413013e-02,3.768808444248398e-02,6.000000000000001e-05
14,-2.754195555870598e-02,3.636043015402805e-02,6.500000000000001e-05
14,-2.932013658219303e-02,3.494237810718145e-02,7.000000000000001e-05
14,-3.102542312639281e-02,3.343745380276401e-02,7.500000000000001e-05
14,-3.265357558026786e-02,3.184939871971561e-02,8.000000000000001e-05
14,-3.420054610028261e-02,3.018216101319009e-02,8.500000000000001e-05
14,-3.566248867398031e-02,2.843988569881943e-02,9.000000000000001e-05
14,-3.703576868177591e-02,2.662690434755181e-02,9.500000000000001e-05
14,-3.831697193319308e-02,2.474772431668377e-02,1.000000000000000e-04
14,-3.950291315507966e-02,2.280701754385965e-02,1.050000000000000e-04
14,-4.059064391069857e-02,2.080960893189867e-02,1.100000000000000e-04
14,-4.157745993000615e-02,1.876046435332614e-02,1.150000000000000e-04
14,-4.246090783289354e-02,1.666467830443204e-02,1.200000000000000e-04
14,-4.323879122867619e-02,1.452746123955052e-02,1.250000000000000e-04
14,-4.390917617666722e-02,1.235412661704937e-02,1.300000000000000e-04
14,-4.447039599425862e-02,1.015007768923540e-02,1.350000000000000e-04
14,-4.492105540055686e-02,7.920794069017873e-03,1.400000000000000e-04
14,-4.526003398527101e-02,5.671818106727402e-03,1.450000000000000e-04
14,-4.548648899422927e-02,3.408741110959722e-03,1.500000000000000e-04
14,-4.559985742459864e-02,1.137189447701580e-03,1.550000000000000e-04
14,-4.559985742459864e-02,-1.137189447701569e-03,1.600000000000000e-04
14,-4.548648899422927e-02,-3.408741110959710e-03,1.650000000000000e-04
14,-4.526003398527101e-02,-5.671818106727390e-03,1.700000000000000e-04
14,-4.492105540055687e-02,-7.920794069017861e-03,1.750000000000000e-04
14,-4.447039599425862e-02,-1.015007768923539e-02,1.800000000000000e-04
14,-4.390917617666722e-02,-1.235412661704936e-02,1.850000000000000e-04
14,-4.323879122867619e-02,-1.452746123955051e-02,1.900000000000000e-04
14,-4.246090783289354e-02,-1.666467830443203e-02,1.950000000000000e-04
14,-4.157745993000615e-02,-1.876046435332613e-02,2.000000000000000e-04
14,-4.059064391069858e-02,-2.080960893189864e-02,2.050000000000000e-04
14,-3.950291315507966e-02,-2.280701754385965e-02,2.100000000000000e-04
14,-3.831697193319309e-02,-2.474772431668376e-02,2.150000000000000e-04
14,-3.703576868177592e-02,-2.662690434755181e-02,2.200000000000000e-04
14,-3.566248867398032e-02,-2.843988569881942e-02,2.250000000000000e-04
14,-3.420054610028263e-02,-3.018216101319007e-02,2.300000000000000e-04
14,-3.265357558026787e-02,-3.184939871971559e-02,2.350000000000000e-04
14,-3.102542312639282e-02,-3.343745380276401e-02,2.400000000000000e-04
14,-2.932013658219303e-02,-3.494237810718145e-02,2.450000000000000e-04
14,-2.754195555870599e-02,-3.636043015402804e-02,2.500000000000000e-04
14,-2.569530089413016e-02,-3.768808444248396e-02,2.550000000000000e-04
14,-2.378476366292450e-02,-3.892204021480007e-02,2.600000000000000e-04
14,-2.181509376167418e-02,-4.005922966250165e-02,2.650000000000000e-04
14,-1.979118810009915e-02,-4.109682555344368e-02,2.700000000000000e-04
14,-1.771807842656502e-02,-4.203224826075544e-02,2.750000000000000e-04
14,-1.560091881836383e-02,-4.286317217619934e-02,2.800000000000000e-04
14,-1.344497286786583e-02,-4.358753149199940e-02,2.850000000000000e-04
14,-1.125560059639937e-02,-4.420352533676496e-02,2.900000000000000e-04
14,-9.038245128393577e-03,-4.470962225274060e-02,2.950000000000000e-04
14,-6.798419158913256e-03,-4.510456400325148e-02,3.000000000000000e-04
14,-4.541691248230260e-03,-4.538736870087796e-02,3.050000000000000e-04
14,-2.273671977505502e-03,-4.555733324858242e-02,3.100000000000000e-04
14,-8.379162309955575e-18,-4.561403508771930e-02,3.150000000000000e-04
14,2.273671977505486e-03,-4.555733324858242e-02,3.200000000000000e-04
14,4.541691248230243e-03,-4.538736870087796e-02,3.250000000000000e-04
14,6.798419158913238e-03,-4.510456400325148e-02,3.300000000000001e-04
14,9.038245128393562e-03,-4.470962225274060e-02,3.350000000000000e-04
14,1.125560059639935e-02,-4.420352533676496e-02,3.400000000000000e-04
14,1.344497286786577e-02,-4.358753149199942e-02,3.450000000000000e-04
14,1.560091881836381e-02,-4.286317217619934e-02,3.500000000000001e-04
14,1.771807842656501e-02,-4.203224826075545e-02,3.550000000000000e-04
14,1.979118810009914e-02,-4.109682555344369e-02,3.600000000000000e-04
14,2.181509376167417e-02,-4.005922966250165e-02,3.650000000000000e-04
14,2.378476366292448e-02,-3.892204021480009e-02,3.700000000000000e-04
14,2.569530089413015e-02,-3.768808444248397e-02,3.750000000000000e-04
14,2.754195555870598e-02,-3.636043015402805e-02,3.800000000000000e-04
14,2.932013658219302e-02,-3.494237810718146e-02,3.850000000000000e-04
14,3.102542312639279e-02,-3.343745380276403e-02,3.900000000000000e-04
14,3.265357558026784e-02,-3.184939871971563e-02,3.950000000000000e-04
14,3.420054610028260e-02,-3.018216101319009e-02,4.000000000000000e-04
14,3.566248867398030e-02,-2.843988569881943e-02,4.050000000000000e-04
14,3.703576868177589e-02,-2.662690434755186e-02,4.100000000000000e-04
14,3.831697193319309e-02,-2.474772431668375e-02,4.150000000000001e-04
14,3.950291315507966e-02,-2.280701754385964e-02,4.200000000000000e-04
14,4.059064391069856e-02,-2.080960893189868e-02,4.250000000000000e-04
14,4.157745993000615e-02,-1.876046435332615e-02,4.300000000000000e-04
14,4.246090783289352e-02,-1.666467830443209e-02,4.350000000000001e-04
14,4.323879122867618e-02,-1.452746123955055e-02,4.400000000000000e-04
14,4.390917617666723e-02,-1.235412661704934e-02,4.450000000000000e-04
14,4.447039599425862e-02,-1.015007768923541e-02,4.500000000000000e-04
14,4.492105540055686e-02,-7.920794069017878e-03,4.550000000000001e-04
14,4.526003398527100e-02,-5.671818106727428e-03,4.600000000000000e-04
14,4.548648899422927e-02,-3.408741110959728e-03,4.650000000000000e-04
14,4.559985742459864e-02,-1.137189447701585e-03,4.700000000000000e-04
14,4.559985742459864e-02,1.137189447701563e-03,4.750000000000001e-04
14,4.548648899422927e-02,3.408741110959705e-03,4.800000000000001e-04
14,4.526003398527102e-02,5.671818106727365e-03,4.850000000000000e-04
14,4.492105540055687e-02,7.920794069017856e-03,4.900000000000001e-04
14,4.447039599425862e-02,1.015007768923538e-02,4.950000000000000e-04
14,4.390917617666722e-02,1.235412661704935e-02,5.000000000000000e-04
14,4.323879122867619e-02,1.452746123955052e-02,5.050000000000000e-04
14,4.246090783289354e-02,1.666467830443203e-02,5.100000000000000e-04
14,4.157745993000615e-02,1.876046435332613e-02,5.150000000000000e-04
14,4.059064391069857e-02,2.080960893189866e-02,5.200000000000001e-04
14,3.950291315507966e-02,2.280701754385965e-02,5.250000000000001e-04
14,3.831697193319308e-02,2.474772431668377e-02,5.300000000000001e-04
14,3.703576868177592e-02,2.662690434755180e-02,5.350000000000000e-04
14,3.566248867398032e-02,2.843988569881942e-02,5.400000000000000e-04
14,3.420054610028264e-02,3.018216101319005e-02,5.450000000000000e-04
14,3.265357558026786e-02,3.184939871971561e-02,5.500000000000000e-04
14,3.102542312639281e-02,3.343745380276402e-02,5.550000000000000e-04
14,2.932013658219304e-02,3.494237810718145e-02,5.600000000000001e-04
14,2.754195555870599e-02,3.636043015402804e-02,5.650000000000001e-04
14,2.569530089413016e-02,3.768808444248396e-02,5.700000000000001e-04
14,2.378476366292447e-02,3.892204021480009e-02,5.750000000000001e-04
14,2.181509376167419e-02,4.005922966250165e-02,5.800000000000000e-04
14,1.979118810009916e-02,4.109682555344368e-02,5.850000000000000e-04
14,1.771807842656503e-02,4.203224826075544e-02,5.900000000000000e-04
14,1.560091881836387e-02,4.286317217619932e-02,5.950000000000000e-04
14,1.344497286786583e-02,4.358753149199940e-02,6.000000000000001e-04
14,1.125560059639938e-02,4.420352533676496e-02,6.050000000000001e-04
14,9.038245128393583e-03,4.470962225274060e-02,6.100000000000001e-04
14,6.798419158913220e-03,4.510456400325148e-02,6.150000000000001e-04
14,4.541691248230266e-03,4.538736870087796e-02,6.200000000000000e-04
14,2.273671977505508e-03,4.555733324858242e-02,6.250000000000000e-04
15,0.000000000000000e+00,4.912280701754386e-02,0.000000000000000e+00
15,-2.448569821928979e-03,4.906174349847338e-02,5.000000000000000e-06
15,-4.891052113478707e-03,4.887870475479165e-02,1.000000000000000e-05
15,-7.321374478829615e-03,4.857414584965544e-02,1.500000000000000e-05
15,-9.733494753654610e-03,4.814882396448987e-02,2.000000000000000e-05
15,-1.212141602689162e-02,4.760379651651611e-02,2.500000000000000e-05
15,-1.447920155000933e-02,4.694041852984551e-02,3.000000000000000e-05
15,-1.680098949669952e-02,4.616033926667620e-02,3.500000000000000e-05
15,-1.908100753630079e-02,4.526549812696739e-02,4.000000000000000e-05
15,-2.131358718472215e-02,4.425811982678550e-02,4.500000000000000e-05
15,-2.349317789718756e-02,4.314070886730947e-02,5.000000000000000e-05
15,-2.561436086776481e-02,4.191604330824625e-02,5.500000000000000e-05
15,-2.767186250137091e-02,4.058716786113659e-02,6.000000000000001e-05
15,-2.966056752476029e-02,3.915738631972251e-02,6.500000000000001e-05
15,-3.157553170390018e-02,3.763025334619541e-02,7.000000000000001e-05
15,-3.341199413611533e-02,3.600956563374586e-02,7.500000000000001e-05
15,-3.516538908644231e-02,3.429935246738604e-02,8.000000000000001e-05
15,-3.683135733876588e-02,3.250386570651240e-02,8.500000000000001e-05
15,-3.840575703351725e-02,3.062756921411323e-02,9.000000000000001e-05
15,-3.988467396498944e-02,2.867512775890195e-02,9.500000000000001e-05
15,-4.126443131266947e-02,2.665139541796713e-02,1.000000000000000e-04
15,-4.254159878239348e-02,2.456140350877193e-02,1.050000000000000e-04
15,-4.371300113459845e-02,2.241034808050626e-02,1.100000000000000e-04
15,-4.477572607846816e-02,2.020357699588969e-02,1.150000000000000e-04
15,-4.572713151234688e-02,1.794657663554220e-02,1.200000000000000e-04
15,-4.656485209242051e-02,1.564495825797748e-02,1.250000000000000e-04
15,-4.728680511333393e-02,1.330444404913009e-02,1.300000000000000e-04
15,-4.789119568612467e-02,1.093085289609966e-02,1.350000000000000e-04
15,-4.837652120059970e-02,8.530085920480785e-03,1.400000000000000e-04
15,-4.874157506106108e-02,6.108111807244894e-03,1.450000000000000e-04
15,-4.898544968609306e-02,3.670951965648931e-03,1.500000000000000e-04
15,-4.910753876495238e-02,1.224665559063240e-03,1.550000000000000e-04
15,-4.910753876495238e-02,-1.224665559063228e-03,1.600000000000000e-04
15,-4.898544968609306e-02,-3.670951965648919e-03,1.650000000000000e-04
15,-4.874157506106108e-02,-6.108111807244881e-03,1.700000000000000e-04
15,-4.837652120059970e-02,-8.530085920480773e-03,1.750000000000000e-04
15,-4.789119568612467e-02,-1.093085289609965e-02,1.800000000000000e-04
15,-4.728680511333393e-02,-1.330444404913008e-02,1.850000000000000e-04
15,-4.656485209242051e-02,-1.564495825797747e-02,1.900000000000000e-04
15,-4.572713151234688e-02,-1.794657663554219e-02,1.950000000000000e-04
15,-4.477572607846816e-02,-2.020357699588968e-02,2.000000000000000e-04
15,-4.371300113459847e-02,-2.241034808050623e-02,2.050000000000000e-04
15,-4.254159878239348e-02,-2.456140350877194e-02,2.100000000000000e-04
15,-4.126443131266948e-02,-2.665139541796712e-02,2.150000000000000e-04
15,-3.988467396498945e-02,-2.867512775890195e-02,2.200000000000000e-04
15,-3.840575703351726e-02,-3.062756921411322e-02,2.250000000000000e-04
15,-3.683135733876590e-02,-3.250386570651238e-02,2.300000000000000e-04
15,-3.516538908644232e-02,-3.429935246738602e-02,2.350000000000000e-04
15,-3.341199413611533e-02,-3.600956563374585e-02,2.400000000000000e-04
15,-3.157553170390019e-02,-3.763025334619541e-02,2.450000000000000e-04
15,-2.966056752476029e-02,-3.915738631972250e-02,2.500000000000000e-04
15,-2.767186250137094e-02,-4.058716786113657e-02,2.550000000000000e-04
15,-2.561436086776484e-02,-4.191604330824623e-02,2.600000000000000e-04
15,-2.349317789718758e-02,-4.314070886730946e-02,2.650000000000000e-04
15,-2.131358718472216e-02,-4.425811982678550e-02,2.700000000000000e-04
15,-1.908100753630079e-02,-4.526549812696739e-02,2.750000000000000e-04
15,-1.680098949669951e-02,-4.616033926667620e-02,2.800000000000000e-04
15,-1.447920155000935e-02,-4.694041852984550e-02,2.850000000000000e-04
15,-1.212141602689163e-02,-4.760379651651610e-02,2.900000000000000e-04
15,-9.733494753654622e-03,-4.814882396448987e-02,2.950000000000000e-04
15,-7.321374478829660e-03,-4.857414584965543e-02,3.000000000000000e-04
15,-4.891052113478741e-03,-4.887870475479164e-02,3.050000000000000e-04
15,-2.448569821929002e-03,-4.906174349847338e-02,3.100000000000000e-04
15,-9.023713256875233e-18,-4.912280701754386e-02,3.150000000000000e-04
15,2.448569821928984e-03,-4.906174349847338e-02,3.200000000000000e-04
15,4.891052113478724e-03,-4.887870475479165e-02,3.250000000000000e-04
15,7.321374478829641e-03,-4.857414584965544e-02,3.300000000000001e-04
15,9.733494753654605e-03,-4.814882396448988e-02,3.350000000000000e-04
15,1.212141602689161e-02,-4.760379651651611e-02,3.400000000000000e-04
15,1.447920155000929e-02,-4.694041852984553e-02,3.450000000000000e-04
15,1.680098949669949e-02,-4.616033926667621e-02,3.500000000000001e-04
15,1.908100753630078e-02,-4.526549812696740e-02,3.550000000000000e-04
15,2.131358718472215e-02,-4.425811982678551e-02,3.600000000000000e-04
15,2.349317789718756e-02,-4.314070886730947e-02,3.650000000000000e-04
15,2.561436086776482e-02,-4.191604330824624e-02,3.700000000000000e-04
15,2.767186250137093e-02,-4.058716786113658e-02,3.750000000000000e-04
15,2.966056752476028e-02,-3.915738631972251e-02,3.800000000000000e-04
15,3.157553170390017e-02,-3.763025334619542e-02,3.850000000000000e-04
15,3.341199413611531e-02,-3.600956563374588e-02,3.900000000000000e-04
15,3.516538908644229e-02,-3.429935246738606e-02,3.950000000000000e-04
15,3.683135733876587e-02,-3.250386570651241e-02,4.000000000000000e-04
15,3.840575703351725e-02,-3.062756921411323e-02,4.050000000000000e-04
15,3.988467396498942e-02,-2.867512775890199e-02,4.100000000000000e-04
15,4.126443131266948e-02,-2.665139541796712e-02,4.150000000000001e-04
15,4.254159878239348e-02,-2.456140350877191e-02,4.200000000000000e-04
15,4.371300113459845e-02,-2.241034808050626e-02,4.250000000000000e-04
15,4.477572607846816e-02,-2.020357699588970e-02,4.300000000000000e-04
15,4.572713151234686e-02,-1.794657663554225e-02,4.350000000000001e-04
15,4.656485209242050e-02,-1.564495825797751e-02,4.400000000000000e-04
15,4.728680511333393e-02,-1.330444404913005e-02,4.450000000000000e-04
15,4.789119568612466e-02,-1.093085289609967e-02,4.500000000000000e-04
15,4.837652120059970e-02,-8.530085920480790e-03,4.550000000000001e-04
15,4.874157506106108e-02,-6.108111807244921e-03,4.600000000000000e-04
15,4.898544968609306e-02,-3.670951965648937e-03,4.650000000000000e-04
15,4.910753876495238e-02,-1.224665559063246e-03,4.700000000000000e-04
15,4.910753876495238e-02,1.224665559063222e-03,4.750000000000001e-04
15,4.898544968609306e-02,3.670951965648913e-03,4.800000000000001e-04
15,4.874157506106109e-02,6.108111807244855e-03,4.850000000000000e-04
15,4.837652120059970e-02,8.530085920480768e-03,4.900000000000001e-04
15,4.789119568612467e-02,1.093085289609964e-02,4.950000000000000e-04
15,4.728680511333393e-02,1.330444404913007e-02,5.000000000000000e-04
15,4.656485209242051e-02,1.564495825797749e-02,5.050000000000000e-04
15,4.572713151234688e-02,1.794657663554218e-02,5.100000000000000e-04
15,4.477572607846816e-02,2.020357699588967e-02,5.150000000000000e-04
15,4.371300113459846e-02,2.241034808050624e-02,5.200000000000001e-04
15,4.254159878239348e-02,2.456140350877193e-02,5.250000000000001e-04
15,4.126443131266946e-02,2.665139541796713e-02,5.300000000000001e-04
15,3.988467396498945e-02,2.867512775890194e-02,5.350000000000000e-04
15,3.840575703351726e-02,3.062756921411322e-02,5.400000000000000e-04
15,3.683135733876592e-02,3.250386570651236e-02,5.450000000000000e-04
15,3.516538908644230e-02,3.429935246738604e-02,5.500000000000000e-04
15,3.341199413611533e-02,3.600956563374587e-02,5.550000000000000e-04
15,3.157553170390019e-02,3.763025334619540e-02,5.600000000000001e-04
15,2.966056752476030e-02,3.915738631972250e-02,5.650000000000001e-04
15,2.767186250137094e-02,4.058716786113657e-02,5.700000000000001e-04
15,2.561436086776481e-02,4.191604330824625e-02,5.750000000000001e-04
15,2.349317789718758e-02,4.314070886730946e-02,5.800000000000000e-04
15,2.131358718472217e-02,4.425811982678550e-02,5.850000000000000e-04
15,1.908100753630080e-02,4.526549812696739e-02,5.900000000000000e-04
15,1.680098949669956e-02,4.616033926667619e-02,5.950000000000000e-04
15,1.447920155000936e-02,4.694041852984550e-02,6.000000000000001e-04
15,1.212141602689164e-02,4.760379651651610e-02,6.050000000000001e-04
15,9.733494753654627e-03,4.814882396448987e-02,6.100000000000001e-04
15,7.321374478829622e-03,4.857414584965544e-02,6.150000000000001e-04
15,4.891052113478747e-03,4.887870475479164e-02,6.200000000000000e-04
15,2.448569821929008e-03,4.906174349847338e-02,6.250000000000000e-04
16,0.000000000000000e+00,5.263157894736842e-02,0.000000000000000e+00
16,-2.623467666352478e-03,5.256615374836433e-02,5.000000000000000e-06
16,-5.240412978727186e-03,5.237004080870533e-02,1.000000000000000e-05
16,-7.844329798746016e-03,5.204372769605940e-02,1.500000000000000e-05
16,-1.042874437891565e-02,5.158802567623914e-02,2.000000000000000e-05
16,-1.298723145738388e-02,5.100406769626726e-02,2.500000000000000e-05
16,-1.551343023215285e-02,5.029330556769161e-02,3.000000000000000e-05
16,-1.800106017503519e-02,4.945750635715307e-02,3.500000000000000e-05
16,-2.044393664603656e-02,4.849874799317935e-02,4.000000000000000e-05
16,-2.283598626934516e-02,4.741941410012732e-02,4.500000000000000e-05
16,-2.517126203270096e-02,4.622218807211728e-02,5.000000000000000e-05
16,-2.744395807260516e-02,4.491004640169240e-02,5.500000000000000e-05
16,-2.964842410861169e-02,4.348625127978920e-02,6.000000000000001e-05
16,-3.177917949081459e-02,4.195434248541698e-02,6.500000000000001e-05
16,-3.383092682560733e-02,4.031812858520937e-02,7.000000000000001e-05
16,-3.579856514583785e-02,3.858167746472770e-02,7.500000000000001e-05
16,-3.767720259261676e-02,3.674930621505646e-02,8.000000000000001e-05
16,-3.946216857724916e-02,3.482557039983471e-02,8.500000000000001e-05
16,-4.114902539305420e-02,3.281525272940703e-02,9.000000000000001e-05
16,-4.273357924820297e-02,3.072335117025209e-02,9.500000000000001e-05
16,-4.421189069214586e-02,2.855506651925050e-02,1.000000000000000e-04
16,-4.558028440970729e-02,2.631578947368421e-02,1.050000000000000e-04
16,-4.683535835849834e-02,2.401108722911385e-02,1.100000000000000e-04
16,-4.797399222693016e-02,2.164668963845324e-02,1.150000000000000e-04
16,-4.899335519180022e-02,1.922847496665236e-02,1.200000000000000e-04
16,-4.989091295616482e-02,1.676245527640445e-02,1.250000000000000e-04
16,-5.066443405000063e-02,1.425476148121081e-02,1.300000000000000e-04
16,-5.131199537799071e-02,1.171162810296392e-02,1.350000000000000e-04
16,-5.183198700064252e-02,9.139377771943699e-03,1.400000000000000e-04
16,-5.222311613685116e-02,6.544405507762386e-03,1.450000000000000e-04
16,-5.248441037795685e-02,3.933162820338140e-03,1.500000000000000e-04
16,-5.261522010530612e-02,1.312141670424900e-03,1.550000000000000e-04
16,-5.261522010530612e-02,-1.312141670424887e-03,1.600000000000000e-04
16,-5.248441037795685e-02,-3.933162820338127e-03,1.650000000000000e-04
16,-5.222311613685116e-02,-6.544405507762373e-03,1.700000000000000e-04
16,-5.183198700064253e-02,-9.139377771943685e-03,1.750000000000000e-04
16,-5.131199537799071e-02,-1.171162810296391e-02,1.800000000000000e-04
16,-5.066443405000063e-02,-1.425476148121080e-02,1.850000000000000e-04
16,-4.989091295616483e-02,-1.676245527640443e-02,1.900000000000000e-04
16,-4.899335519180023e-02,-1.922847496665235e-02,1.950000000000000e-04
16,-4.797399222693017e-02,-2.164668963845323e-02,2.000000000000000e-04
16,-4.683535835849836e-02,-2.401108722911382e-02,2.050000000000000e-04
16,-4.558028440970729e-02,-2.631578947368422e-02,2.100000000000000e-04
16,-4.421189069214587e-02,-2.855506651925049e-02,2.150000000000000e-04
16,-4.273357924820299e-02,-3.072335117025208e-02,2.200000000000000e-04
16,-4.114902539305421e-02,-3.281525272940702e-02,2.250000000000000e-04
16,-3.946216857724918e-02,-3.482557039983469e-02,2.300000000000000e-04
16,-3.767720259261676e-02,-3.674930621505645e-02,2.350000000000000e-04
16,-3.579856514583786e-02,-3.858167746472770e-02,2.400000000000000e-04
16,-3.383092682560734e-02,-4.031812858520936e-02,2.450000000000000e-04
16,-3.177917949081459e-02,-4.195434248541697e-02,2.500000000000000e-04
16,-2.964842410861172e-02,-4.348625127978918e-02,2.550000000000000e-04
16,-2.744395807260519e-02,-4.491004640169238e-02,2.600000000000000e-04
16,-2.517126203270097e-02,-4.622218807211727e-02,2.650000000000000e-04
16,-2.283598626934517e-02,-4.741941410012732e-02,2.700000000000000e-04
16,-2.044393664603656e-02,-4.849874799317935e-02,2.750000000000000e-04
16,-1.800106017503519e-02,-4.945750635715307e-02,2.800000000000000e-04
16,-1.551343023215287e-02,-5.029330556769161e-02,2.850000000000000e-04
16,-1.298723145738389e-02,-5.100406769626725e-02,2.900000000000000e-04
16,-1.042874437891567e-02,-5.158802567623914e-02,2.950000000000000e-04
16,-7.844329798746063e-03,-5.204372769605939e-02,3.000000000000000e-04
16,-5.240412978727222e-03,-5.237004080870533e-02,3.050000000000000e-04
16,-2.623467666352502e-03,-5.256615374836433e-02,3.100000000000000e-04
16,-9.668264203794892e-18,-5.263157894736842e-02,3.150000000000000e-04
16,2.623467666352483e-03,-5.256615374836433e-02,3.200000000000000e-04
16,5.240412978727203e-03,-5.237004080870533e-02,3.250000000000000e-04
16,7.844329798746044e-03,-5.204372769605940e-02,3.300000000000001e-04
16,1.042874437891565e-02,-5.158802567623915e-02,3.350000000000000e-04
16,1.298723145738387e-02,-5.100406769626726e-02,3.400000000000000e-04
16,1.551343023215281e-02,-5.029330556769163e-02,3.450000000000000e-04
16,1.800106017503517e-02,-4.945750635715308e-02,3.500000000000001e-04
16,2.044393664603654e-02,-4.849874799317936e-02,3.550000000000000e-04
16,2.283598626934515e-02,-4.741941410012733e-02,3.600000000000000e-04
16,2.517126203270096e-02,-4.622218807211729e-02,3.650000000000000e-04
16,2.744395807260517e-02,-4.491004640169240e-02,3.700000000000000e-04
16,2.964842410861170e-02,-4.348625127978919e-02,3.750000000000000e-04
16,3.177917949081459e-02,-4.195434248541698e-02,3.800000000000000e-04
16,3.383092682560733e-02,-4.031812858520938e-02,3.850000000000000e-04
16,3.579856514583783e-02,-3.858167746472773e-02,3.900000000000000e-04
16,3.767720259261673e-02,-3.674930621505649e-02,3.950000000000000e-04
16,3.946216857724915e-02,-3.482557039983472e-02,4.000000000000000e-04
16,4.114902539305419e-02,-3.281525272940704e-02,4.050000000000000e-04
16,4.273357924820295e-02,-3.072335117025213e-02,4.100000000000000e-04
16,4.421189069214587e-02,-2.855506651925048e-02,4.150000000000001e-04
16,4.558028440970730e-02,-2.631578947368419e-02,4.200000000000000e-04
16,4.683535835849834e-02,-2.401108722911385e-02,4.250000000000000e-04
16,4.797399222693016e-02,-2.164668963845325e-02,4.300000000000000e-04
16,4.899335519180020e-02,-1.922847496665241e-02,4.350000000000001e-04
16,4.989091295616482e-02,-1.676245527640447e-02,4.400000000000000e-04
16,5.066443405000064e-02,-1.425476148121077e-02,4.450000000000000e-04
16,5.131199537799071e-02,-1.171162810296393e-02,4.500000000000000e-04
16,5.183198700064252e-02,-9.139377771943704e-03,4.550000000000001e-04
16,5.222311613685116e-02,-6.544405507762415e-03,4.600000000000000e-04
16,5.248441037795685e-02,-3.933162820338147e-03,4.650000000000000e-04
16,5.261522010530612e-02,-1.312141670424906e-03,4.700000000000000e-04
16,5.261522010530612e-02,1.312141670424881e-03,4.750000000000001e-04
16,5.248441037795685e-02,3.933162820338121e-03,4.800000000000001e-04
16,5.222311613685116e-02,6.544405507762344e-03,4.850000000000000e-04
16,5.183198700064253e-02,9.139377771943680e-03,4.900000000000001e-04
16,5.131199537799071e-02,1.171162810296390e-02,4.950000000000000e-04
16,5.066443405000064e-02,1.425476148121079e-02,5.000000000000000e-04
16,4.989091295616482e-02,1.676245527640445e-02,5.050000000000000e-04
16,4.899335519180023e-02,1.922847496665234e-02,5.100000000000000e-04
16,4.797399222693017e-02,2.164668963845322e-02,5.150000000000000e-04
16,4.683535835849835e-02,2.401108722911383e-02,5.200000000000001e-04
16,4.558028440970729e-02,2.631578947368421e-02,5.250000000000001e-04
16,4.421189069214586e-02,2.855506651925050e-02,5.300000000000001e-04
16,4.273357924820299e-02,3.072335117025208e-02,5.350000000000000e-04
16,4.114902539305421e-02,3.281525272940702e-02,5.400000000000000e-04
16,3.946216857724920e-02,3.482557039983467e-02,5.450000000000000e-04
16,3.767720259261675e-02,3.674930621505647e-02,5.500000000000000e-04
16,3.579856514583785e-02,3.858167746472771e-02,5.550000000000000e-04
16,3.383092682560734e-02,4.031812858520935e-02,5.600000000000001e-04
16,3.177917949081460e-02,4.195434248541697e-02,5.650000000000001e-04
16,2.964842410861172e-02,4.348625127978917e-02,5.700000000000001e-04
16,2.744395807260515e-02,4.491004640169240e-02,5.750000000000001e-04
16,2.517126203270098e-02,4.622218807211727e-02,5.800000000000000e-04
16,2.283598626934518e-02,4.741941410012732e-02,5.850000000000000e-04
16,2.044393664603657e-02,4.849874799317935e-02,5.900000000000000e-04
16,1.800106017503524e-02,4.945750635715306e-02,5.950000000000000e-04
16,1.551343023215288e-02,5.029330556769161e-02,6.000000000000001e-04
16,1.298723145738390e-02,5.100406769626725e-02,6.050000000000001e-04
16,1.042874437891567e-02,5.158802567623914e-02,6.100000000000001e-04
16,7.844329798746023e-03,5.204372769605940e-02,6.150000000000001e-04
16,5.240412978727229e-03,5.237004080870533e-02,6.200000000000000e-04
16,2.623467666352508e-03,5.256615374836433e-02,6.250000000000000e-04
17,0.000000000000000e+00,5.614035087719298e-02,0.000000000000000e+00
17,-2.798365510775976e-03,5.607056399825529e-02,5.000000000000000e-06
17,-5.589773843975666e-03,5.586137686261903e-02,1.000000000000000e-05
17,-8.367285118662417e-03,5.551330954246336e-02,1.500000000000000e-05
17,-1.112399400417670e-02,5.502722738798842e-02,2.000000000000000e-05
17,-1.385304688787614e-02,5.440433887601841e-02,2.500000000000000e-05
17,-1.654765891429638e-02,5.364619260553773e-02,3.000000000000000e-05
17,-1.920113085337087e-02,5.275467344762995e-02,3.500000000000000e-05
17,-2.180686575577233e-02,5.173199785939130e-02,4.000000000000000e-05
17,-2.435838535396817e-02,5.058070837346915e-02,4.500000000000000e-05
17,-2.684934616821436e-02,4.930366727692510e-02,5.000000000000000e-05
17,-2.927355527744550e-02,4.790404949513857e-02,5.500000000000000e-05
17,-3.162498571585247e-02,4.638533469844181e-02,6.000000000000001e-05
17,-3.389779145686890e-02,4.475129865111144e-02,6.500000000000001e-05
17,-3.608632194731449e-02,4.300600382422333e-02,7.000000000000001e-05
17,-3.818513615556038e-02,4.115378929570956e-02,7.500000000000001e-05
17,-4.018901609879121e-02,3.919925996272690e-02,8.000000000000001e-05
17,-4.209297981573244e-02,3.714727509315703e-02,8.500000000000001e-05
17,-4.389229375259115e-02,3.500293624470083e-02,9.000000000000001e-05
17,-4.558248453141651e-02,3.277157458160223e-02,9.500000000000001e-05
17,-4.715935007162225e-02,3.045873762053387e-02,1.000000000000000e-04
17,-4.861897003702112e-02,2.807017543859649e-02,1.050000000000000e-04
17,-4.995771558239823e-02,2.561182637772144e-02,1.100000000000000e-04
17,-5.117225837539217e-02,2.308980228101679e-02,1.150000000000000e-04
17,-5.225957887125358e-02,2.051037329776252e-02,1.200000000000000e-04
17,-5.321697381990915e-02,1.787995229483141e-02,1.250000000000000e-04
17,-5.404206298666734e-02,1.520507891329153e-02,1.300000000000000e-04
17,-5.473279506985677e-02,1.249240330982818e-02,1.350000000000000e-04
17,-5.528745280068537e-02,9.748669623406613e-03,1.400000000000000e-04
17,-5.570465721264124e-02,6.980699208279879e-03,1.450000000000000e-04
17,-5.598337106982064e-02,4.195373675027350e-03,1.500000000000000e-04
17,-5.612290144565986e-02,1.399617781786560e-03,1.550000000000000e-04
17,-5.612290144565986e-02,-1.399617781786546e-03,1.600000000000000e-04
17,-5.598337106982064e-02,-4.195373675027336e-03,1.650000000000000e-04
17,-5.570465721264124e-02,-6.980699208279865e-03,1.700000000000000e-04
17,-5.528745280068537e-02,-9.748669623406599e-03,1.750000000000000e-04
17,-5.473279506985677e-02,-1.249240330982817e-02,1.800000000000000e-04
17,-5.404206298666734e-02,-1.520507891329152e-02,1.850000000000000e-04
17,-5.321697381990916e-02,-1.787995229483140e-02,1.900000000000000e-04
17,-5.225957887125358e-02,-2.051037329776250e-02,1.950000000000000e-04
17,-5.117225837539218e-02,-2.308980228101678e-02,2.000000000000000e-04
17,-4.995771558239825e-02,-2.561182637772140e-02,2.050000000000000e-04
17,-4.861897003702111e-02,-2.807017543859650e-02,2.100000000000000e-04
17,-4.715935007162226e-02,-3.045873762053386e-02,2.150000000000000e-04
17,-4.558248453141652e-02,-3.277157458160222e-02,2.200000000000000e-04
17,-4.389229375259115e-02,-3.500293624470082e-02,2.250000000000000e-04
17,-4.209297981573246e-02,-3.714727509315700e-02,2.300000000000000e-04
17,-4.018901609879122e-02,-3.919925996272688e-02,2.350000000000000e-04
17,-3.818513615556039e-02,-4.115378929570955e-02,2.400000000000000e-04
17,-3.608632194731450e-02,-4.300600382422332e-02,2.450000000000000e-04
17,-3.389779145686891e-02,-4.475129865111143e-02,2.500000000000000e-04
17,-3.162498571585250e-02,-4.638533469844180e-02,2.550000000000000e-04
17,-2.927355527744554e-02,-4.790404949513855e-02,2.600000000000000e-04
17,-2.684934616821437e-02,-4.930366727692510e-02,2.650000000000000e-04
17,-2.435838535396818e-02,-5.058070837346914e-02,2.700000000000000e-04
17,-2.180686575577233e-02,-5.173199785939130e-02,2.750000000000000e-04
17,-1.920113085337087e-02,-5.275467344762995e-02,2.800000000000000e-04
17,-1.654765891429640e-02,-5.364619260553772e-02,2.850000000000000e-04
17,-1.385304688787615e-02,-5.440433887601841e-02,2.900000000000000e-04
17,-1.112399400417671e-02,-5.502722738798842e-02,2.950000000000000e-04
17,-8.367285118662469e-03,-5.551330954246335e-02,3.000000000000000e-04
17,-5.589773843975705e-03,-5.586137686261902e-02,3.050000000000000e-04
17,-2.798365510776002e-03,-5.607056399825529e-02,3.100000000000000e-04
17,-1.031281515071455e-17,-5.614035087719298e-02,3.150000000000000e-04
17,2.798365510775982e-03,-5.607056399825529e-02,3.200000000000000e-04
17,5.589773843975684e-03,-5.586137686261903e-02,3.250000000000000e-04
17,8.367285118662447e-03,-5.551330954246336e-02,3.300000000000001e-04
17,1.112399400417669e-02,-5.502722738798843e-02,3.350000000000000e-04
17,1.385304688787613e-02,-5.440433887601841e-02,3.400000000000000e-04
17,1.654765891429634e-02,-5.364619260553774e-02,3.450000000000000e-04
17,1.920113085337084e-02,-5.275467344762996e-02,3.500000000000001e-04
17,2.180686575577231e-02,-5.173199785939132e-02,3.550000000000000e-04
17,2.435838535396817e-02,-5.058070837346915e-02,3.600000000000000e-04
17,2.684934616821436e-02,-4.930366727692511e-02,3.650000000000000e-04
17,2.927355527744551e-02,-4.790404949513856e-02,3.700000000000000e-04
17,3.162498571585248e-02,-4.638533469844180e-02,3.750000000000000e-04
17,3.389779145686889e-02,-4.475129865111144e-02,3.800000000000000e-04
17,3.608632194731449e-02,-4.300600382422334e-02,3.850000000000000e-04
17,3.818513615556036e-02,-4.115378929570958e-02,3.900000000000000e-04
17,4.018901609879118e-02,-3.919925996272692e-02,3.950000000000000e-04
17,4.209297981573243e-02,-3.714727509315704e-02,4.000000000000000e-04
17,4.389229375259114e-02,-3.500293624470084e-02,4.050000000000000e-04
17,4.558248453141647e-02,-3.277157458160228e-02,4.100000000000000e-04
17,4.715935007162226e-02,-3.045873762053385e-02,4.150000000000001e-04
17,4.861897003702113e-02,-2.807017543859647e-02,4.200000000000000e-04
17,4.995771558239823e-02,-2.561182637772145e-02,4.250000000000000e-04
17,5.117225837539217e-02,-2.308980228101680e-02,4.300000000000000e-04
17,5.225957887125356e-02,-2.051037329776257e-02,4.350000000000001e-04
17,5.321697381990914e-02,-1.787995229483144e-02,4.400000000000000e-04
17,5.404206298666735e-02,-1.520507891329149e-02,4.450000000000000e-04
17,5.473279506985676e-02,-1.249240330982819e-02,4.500000000000000e-04
17,5.528745280068537e-02,-9.748669623406618e-03,4.550000000000001e-04
17,5.570465721264124e-02,-6.980699208279910e-03,4.600000000000000e-04
17,5.598337106982064e-02,-4.195373675027357e-03,4.650000000000000e-04
17,5.612290144565986e-02,-1.399617781786567e-03,4.700000000000000e-04
17,5.612290144565986e-02,1.399617781786539e-03,4.750000000000001e-04
17,5.598337106982064e-02,4.195373675027329e-03,4.800000000000001e-04
17,5.570465721264124e-02,6.980699208279833e-03,4.850000000000000e-04
17,5.528745280068537e-02,9.748669623406592e-03,4.900000000000001e-04
17,5.473279506985677e-02,1.249240330982816e-02,4.950000000000000e-04
17,5.404206298666735e-02,1.520507891329151e-02,5.000000000000000e-04
17,5.321697381990915e-02,1.787995229483141e-02,5.050000000000000e-04
17,5.225957887125358e-02,2.051037329776250e-02,5.100000000000000e-04
17,5.117225837539218e-02,2.308980228101677e-02,5.150000000000000e-04
17,4.995771558239824e-02,2.561182637772142e-02,5.200000000000001e-04
17,4.861897003702111e-02,2.807017543859649e-02,5.250000000000001e-04
17,4.715935007162225e-02,3.045873762053387e-02,5.300000000000001e-04
17,4.558248453141652e-02,3.277157458160222e-02,5.350000000000000e-04
17,4.389229375259116e-02,3.500293624470082e-02,5.400000000000000e-04
17,4.209297981573248e-02,3.714727509315698e-02,5.450000000000000e-04
17,4.018901609879121e-02,3.919925996272691e-02,5.500000000000000e-04
17,3.818513615556037e-02,4.115378929570956e-02,5.550000000000000e-04
17,3.608632194731450e-02,4.300600382422332e-02,5.600000000000001e-04
17,3.389779145686891e-02,4.475129865111143e-02,5.650000000000001e-04
17,3.162498571585250e-02,4.638533469844179e-02,5.700000000000001e-04
17,2.927355527744550e-02,4.790404949513857e-02,5.750000000000001e-04
17,2.684934616821438e-02,4.930366727692510e-02,5.800000000000000e-04
17,2.435838535396819e-02,5.058070837346914e-02,5.850000000000000e-04
17,2.180686575577234e-02,5.173199785939130e-02,5.900000000000000e-04
17,1.920113085337092e-02,5.275467344762993e-02,5.950000000000000e-04
17,1.654765891429641e-02,5.364619260553772e-02,6.000000000000001e-04
17,1.385304688787616e-02,5.440433887601841e-02,6.050000000000001e-04
17,1.112399400417672e-02,5.502722738798842e-02,6.100000000000001e-04
17,8.367285118662426e-03,5.551330954246336e-02,6.150000000000001e-04
17,5.589773843975712e-03,5.586137686261902e-02,6.200000000000000e-04
17,2.798365510776009e-03,5.607056399825529e-02,6.250000000000000e-04
18,0.000000000000000e+00,5.964912280701754e-02,0.000000000000000e+00
18,-2.973263355199474e-03,5.957497424814624e-02,5.000000000000000e-06
18,-5.939134709224144e-03,5.935271291653271e-02,1.000000000000000e-05
18,-8.890240438578818e-03,5.898289138886732e-02,1.500000000000000e-05
18,-1.181924362943774e-02,5.846642909973770e-02,2.000000000000000e-05
18,-1.471886231836839e-02,5.780461005576956e-02,2.500000000000000e-05
18,-1.758188759643990e-02,5.699907964338383e-02,3.000000000000000e-05
18,-2.040120153170655e-02,5.605184053810681e-02,3.500000000000000e-05
18,-2.316979486550810e-02,5.496524772560326e-02,4.000000000000000e-05
18,-2.588078443859118e-02,5.374200264681096e-02,4.500000000000000e-05
18,-2.852743030372776e-02,5.238514648173292e-02,5.000000000000000e-05
18,-3.110315248228585e-02,5.089805258858473e-02,5.500000000000000e-05
18,-3.360154732309324e-02,4.928441811709443e-02,6.000000000000001e-05
18,-3.601640342292321e-02,4.754825481680591e-02,6.500000000000001e-05
18,-3.834171706902165e-02,4.569387906323728e-02,7.000000000000001e-05
18,-4.057170716528290e-02,4.372590112669140e-02,7.500000000000001e-05
18,-4.270082960496566e-02,4.164921371039733e-02,8.000000000000001e-05
18,-4.472379105421571e-02,3.946897978647934e-02,8.500000000000001e-05
18,-4.663556211212809e-02,3.719061975999463e-02,9.000000000000001e-05
18,-4.843138981463004e-02,3.481979799295237e-02,9.500000000000001e-05
18,-5.010680945109865e-02,3.236240872181723e-02,1.000000000000000e-04
18,-5.165765566433494e-02,2.982456140350877e-02,1.050000000000000e-04
18,-5.308007280629812e-02,2.721256552632903e-02,1.100000000000000e-04
18,-5.437052452385419e-02,2.453291492358034e-02,1.150000000000000e-04
18,-5.552580255070692e-02,2.179227162887267e-02,1.200000000000000e-04
18,-5.654303468365347e-02,1.899744931325837e-02,1.250000000000000e-04
18,-5.741969192333405e-02,1.615539634537225e-02,1.300000000000000e-04
18,-5.815359476172281e-02,1.327317851669244e-02,1.350000000000000e-04
18,-5.874291860072819e-02,1.035796147486952e-02,1.400000000000000e-04
18,-5.918619828843132e-02,7.416992908797371e-03,1.450000000000000e-04
18,-5.948233176168443e-02,4.457584529716559e-03,1.500000000000000e-04
18,-5.963058278601360e-02,1.487093893148220e-03,1.550000000000000e-04
18,-5.963058278601360e-02,-1.487093893148205e-03,1.600000000000000e-04
18,-5.948233176168443e-02,-4.457584529716545e-03,1.650000000000000e-04
18,-5.918619828843132e-02,-7.416992908797356e-03,1.700000000000000e-04
18,-5.874291860072820e-02,-1.035796147486951e-02,1.750000000000000e-04
18,-5.815359476172281e-02,-1.327317851669243e-02,1.800000000000000e-04
18,-5.741969192333405e-02,-1.615539634537224e-02,1.850000000000000e-04
18,-5.654303468365347e-02,-1.899744931325836e-02,1.900000000000000e-04
18,-5.552580255070693e-02,-2.179227162887266e-02,1.950000000000000e-04
18,-5.437052452385419e-02,-2.453291492358033e-02,2.000000000000000e-04
18,-5.308007280629815e-02,-2.721256552632899e-02,2.050000000000000e-04
18,-5.165765566433493e-02,-2.982456140350878e-02,2.100000000000000e-04
18,-5.010680945109865e-02,-3.236240872181722e-02,2.150000000000000e-04
18,-4.843138981463005e-02,-3.481979799295237e-02,2.200000000000000e-04
18,-4.663556211212810e-02,-3.719061975999462e-02,2.250000000000000e-04
18,-4.472379105421573e-02,-3.946897978647932e-02,2.300000000000000e-04
18,-4.270082960496566e-02,-4.164921371039731e-02,2.350000000000000e-04
18,-4.057170716528291e-02,-4.372590112669139e-02,2.400000000000000e-04
18,-3.834171706902165e-02,-4.569387906323728e-02,2.450000000000000e-04
18,-3.601640342292321e-02,-4.754825481680590e-02,2.500000000000000e-04
18,-3.360154732309328e-02,-4.928441811709441e-02,2.550000000000000e-04
18,-3.110315248228588e-02,-5.089805258858471e-02,2.600000000000000e-04
18,-2.852743030372777e-02,-5.238514648173292e-02,2.650000000000000e-04
18,-2.588078443859120e-02,-5.374200264681096e-02,2.700000000000000e-04
18,-2.316979486550810e-02,-5.496524772560326e-02,2.750000000000000e-04
18,-2.040120153170654e-02,-5.605184053810681e-02,2.800000000000000e-04
18,-1.758188759643993e-02,-5.699907964338382e-02,2.850000000000000e-04
18,-1.471886231836841e-02,-5.780461005576955e-02,2.900000000000000e-04
18,-1.181924362943776e-02,-5.846642909973770e-02,2.950000000000000e-04
18,-8.890240438578872e-03,-5.898289138886731e-02,3.000000000000000e-04
18,-5.939134709224186e-03,-5.935271291653271e-02,3.050000000000000e-04
18,-2.973263355199502e-03,-5.957497424814624e-02,3.100000000000000e-04
18,-1.095736609763421e-17,-5.964912280701754e-02,3.150000000000000e-04
18,2.973263355199481e-03,-5.957497424814624e-02,3.200000000000000e-04
18,5.939134709224164e-03,-5.935271291653271e-02,3.250000000000000e-04
18,8.890240438578849e-03,-5.898289138886732e-02,3.300000000000001e-04
18,1.181924362943773e-02,-5.846642909973770e-02,3.350000000000000e-04
18,1.471886231836839e-02,-5.780461005576956e-02,3.400000000000000e-04
18,1.758188759643986e-02,-5.699907964338385e-02,3.450000000000000e-04
18,2.040120153170652e-02,-5.605184053810682e-02,3.500000000000001e-04
18,2.316979486550808e-02,-5.496524772560327e-02,3.550000000000000e-04
18,2.588078443859117e-02,-5.374200264681097e-02,3.600000000000000e-04
18,2.852743030372775e-02,-5.238514648173293e-02,3.650000000000000e-04
18,3.110315248228586e-02,-5.089805258858472e-02,3.700000000000000e-04
18,3.360154732309326e-02,-4.928441811709442e-02,3.750000000000000e-04
18,3.601640342292320e-02,-4.754825481680591e-02,3.800000000000000e-04
18,3.834171706902164e-02,-4.569387906323729e-02,3.850000000000000e-04
18,4.057170716528288e-02,-4.372590112669143e-02,3.900000000000000e-04
18,4.270082960496564e-02,-4.164921371039736e-02,3.950000000000000e-04
18,4.472379105421570e-02,-3.946897978647935e-02,4.000000000000000e-04
18,4.663556211212808e-02,-3.719061975999464e-02,4.050000000000000e-04
18,4.843138981463000e-02,-3.481979799295242e-02,4.100000000000000e-04
18,5.010680945109865e-02,-3.236240872181721e-02,4.150000000000001e-04
18,5.165765566433494e-02,-2.982456140350875e-02,4.200000000000000e-04
18,5.308007280629812e-02,-2.721256552632903e-02,4.250000000000000e-04
18,5.437052452385419e-02,-2.453291492358034e-02,4.300000000000000e-04
18,5.552580255070690e-02,-2.179227162887273e-02,4.350000000000001e-04
18,5.654303468365346e-02,-1.899744931325840e-02,4.400000000000000e-04
18,5.741969192333406e-02,-1.615539634537221e-02,4.450000000000000e-04
18,5.815359476172281e-02,-1.327317851669245e-02,4.500000000000000e-04
18,5.874291860072819e-02,-1.035796147486953e-02,4.550000000000001e-04
18,5.918619828843131e-02,-7.416992908797404e-03,4.600000000000000e-04
18,5.948233176168443e-02,-4.457584529716566e-03,4.650000000000000e-04
18,5.963058278601360e-02,-1.487093893148227e-03,4.700000000000000e-04
18,5.963058278601360e-02,1.487093893148198e-03,4.750000000000001e-04
18,5.948233176168443e-02,4.457584529716537e-03,4.800000000000001e-04
18,5.918619828843132e-02,7.416992908797323e-03,4.850000000000000e-04
18,5.874291860072820e-02,1.035796147486950e-02,4.900000000000001e-04
18,5.815359476172281e-02,1.327317851669242e-02,4.950000000000000e-04
18,5.741969192333406e-02,1.615539634537223e-02,5.000000000000000e-04
18,5.654303468365347e-02,1.899744931325838e-02,5.050000000000000e-04
18,5.552580255070693e-02,2.179227162887265e-02,5.100000000000000e-04
18,5.437052452385419e-02,2.453291492358032e-02,5.150000000000000e-04
18,5.308007280629813e-02,2.721256552632901e-02,5.200000000000001e-04
18,5.165765566433493e-02,2.982456140350877e-02,5.250000000000001e-04
18,5.010680945109864e-02,3.236240872181723e-02,5.300000000000001e-04
18,4.843138981463005e-02,3.481979799295236e-02,5.350000000000000e-04
18,4.663556211212810e-02,3.719061975999462e-02,5.400000000000000e-04
18,4.472379105421576e-02,3.946897978647929e-02,5.450000000000000e-04
18,4.270082960496566e-02,4.164921371039734e-02,5.500000000000000e-04
18,4.057170716528290e-02,4.372590112669140e-02,5.550000000000000e-04
18,3.834171706902166e-02,4.569387906323727e-02,5.600000000000001e-04
18,3.601640342292322e-02,4.754825481680590e-02,5.650000000000001e-04
18,3.360154732309328e-02,4.928441811709440e-02,5.700000000000001e-04
18,3.110315248228584e-02,5.089805258858473e-02,5.750000000000001e-04
18,2.852743030372778e-02,5.238514648173292e-02,5.800000000000000e-04
18,2.588078443859120e-02,5.374200264681096e-02,5.850000000000000e-04
18,2.316979486550811e-02,5.496524772560326e-02,5.900000000000000e-04
18,2.040120153170660e-02,5.605184053810679e-02,5.950000000000000e-04
18,1.758188759643993e-02,5.699907964338382e-02,6.000000000000001e-04
18,1.471886231836842e-02,5.780461005576955e-02,6.050000000000001e-04
18,1.181924362943776e-02,5.846642909973770e-02,6.100000000000001e-04
18,8.890240438578827e-03,5.898289138886732e-02,6.150000000000001e-04
18,5.939134709224193e-03,5.935271291653271e-02,6.200000000000000e-04
18,2.973263355199509e-03,5.957497424814624e-02,6.250000000000000e-04
19,0.000000000000000e+00,6.315789473684211e-02,0.000000000000000e+00
19,-3.148161199622973e-03,6.307938449803720e-02,5.000000000000000e-06
19,-6.288495574472624e-03,6.284404897044640e-02,1.000000000000000e-05
19,-9.413195758495219e-03,6.245247323527128e-02,1.500000000000000e-05
19,-1.251449325469878e-02,6.190563081148698e-02,2.000000000000000e-05
19,-1.558467774886065e-02,6.120488123552072e-02,2.500000000000000e-05
19,-1.861611627858343e-02,6.035196668122994e-02,3.000000000000000e-05
19,-2.160127221004223e-02,5.934900762858369e-02,3.500000000000000e-05
19,-2.453272397524387e-02,5.819849759181522e-02,4.000000000000000e-05
19,-2.740318352321420e-02,5.690329692015279e-02,4.500000000000000e-05
19,-3.020551443924116e-02,5.546662568654075e-02,5.000000000000000e-05
19,-3.293274968712619e-02,5.389205568203089e-02,5.500000000000000e-05
19,-3.557810893033403e-02,5.218350153574704e-02,6.000000000000001e-05
19,-3.813501538897751e-02,5.034521098250037e-02,6.500000000000001e-05
19,-4.059711219072881e-02,4.838175430225124e-02,7.000000000000001e-05
19,-4.295827817500543e-02,4.629801295767325e-02,7.500000000000001e-05
19,-4.521264311114011e-02,4.409916745806776e-02,8.000000000000001e-05
19,-4.735460229269899e-02,4.179068447980166e-02,8.500000000000001e-05
19,-4.937883047166504e-02,3.937830327528844e-02,9.000000000000001e-05
19,-5.128029509784357e-02,3.686802140430251e-02,9.500000000000001e-05
19,-5.305426883057504e-02,3.426607982310061e-02,1.000000000000000e-04
19,-5.469634129164876e-02,3.157894736842105e-02,1.050000000000000e-04
19,-5.620243003019802e-02,2.881330467493662e-02,1.100000000000000e-04
19,-5.756879067231620e-02,2.597602756614389e-02,1.150000000000000e-04
19,-5.879202623016028e-02,2.307416995998283e-02,1.200000000000000e-04
19,-5.986909554739779e-02,2.011494633168534e-02,1.250000000000000e-04
19,-6.079732086000076e-02,1.710571377745298e-02,1.300000000000000e-04
19,-6.157439445358887e-02,1.405395372355671e-02,1.350000000000000e-04
19,-6.219838440077104e-02,1.096725332633244e-02,1.400000000000000e-04
19,-6.266773936422139e-02,7.853286609314863e-03,1.450000000000000e-04
19,-6.298129245354822e-02,4.719795384405769e-03,1.500000000000000e-04
19,-6.313826412636735e-02,1.574570004509880e-03,1.550000000000000e-04
19,-6.313826412636735e-02,-1.574570004509864e-03,1.600000000000000e-04
19,-6.298129245354822e-02,-4.719795384405753e-03,1.650000000000000e-04
19,-6.266773936422139e-02,-7.853286609314848e-03,1.700000000000000e-04
19,-6.219838440077104e-02,-1.096725332633242e-02,1.750000000000000e-04
19,-6.157439445358887e-02,-1.405395372355669e-02,1.800000000000000e-04
19,-6.079732086000076e-02,-1.710571377745296e-02,1.850000000000000e-04
19,-5.986909554739780e-02,-2.011494633168532e-02,1.900000000000000e-04
19,-5.879202623016028e-02,-2.307416995998282e-02,1.950000000000000e-04
19,-5.756879067231620e-02,-2.597602756614387e-02,2.000000000000000e-04
19,-5.620243003019804e-02,-2.881330467493658e-02,2.050000000000000e-04
19,-5.469634129164876e-02,-3.157894736842106e-02,2.100000000000000e-04
19,-5.305426883057505e-02,-3.426607982310059e-02,2.150000000000000e-04
19,-5.128029509784358e-02,-3.686802140430250e-02,2.200000000000000e-04
19,-4.937883047166505e-02,-3.937830327528843e-02,2.250000000000000e-04
19,-4.735460229269902e-02,-4.179068447980163e-02,2.300000000000000e-04
19,-4.521264311114012e-02,-4.409916745806775e-02,2.350000000000000e-04
19,-4.295827817500544e-02,-4.629801295767325e-02,2.400000000000000e-04
19,-4.059711219072881e-02,-4.838175430225124e-02,2.450000000000000e-04
19,-3.813501538897752e-02,-5.034521098250036e-02,2.500000000000000e-04
19,-3.557810893033406e-02,-5.218350153574702e-02,2.550000000000000e-04
19,-3.293274968712623e-02,-5.389205568203087e-02,2.600000000000000e-04
19,-3.020551443924117e-02,-5.546662568654074e-02,2.650000000000000e-04
19,-2.740318352321421e-02,-5.690329692015279e-02,2.700000000000000e-04
19,-2.453272397524387e-02,-5.819849759181522e-02,2.750000000000000e-04
19,-2.160127221004222e-02,-5.934900762858369e-02,2.800000000000000e-04
19,-1.861611627858345e-02,-6.035196668122993e-02,2.850000000000000e-04
19,-1.558467774886067e-02,-6.120488123552071e-02,2.900000000000000e-04
19,-1.251449325469880e-02,-6.190563081148698e-02,2.950000000000000e-04
19,-9.413195758495278e-03,-6.245247323527127e-02,3.000000000000000e-04
19,-6.288495574472667e-03,-6.284404897044640e-02,3.050000000000000e-04
19,-3.148161199623003e-03,-6.307938449803720e-02,3.100000000000000e-04
19,-1.160191704455387e-17,-6.315789473684211e-02,3.150000000000000e-04
19,3.148161199622980e-03,-6.307938449803720e-02,3.200000000000000e-04
19,6.288495574472645e-03,-6.284404897044640e-02,3.250000000000000e-04
19,9.413195758495254e-03,-6.245247323527128e-02,3.300000000000001e-04
19,1.251449325469878e-02,-6.190563081148698e-02,3.350000000000000e-04
19,1.558467774886065e-02,-6.120488123552072e-02,3.400000000000000e-04
19,1.861611627858338e-02,-6.035196668122996e-02,3.450000000000000e-04
19,2.160127221004220e-02,-5.934900762858370e-02,3.500000000000001e-04
19,2.453272397524385e-02,-5.819849759181524e-02,3.550000000000000e-04
19,2.740318352321419e-02,-5.690329692015280e-02,3.600000000000000e-04
19,3.020551443924115e-02,-5.546662568654075e-02,3.650000000000000e-04
19,3.293274968712621e-02,-5.389205568203088e-02,3.700000000000000e-04
19,3.557810893033405e-02,-5.218350153574704e-02,3.750000000000000e-04
19,3.813501538897750e-02,-5.034521098250037e-02,3.800000000000000e-04
19,4.059711219072880e-02,-4.838175430225125e-02,3.850000000000000e-04
19,4.295827817500540e-02,-4.629801295767328e-02,3.900000000000000e-04
19,4.521264311114009e-02,-4.409916745806779e-02,3.950000000000000e-04
19,4.735460229269899e-02,-4.179068447980167e-02,4.000000000000000e-04
19,4.937883047166503e-02,-3.937830327528845e-02,4.050000000000000e-04
19,5.128029509784354e-02,-3.686802140430256e-02,4.100000000000000e-04
19,5.305426883057505e-02,-3.426607982310059e-02,4.150000000000001e-04
19,5.469634129164877e-02,-3.157894736842103e-02,4.200000000000000e-04
19,5.620243003019801e-02,-2.881330467493663e-02,4.250000000000000e-04
19,5.756879067231620e-02,-2.597602756614389e-02,4.300000000000000e-04
19,5.879202623016025e-02,-2.307416995998289e-02,4.350000000000001e-04
19,5.986909554739778e-02,-2.011494633168537e-02,4.400000000000000e-04
19,6.079732086000077e-02,-1.710571377745293e-02,4.450000000000000e-04
19,6.157439445358886e-02,-1.405395372355672e-02,4.500000000000000e-04
19,6.219838440077104e-02,-1.096725332633245e-02,4.550000000000001e-04
19,6.266773936422139e-02,-7.853286609314900e-03,4.600000000000000e-04
19,6.298129245354822e-02,-4.719795384405777e-03,4.650000000000000e-04
19,6.313826412636735e-02,-1.574570004509887e-03,4.700000000000000e-04
19,6.313826412636735e-02,1.574570004509857e-03,4.750000000000001e-04
19,6.298129245354822e-02,4.719795384405745e-03,4.800000000000001e-04
19,6.266773936422140e-02,7.853286609314813e-03,4.850000000000000e-04
19,6.219838440077104e-02,1.096725332633242e-02,4.900000000000001e-04
19,6.157439445358887e-02,1.405395372355668e-02,4.950000000000000e-04
19,6.079732086000077e-02,1.710571377745295e-02,5.000000000000000e-04
19,5.986909554739779e-02,2.011494633168534e-02,5.050000000000000e-04
19,5.879202623016028e-02,2.307416995998281e-02,5.100000000000000e-04
19,5.756879067231620e-02,2.597602756614387e-02,5.150000000000000e-04
19,5.620243003019802e-02,2.881330467493660e-02,5.200000000000001e-04
19,5.469634129164876e-02,3.157894736842105e-02,5.250000000000001e-04
19,5.305426883057503e-02,3.426607982310061e-02,5.300000000000001e-04
19,5.128029509784358e-02,3.686802140430250e-02,5.350000000000000e-04
19,4.937883047166505e-02,3.937830327528843e-02,5.400000000000000e-04
19,4.735460229269904e-02,4.179068447980160e-02,5.450000000000000e-04
19,4.521264311114011e-02,4.409916745806777e-02,5.500000000000000e-04
19,4.295827817500542e-02,4.629801295767326e-02,5.550000000000000e-04
19,4.059711219072882e-02,4.838175430225123e-02,5.600000000000001e-04
19,3.813501538897753e-02,5.034521098250036e-02,5.650000000000001e-04
19,3.557810893033407e-02,5.218350153574702e-02,5.700000000000001e-04
19,3.293274968712619e-02,5.389205568203089e-02,5.750000000000001e-04
19,3.020551443924118e-02,5.546662568654074e-02,5.800000000000000e-04
19,2.740318352321422e-02,5.690329692015279e-02,5.850000000000000e-04
19,2.453272397524388e-02,5.819849759181522e-02,5.900000000000000e-04
19,2.160127221004228e-02,5.934900762858367e-02,5.950000000000000e-04
19,1.861611627858346e-02,6.035196668122993e-02,6.000000000000001e-04
19,1.558467774886068e-02,6.120488123552071e-02,6.050000000000001e-04
19,1.251449325469881e-02,6.190563081148698e-02,6.100000000000001e-04
19,9.413195758495228e-03,6.245247323527128e-02,6.150000000000001e-04
19,6.288495574472675e-03,6.284404897044640e-02,6.200000000000000e-04
19,3.148161199623010e-03,6.307938449803720e-02,6.250000000000000e-04
20,0.000000000000000e+00,6.666666666666667e-02,0.000000000000000e+00
20,-3.323059044046472e-03,6.658379474792815e-02,5.000000000000000e-06
20,-6.637856439721103e-03,6.633538502436009e-02,1.000000000000000e-05
20,-9.936151078411620e-03,6.592205508167523e-02,1.500000000000000e-05
20,-1.320974287995983e-02,6.534483252323625e-02,2.000000000000000e-05
20,-1.645049317935291e-02,6.460515241527186e-02,2.500000000000000e-05
20,-1.965034496072695e-02,6.370485371907604e-02,3.000000000000000e-05
20,-2.280134288837792e-02,6.264617471906056e-02,3.500000000000000e-05
20,-2.589565308497965e-02,6.143174745802717e-02,4.000000000000000e-05
20,-2.892558260783720e-02,6.006459119349461e-02,4.500000000000000e-05
20,-3.188359857475456e-02,5.854810489134856e-02,5.000000000000000e-05
20,-3.476234689196653e-02,5.688605877547705e-02,5.500000000000000e-05
20,-3.755467053757480e-02,5.508258495439965e-02,6.000000000000001e-05
20,-4.025362735503182e-02,5.314216714819484e-02,6.500000000000001e-05
20,-4.285250731243596e-02,5.106962954126520e-02,7.000000000000001e-05
20,-4.534484918472795e-02,4.887012478865509e-02,7.500000000000001e-05
20,-4.772445661731456e-02,4.654912120573819e-02,8.000000000000001e-05
20,-4.998541353118226e-02,4.411238917312398e-02,8.500000000000001e-05
20,-5.212209883120199e-02,4.156598679058224e-02,9.000000000000001e-05
20,-5.412920038105710e-02,3.891624481565265e-02,9.500000000000001e-05
20,-5.600172821005143e-02,3.616975092438397e-02,1.000000000000000e-04
20,-5.773502691896258e-02,3.333333333333333e-02,1.050000000000000e-04
20,-5.932478725409790e-02,3.041404382354421e-02,1.100000000000000e-04
20,-6.076705682077821e-02,2.741914020870744e-02,1.150000000000000e-04
20,-6.205824990961362e-02,2.435606829109299e-02,1.200000000000000e-04
20,-6.319515641114211e-02,2.123244335011230e-02,1.250000000000000e-04
20,-6.417494979666746e-02,1.805603120953370e-02,1.300000000000000e-04
20,-6.499519414545490e-02,1.483472893042097e-02,1.350000000000000e-04
20,-6.565385020081387e-02,1.157654517779535e-02,1.400000000000000e-04
20,-6.614928044001148e-02,8.289580309832355e-03,1.450000000000000e-04
20,-6.648025314541200e-02,4.982006239094978e-03,1.500000000000000e-04
20,-6.664594546672108e-02,1.662046115871540e-03,1.550000000000000e-04
20,-6.664594546672108e-02,-1.662046115871523e-03,1.600000000000000e-04
20,-6.648025314541200e-02,-4.982006239094961e-03,1.650000000000000e-04
20,-6.614928044001148e-02,-8.289580309832340e-03,1.700000000000000e-04
20,-6.565385020081388e-02,-1.157654517779533e-02,1.750000000000000e-04
20,-6.499519414545490e-02,-1.483472893042095e-02,1.800000000000000e-04
20,-6.417494979666746e-02,-1.805603120953368e-02,1.850000000000000e-04
20,-6.319515641114212e-02,-2.123244335011228e-02,1.900000000000000e-04
20,-6.205824990961363e-02,-2.435606829109297e-02,1.950000000000000e-04
20,-6.076705682077822e-02,-2.741914020870742e-02,2.000000000000000e-04
20,-5.932478725409793e-02,-3.041404382354417e-02,2.050000000000000e-04
20,-5.773502691896257e-02,-3.333333333333334e-02,2.100000000000000e-04
20,-5.600172821005144e-02,-3.616975092438395e-02,2.150000000000000e-04
20,-5.412920038105711e-02,-3.891624481565264e-02,2.200000000000000e-04
20,-5.212209883120199e-02,-4.156598679058222e-02,2.250000000000000e-04
20,-4.998541353118229e-02,-4.411238917312395e-02,2.300000000000000e-04
20,-4.772445661731457e-02,-4.654912120573818e-02,2.350000000000000e-04
20,-4.534484918472795e-02,-4.887012478865509e-02,2.400000000000000e-04
20,-4.285250731243596e-02,-5.106962954126519e-02,2.450000000000000e-04
20,-4.025362735503182e-02,-5.314216714819483e-02,2.500000000000000e-04
20,-3.755467053757484e-02,-5.508258495439963e-02,2.550000000000000e-04
20,-3.476234689196657e-02,-5.688605877547703e-02,2.600000000000000e-04
20,-3.188359857475457e-02,-5.854810489134855e-02,2.650000000000000e-04
20,-2.892558260783722e-02,-6.006459119349460e-02,2.700000000000000e-04
20,-2.589565308497965e-02,-6.143174745802717e-02,2.750000000000000e-04
20,-2.280134288837790e-02,-6.264617471906056e-02,2.800000000000000e-04
20,-1.965034496072698e-02,-6.370485371907604e-02,2.850000000000000e-04
20,-1.645049317935292e-02,-6.460515241527186e-02,2.900000000000000e-04
20,-1.320974287995984e-02,-6.534483252323625e-02,2.950000000000000e-04
20,-9.936151078411681e-03,-6.592205508167523e-02,3.000000000000000e-04
20,-6.637856439721149e-03,-6.633538502436008e-02,3.050000000000000e-04
20,-3.323059044046503e-03,-6.658379474792815e-02,3.100000000000000e-04
20,-1.224646799147353e-17,-6.666666666666667e-02,3.150000000000000e-04
20,3.323059044046478e-03,-6.658379474792815e-02,3.200000000000000e-04
20,6.637856439721124e-03,-6.633538502436009e-02,3.250000000000000e-04
20,9.936151078411655e-03,-6.592205508167523e-02,3.300000000000001e-04
20,1.320974287995982e-02,-6.534483252323627e-02,3.350000000000000e-04
20,1.645049317935290e-02,-6.460515241527186e-02,3.400000000000000e-04
20,1.965034496072690e-02,-6.370485371907607e-02,3.450000000000000e-04
20,2.280134288837788e-02,-6.264617471906057e-02,3.500000000000001e-04
20,2.589565308497962e-02,-6.143174745802719e-02,3.550000000000000e-04
20,2.892558260783720e-02,-6.006459119349462e-02,3.600000000000000e-04
20,3.188359857475455e-02,-5.854810489134857e-02,3.650000000000000e-04
20,3.476234689196655e-02,-5.688605877547704e-02,3.700000000000000e-04
20,3.755467053757482e-02,-5.508258495439965e-02,3.750000000000000e-04
20,4.025362735503181e-02,-5.314216714819484e-02,3.800000000000000e-04
20,4.285250731243595e-02,-5.106962954126520e-02,3.850000000000000e-04
20,4.534484918472792e-02,-4.887012478865513e-02,3.900000000000000e-04
20,4.772445661731453e-02,-4.654912120573822e-02,3.950000000000000e-04
20,4.998541353118226e-02,-4.411238917312398e-02,4.000000000000000e-04
20,5.212209883120198e-02,-4.156598679058224e-02,4.050000000000000e-04
20,5.412920038105706e-02,-3.891624481565271e-02,4.100000000000000e-04
20,5.600172821005144e-02,-3.616975092438394e-02,4.150000000000001e-04
20,5.773502691896259e-02,-3.333333333333331e-02,4.200000000000000e-04
20,5.932478725409789e-02,-3.041404382354422e-02,4.250000000000000e-04
20,6.076705682077821e-02,-2.741914020870745e-02,4.300000000000000e-04
20,6.205824990961360e-02,-2.435606829109305e-02,4.350000000000001e-04
20,6.319515641114211e-02,-2.123244335011234e-02,4.400000000000000e-04
20,6.417494979666748e-02,-1.805603120953364e-02,4.450000000000000e-04
20,6.499519414545490e-02,-1.483472893042098e-02,4.500000000000000e-04
20,6.565385020081387e-02,-1.157654517779536e-02,4.550000000000001e-04
20,6.614928044001146e-02,-8.289580309832394e-03,4.600000000000000e-04
20,6.648025314541200e-02,-4.982006239094987e-03,4.650000000000000e-04
20,6.664594546672108e-02,-1.662046115871548e-03,4.700000000000000e-04
20,6.664594546672108e-02,1.662046115871515e-03,4.750000000000001e-04
20,6.648025314541200e-02,4.982006239094953e-03,4.800000000000001e-04
20,6.614928044001148e-02,8.289580309832302e-03,4.850000000000000e-04
20,6.565385020081388e-02,1.157654517779533e-02,4.900000000000001e-04
20,6.499519414545490e-02,1.483472893042095e-02,4.950000000000000e-04
20,6.417494979666748e-02,1.805603120953367e-02,5.000000000000000e-04
20,6.319515641114211e-02,2.123244335011230e-02,5.050000000000000e-04
20,6.205824990961363e-02,2.435606829109296e-02,5.100000000000000e-04
20,6.076705682077822e-02,2.741914020870741e-02,5.150000000000000e-04
20,5.932478725409791e-02,3.041404382354419e-02,5.200000000000001e-04
20,5.773502691896257e-02,3.333333333333333e-02,5.250000000000001e-04
20,5.600172821005142e-02,3.616975092438397e-02,5.300000000000001e-04
20,5.412920038105711e-02,3.891624481565263e-02,5.350000000000000e-04
20,5.212209883120200e-02,4.156598679058222e-02,5.400000000000000e-04
20,4.998541353118232e-02,4.411238917312391e-02,5.450000000000000e-04
20,4.772445661731455e-02,4.654912120573820e-02,5.500000000000000e-04
20,4.534484918472794e-02,4.887012478865510e-02,5.550000000000000e-04
20,4.285250731243597e-02,5.106962954126518e-02,5.600000000000001e-04
20,4.025362735503183e-02,5.314216714819483e-02,5.650000000000001e-04
20,3.755467053757485e-02,5.508258495439963e-02,5.700000000000001e-04
20,3.476234689196653e-02,5.688605877547705e-02,5.750000000000001e-04
20,3.188359857475458e-02,5.854810489134855e-02,5.800000000000000e-04
20,2.892558260783723e-02,6.006459119349460e-02,5.850000000000000e-04
20,2.589565308497965e-02,6.143174745802717e-02,5.900000000000000e-04
20,2.280134288837797e-02,6.264617471906053e-02,5.950000000000000e-04
20,1.965034496072698e-02,6.370485371907604e-02,6.000000000000001e-04
20,1.645049317935294e-02,6.460515241527186e-02,6.050000000000001e-04
20,1.320974287995985e-02,6.534483252323625e-02,6.100000000000001e-04
20,9.936151078411629e-03,6.592205508167523e-02,6.150000000000001e-04
20,6.637856439721157e-03,6.633538502436008e-02,6.200000000000000e-04
20,3.323059044046511e-03,6.658379474792815e-02,6.250000000000000e-04
