TR,Kx,Ky,time
1,0.000000000000000e+00,0.000000000000000e+00,0.000000000000000e+00
1,0.000000000000000e+00,0.000000000000000e+00,5.000000000000000e-06
1,0.000000000000000e+00,0.000000000000000e+00,1.000000000000000e-05
1,0.000000000000000e+00,0.000000000000000e+00,1.500000000000000e-05
1,0.000000000000000e+00,0.000000000000000e+00,2.000000000000000e-05
1,0.000000000000000e+00,0.000000000000000e+00,2.500000000000000e-05
1,0.000000000000000e+00,0.000000000000000e+00,3.000000000000000e-05
1,0.000000000000000e+00,0.000000000000000e+00,3.500000000000000e-05
1,0.000000000000000e+00,0.000000000000000e+00,4.000000000000000e-05
1,0.000000000000000e+00,0.000000000000000e+00,4.500000000000000e-05
1,0.000000000000000e+00,0.000000000000000e+00,5.000000000000000e-05
1,0.000000000000000e+00,0.000000000000000e+00,5.500000000000000e-05
1,0.000000000000000e+00,0.000000000000000e+00,6.000000000000000e-05
1,0.000000000000000e+00,0.000000000000000e+00,6.499999999999999e-05
1,0.000000000000000e+00,0.000000000000000e+00,6.999999999999999e-05
1,0.000000000000000e+00,0.000000000000000e+00,7.499999999999999e-05
1,0.000000000000000e+00,0.000000000000000e+00,8.000000000000001e-05
1,0.000000000000000e+00,0.000000000000000e+00,8.500000000000001e-05
1,0.000000000000000e+00,0.000000000000000e+00,9.000000000000001e-05
1,0.000000000000000e+00,0.000000000000000e+00,9.500000000000001e-05
1,0.000000000000000e+00,0.000000000000000e+00,1.000000000000000e-04
1,0.000000000000000e+00,0.000000000000000e+00,1.050000000000000e-04
1,0.000000000000000e+00,0.000000000000000e+00,1.100000000000000e-04
1,0.000000000000000e+00,0.000000000000000e+00,1.150000000000000e-04
1,0.000000000000000e+00,0.000000000000000e+00,1.200000000000000e-04
1,0.000000000000000e+00,0.000000000000000e+00,1.250000000000000e-04
1,0.000000000000000e+00,0.000000000000000e+00,1.300000000000000e-04
1,0.000000000000000e+00,0.000000000000000e+00,1.350000000000000e-04
1,0.000000000000000e+00,0.000000000000000e+00,1.400000000000000e-04
1,0.000000000000000e+00,0.000000000000000e+00,1.450000000000000e-04
1,0.000000000000000e+00,0.000000000000000e+00,1.500000000000000e-04
1,0.000000000000000e+00,0.000000000000000e+00,1.550000000000000e-04
1,0.000000000000000e+00,0.000000000000000e+00,1.600000000000000e-04
1,0.000000000000000e+00,0.000000000000000e+00,1.650000000000000e-04
1,0.000000000000000e+00,0.000000000000000e+00,1.700000000000000e-04
1,0.000000000000000e+00,0.000000000000000e+00,1.750000000000000e-04
1,0.000000000000000e+00,0.000000000000000e+00,1.800000000000000e-04
1,0.000000000000000e+00,0.000000000000000e+00,1.850000000000000e-04
1,0.000000000000000e+00,0.000000000000000e+00,1.900000000000000e-04
1,0.000000000000000e+00,0.000000000000000e+00,1.950000000000000e-04
1,0.000000000000000e+00,0.000000000000000e+00,2.000000000000000e-04
1,0.000000000000000e+00,0.000000000000000e+00,2.050000000000000e-04
1,0.000000000000000e+00,0.000000000000000e+00,2.100000000000000e-04
1,0.000000000000000e+00,0.000000000000000e+00,2.150000000000000e-04
1,0.000000000000000e+00,0.000000000000000e+00,2.200000000000000e-04
1,0.000000000000000e+00,0.000000000000000e+00,2.250000000000000e-04
1,0.000000000000000e+00,0.000000000000000e+00,2.300000000000000e-04
1,0.000000000000000e+00,0.000000000000000e+00,2.350000000000000e-04
1,0.000000000000000e+00,0.000000000000000e+00,2.400000000000000e-04
1,0.000000000000000e+00,0.000000000000000e+00,2.450000000000000e-04
1,0.000000000000000e+00,0.000000000000000e+00,2.500000000000000e-04
1,0.000000000000000e+00,0.000000000000000e+00,2.550000000000000e-04
1,0.000000000000000e+00,0.000000000000000e+00,2.600000000000000e-04
1,0.000000000000000e+00,0.000000000000000e+00,2.650000000000000e-04
1,0.000000000000000e+00,0.000000000000000e+00,2.700000000000000e-04
1,0.000000000000000e+00,0.000000000000000e+00,2.750000000000000e-04
1,0.000000000000000e+00,0.000000000000000e+00,2.800000000000000e-04
1,0.000000000000000e+00,0.000000000000000e+00,2.850000000000000e-04
1,0.000000000000000e+00,0.000000000000000e+00,2.900000000000000e-04
1,0.000000000000000e+00,0.000000000000000e+00,2.950000000000000e-04
1,0.000000000000000e+00,0.000000000000000e+00,3.000000000000000e-04
1,0.000000000000000e+00,0.000000000000000e+00,3.050000000000000e-04
1,0.000000000000000e+00,0.000000000000000e+00,3.100000000000000e-04
1,0.000000000000000e+00,0.000000000000000e+00,3.150000000000000e-04
1,0.000000000000000e+00,0.000000000000000e+00,3.200000000000000e-04
1,0.000000000000000e+00,0.000000000000000e+00,3.250000000000000e-04
1,0.000000000000000e+00,0.000000000000000e+00,3.300000000000000e-04
1,0.000000000000000e+00,0.000000000000000e+00,3.350000000000000e-04
1,0.000000000000000e+00,0.000000000000000e+00,3.400000000000000e-04
1,0.000000000000000e+00,0.000000000000000e+00,3.450000000000000e-04
1,0.000000000000000e+00,0.000000000000000e+00,3.500000000000000e-04
1,0.000000000000000e+00,0.000000000000000e+00,3.550000000000000e-04
1,0.000000000000000e+00,0.000000000000000e+00,3.600000000000000e-04
1,0.000000000000000e+00,0.000000000000000e+00,3.650000000000000e-04
1,0.000000000000000e+00,0.000000000000000e+00,3.700000000000000e-04
1,0.000000000000000e+00,0.000000000000000e+00,3.750000000000000e-04
1,0.000000000000000e+00,0.000000000000000e+00,3.800000000000000e-04
1,0.000000000000000e+00,0.000000000000000e+00,3.850000000000000e-04
1,0.000000000000000e+00,0.000000000000000e+00,3.900000000000000e-04
1,0.000000000000000e+00,0.000000000000000e+00,3.950000000000000e-04
1,0.000000000000000e+00,0.000000000000000e+00,4.000000000000000e-04
1,0.000000000000000e+00,0.000000000000000e+00,4.050000000000000e-04
1,0.000000000000000e+00,0.000000000000000e+00,4.100000000000000e-04
1,0.000000000000000e+00,0.000000000000000e+00,4.150000000000000e-04
1,0.000000000000000e+00,0.000000000000000e+00,4.200000000000000e-04
1,0.000000000000000e+00,0.000000000000000e+00,4.250000000000000e-04
1,0.000000000000000e+00,0.000000000000000e+00,4.300000000000000e-04
1,0.000000000000000e+00,0.000000000000000e+00,4.350000000000000e-04
1,0.000000000000000e+00,0.000000000000000e+00,4.400000000000000e-04
1,0.000000000000000e+00,0.000000000000000e+00,4.450000000000000e-04
1,0.000000000000000e+00,0.000000000000000e+00,4.500000000000000e-04
1,0.000000000000000e+00,0.000000000000000e+00,4.550000000000000e-04
1,0.000000000000000e+00,0.000000000000000e+00,4.600000000000000e-04
1,0.000000000000000e+00,0.000000000000000e+00,4.650000000000000e-04
1,0.000000000000000e+00,0.000000000000000e+00,4.700000000000000e-04
1,0.000000000000000e+00,0.000000000000000e+00,4.750000000000000e-04
1,0.000000000000000e+00,0.000000000000000e+00,4.800000000000000e-04
1,0.000000000000000e+00,0.000000000000000e+00,4.850000000000000e-04
1,0.000000000000000e+00,0.000000000000000e+00,4.900000000000000e-04
1,0.000000000000000e+00,0.000000000000000e+00,4.950000000000000e-04
1,0.000000000000000e+00,0.000000000000000e+00,5.000000000000000e-04
1,0.000000000000000e+00,0.000000000000000e+00,5.050000000000000e-04
1,0.000000000000000e+00,0.000000000000000e+00,5.100000000000000e-04
1,0.000000000000000e+00,0.000000000000000e+00,5.150000000000000e-04
1,0.000000000000000e+00,0.000000000000000e+00,5.200000000000000e-04
1,0.000000000000000e+00,0.000000000000000e+00,5.250000000000000e-04
1,0.000000000000000e+00,0.000000000000000e+00,5.300000000000000e-04
1,0.000000000000000e+00,0.000000000000000e+00,5.350000000000000e-04
1,0.000000000000000e+00,0.000000000000000e+00,5.400000000000000e-04
1,0.000000000000000e+00,0.000000000000000e+00,5.450000000000000e-04
1,0.000000000000000e+00,0.000000000000000e+00,5.500000000000000e-04
1,0.000000000000000e+00,0.000000000000000e+00,5.550000000000000e-04
1,0.000000000000000e+00,0.000000000000000e+00,5.600000000000000e-04
1,0.000000000000000e+00,0.000000000000000e+00,5.650000000000000e-04
1,0.000000000000000e+00,0.000000000000000e+00,5.700000000000000e-04
1,0.000000000000000e+00,0.000000000000000e+00,5.750000000000000e-04
1,0.000000000000000e+00,0.000000000000000e+00,5.800000000000000e-04
1,0.000000000000000e+00,0.000000000000000e+00,5.850000000000000e-04
1,0.000000000000000e+00,0.000000000000000e+00,5.900000000000000e-04
1,0.000000000000000e+00,0.000000000000000e+00,5.950000000000000e-04
1,0.000000000000000e+00,0.000000000000000e+00,5.999999999999999e-04
1,0.000000000000000e+00,0.000000000000000e+00,6.050000000000000e-04
1,0.000000000000000e+00,0.000000000000000e+00,6.100000000000000e-04
1,0.000000000000000e+00,0.000000000000000e+00,6.150000000000000e-04
1,0.000000000000000e+00,0.000000000000000e+00,6.200000000000000e-04
1,0.000000000000000e+00,0.000000000000000e+00,6.250000000000000e-04
2,3.508771929824561e-03,0.000000000000000e+00,0.000000000000000e+00
2,3.504410249890955e-03,1.748978444234988e-04,5.000000000000000e-06
2,3.491336053913690e-03,3.493608652484795e-04,1.000000000000000e-05
2,3.469581846403959e-03,5.229553199164015e-04,1.500000000000000e-05
2,3.439201711749276e-03,6.952496252610440e-04,2.000000000000000e-05
2,3.400271179751150e-03,8.658154304922583e-04,2.500000000000000e-05
2,3.352887037846107e-03,1.034228682143523e-03,3.000000000000000e-05
2,3.297167090476871e-03,1.200070678335679e-03,3.500000000000000e-05
2,3.233249866211956e-03,1.362929109735771e-03,4.000000000000000e-05
2,3.161294273341821e-03,1.522399084623011e-03,4.500000000000000e-05
2,3.081479204807819e-03,1.678084135513397e-03,5.000000000000000e-05
2,2.994003093446160e-03,1.829597204840344e-03,5.500000000000000e-05
2,2.899083418652613e-03,1.976561607240779e-03,6.000000000000000e-05
2,2.796956165694464e-03,2.118611966054306e-03,6.499999999999999e-05
2,2.687875239013957e-03,2.255395121707155e-03,6.999999999999999e-05
2,2.572111830981846e-03,2.386571009722524e-03,7.499999999999999e-05
2,2.449953747670431e-03,2.511813506174450e-03,8.000000000000001e-05
2,2.321704693322314e-03,2.630811238483277e-03,8.500000000000001e-05
2,2.187683515293802e-03,2.743268359536946e-03,9.000000000000001e-05
2,2.048223411350140e-03,2.848905283213531e-03,9.500000000000001e-05
2,1.903671101283366e-03,2.947459379476390e-03,1.000000000000000e-04
2,1.754385964912280e-03,3.038685627313820e-03,1.050000000000000e-04
2,1.600739148607590e-03,3.122357223899889e-03,1.100000000000000e-04
2,1.443112642563550e-03,3.198266148462010e-03,1.150000000000000e-04
2,1.281898331110158e-03,3.266223679453348e-03,1.200000000000000e-04
2,1.117497018426963e-03,3.326060863744323e-03,1.250000000000000e-04
2,9.503174320807199e-04,3.377628936666708e-03,1.300000000000000e-04
2,7.807752068642610e-04,3.420799691866048e-03,1.350000000000000e-04
2,6.092918514629137e-04,3.455465800042835e-03,1.400000000000000e-04
2,4.362937005174922e-04,3.481541075790077e-03,1.450000000000000e-04
2,2.622108546892084e-04,3.498960691863789e-03,1.500000000000000e-04
2,8.747611136165975e-05,3.507681340353741e-03,1.550000000000000e-04
2,-8.747611136165936e-05,3.507681340353741e-03,1.600000000000000e-04
2,-2.622108546892079e-04,3.498960691863789e-03,1.650000000000000e-04
2,-4.362937005174918e-04,3.481541075790077e-03,1.700000000000000e-04
2,-6.092918514629133e-04,3.455465800042835e-03,1.750000000000000e-04
2,-7.807752068642608e-04,3.420799691866048e-03,1.800000000000000e-04
2,-9.503174320807191e-04,3.377628936666709e-03,1.850000000000000e-04
2,-1.117497018426962e-03,3.326060863744323e-03,1.900000000000000e-04
2,-1.281898331110158e-03,3.266223679453348e-03,1.950000000000000e-04
2,-1.443112642563549e-03,3.198266148462011e-03,2.000000000000000e-04
2,-1.600739148607588e-03,3.122357223899890e-03,2.050000000000000e-04
2,-1.754385964912282e-03,3.038685627313820e-03,2.100000000000000e-04
2,-1.903671101283365e-03,2.947459379476391e-03,2.150000000000000e-04
2,-2.048223411350139e-03,2.848905283213532e-03,2.200000000000000e-04
2,-2.187683515293802e-03,2.743268359536947e-03,2.250000000000000e-04
2,-2.321704693322313e-03,2.630811238483278e-03,2.300000000000000e-04
2,-2.449953747670430e-03,2.511813506174451e-03,2.350000000000000e-04
2,-2.572111830981846e-03,2.386571009722524e-03,2.400000000000000e-04
2,-2.687875239013957e-03,2.255395121707156e-03,2.450000000000000e-04
2,-2.796956165694464e-03,2.118611966054306e-03,2.500000000000000e-04
2,-2.899083418652612e-03,1.976561607240779e-03,2.550000000000000e-04
2,-2.994003093446160e-03,1.829597204840344e-03,2.600000000000000e-04
2,-3.081479204807820e-03,1.678084135513397e-03,2.650000000000000e-04
2,-3.161294273341821e-03,1.522399084623011e-03,2.700000000000000e-04
2,-3.233249866211956e-03,1.362929109735770e-03,2.750000000000000e-04
2,-3.297167090476871e-03,1.200070678335680e-03,2.800000000000000e-04
2,-3.352887037846107e-03,1.034228682143525e-03,2.850000000000000e-04
2,-3.400271179751150e-03,8.658154304922592e-04,2.900000000000000e-04
2,-3.439201711749276e-03,6.952496252610441e-04,2.950000000000000e-04
2,-3.469581846403959e-03,5.229553199164025e-04,3.000000000000000e-04
2,-3.491336053913690e-03,3.493608652484797e-04,3.050000000000000e-04
2,-3.504410249890955e-03,1.748978444234999e-04,3.100000000000000e-04
2,-3.508771929824561e-03,4.297006312797730e-19,3.150000000000000e-04
2,-3.504410249890955e-03,-1.748978444234990e-04,3.200000000000000e-04
2,-3.491336053913690e-03,-3.493608652484789e-04,3.250000000000000e-04
2,-3.469581846403959e-03,-5.229553199164016e-04,3.300000000000000e-04
2,-3.439201711749277e-03,-6.952496252610432e-04,3.350000000000000e-04
2,-3.400271179751150e-03,-8.658154304922583e-04,3.400000000000000e-04
2,-3.352887037846107e-03,-1.034228682143522e-03,3.450000000000000e-04
2,-3.297167090476871e-03,-1.200070678335679e-03,3.500000000000000e-04
2,-3.233249866211956e-03,-1.362929109735771e-03,3.550000000000000e-04
2,-3.161294273341821e-03,-1.522399084623010e-03,3.600000000000000e-04
2,-3.081479204807820e-03,-1.678084135513396e-03,3.650000000000000e-04
2,-2.994003093446160e-03,-1.829597204840343e-03,3.700000000000000e-04
2,-2.899083418652613e-03,-1.976561607240779e-03,3.750000000000000e-04
2,-2.796956165694464e-03,-2.118611966054305e-03,3.800000000000000e-04
2,-2.687875239013958e-03,-2.255395121707155e-03,3.850000000000000e-04
2,-2.572111830981847e-03,-2.386571009722523e-03,3.900000000000000e-04
2,-2.449953747670431e-03,-2.511813506174450e-03,3.950000000000000e-04
2,-2.321704693322314e-03,-2.630811238483276e-03,4.000000000000000e-04
2,-2.187683515293802e-03,-2.743268359536946e-03,4.050000000000000e-04
2,-2.048223411350142e-03,-2.848905283213529e-03,4.100000000000000e-04
2,-1.903671101283365e-03,-2.947459379476391e-03,4.150000000000000e-04
2,-1.754385964912279e-03,-3.038685627313820e-03,4.200000000000000e-04
2,-1.600739148607590e-03,-3.122357223899889e-03,4.250000000000000e-04
2,-1.443112642563550e-03,-3.198266148462011e-03,4.300000000000000e-04
2,-1.281898331110160e-03,-3.266223679453347e-03,4.350000000000000e-04
2,-1.117497018426965e-03,-3.326060863744321e-03,4.400000000000000e-04
2,-9.503174320807175e-04,-3.377628936666709e-03,4.450000000000000e-04
2,-7.807752068642618e-04,-3.420799691866048e-03,4.500000000000000e-04
2,-6.092918514629133e-04,-3.455465800042835e-03,4.550000000000000e-04
2,-4.362937005174941e-04,-3.481541075790076e-03,4.600000000000000e-04
2,-2.622108546892095e-04,-3.498960691863789e-03,4.650000000000000e-04
2,-8.747611136166016e-05,-3.507681340353741e-03,4.700000000000000e-04
2,8.747611136165888e-05,-3.507681340353741e-03,4.750000000000000e-04
2,2.622108546892083e-04,-3.498960691863789e-03,4.800000000000000e-04
2,4.362937005174898e-04,-3.481541075790077e-03,4.850000000000000e-04
2,6.092918514629121e-04,-3.455465800042835e-03,4.900000000000000e-04
2,7.807752068642605e-04,-3.420799691866048e-03,4.950000000000000e-04
2,9.503174320807199e-04,-3.377628936666708e-03,5.000000000000000e-04
2,1.117497018426963e-03,-3.326060863744321e-03,5.050000000000000e-04
2,1.281898331110156e-03,-3.266223679453348e-03,5.100000000000000e-04
2,1.443112642563548e-03,-3.198266148462011e-03,5.150000000000000e-04
2,1.600739148607589e-03,-3.122357223899889e-03,5.200000000000000e-04
2,1.754385964912281e-03,-3.038685627313820e-03,5.250000000000000e-04
2,1.903671101283367e-03,-2.947459379476390e-03,5.300000000000000e-04
2,2.048223411350138e-03,-2.848905283213532e-03,5.350000000000000e-04
2,2.187683515293800e-03,-2.743268359536947e-03,5.400000000000000e-04
2,2.321704693322311e-03,-2.630811238483279e-03,5.450000000000000e-04
2,2.449953747670431e-03,-2.511813506174450e-03,5.500000000000000e-04
2,2.572111830981847e-03,-2.386571009722523e-03,5.550000000000000e-04
2,2.687875239013957e-03,-2.255395121707157e-03,5.600000000000000e-04
2,2.796956165694464e-03,-2.118611966054306e-03,5.650000000000000e-04
2,2.899083418652612e-03,-1.976561607240781e-03,5.700000000000000e-04
2,2.994003093446160e-03,-1.829597204840343e-03,5.750000000000000e-04
2,3.081479204807818e-03,-1.678084135513398e-03,5.800000000000000e-04
2,3.161294273341821e-03,-1.522399084623012e-03,5.850000000000000e-04
2,3.233249866211956e-03,-1.362929109735771e-03,5.900000000000000e-04
2,3.297167090476871e-03,-1.200070678335682e-03,5.950000000000000e-04
2,3.352887037846107e-03,-1.034228682143526e-03,5.999999999999999e-04
2,3.400271179751150e-03,-8.658154304922592e-04,6.050000000000000e-04
2,3.439201711749276e-03,-6.952496252610444e-04,6.100000000000000e-04
2,3.469581846403959e-03,-5.229553199164013e-04,6.150000000000000e-04
2,3.491336053913688e-03,-3.493608652484816e-04,6.200000000000000e-04
2,3.504410249890955e-03,-1.748978444235003e-04,6.250000000000000e-04
3,7.017543859649122e-03,0.000000000000000e+00,0.000000000000000e+00
3,7.008820499781910e-03,3.497956888469976e-04,5.000000000000000e-06
3,6.982672107827378e-03,6.987217304969590e-04,1.000000000000000e-05
3,6.939163692807919e-03,1.045910639832803e-03,1.500000000000000e-05
3,6.878403423498552e-03,1.390499250522088e-03,2.000000000000000e-05
3,6.800542359502301e-03,1.731630860984517e-03,2.500000000000000e-05
3,6.705774075692215e-03,2.068457364287047e-03,3.000000000000000e-05
3,6.594334180953742e-03,2.400141356671359e-03,3.500000000000000e-05
3,6.466499732423912e-03,2.725858219471541e-03,4.000000000000000e-05
3,6.322588546683642e-03,3.044798169246021e-03,4.500000000000000e-05
3,6.162958409615638e-03,3.356168271026794e-03,5.000000000000000e-05
3,5.988006186892320e-03,3.659194409680688e-03,5.500000000000000e-05
3,5.798166837305226e-03,3.953123214481558e-03,6.000000000000000e-05
3,5.593912331388929e-03,4.237223932108613e-03,6.499999999999999e-05
3,5.375750478027915e-03,4.510790243414310e-03,6.999999999999999e-05
3,5.144223661963693e-03,4.773142019445047e-03,7.499999999999999e-05
3,4.899907495340861e-03,5.023627012348901e-03,8.000000000000001e-05
3,4.643409386644627e-03,5.261622476966555e-03,8.500000000000001e-05
3,4.375367030587603e-03,5.486536719073893e-03,9.000000000000001e-05
3,4.096446822700280e-03,5.697810566427062e-03,9.500000000000001e-05
3,3.807342202566732e-03,5.894918758952781e-03,1.000000000000000e-04
3,3.508771929824560e-03,6.077371254627639e-03,1.050000000000000e-04
3,3.201478297215179e-03,6.244714447799778e-03,1.100000000000000e-04
3,2.886225285127099e-03,6.396532296924020e-03,1.150000000000000e-04
3,2.563796662220315e-03,6.532447358906695e-03,1.200000000000000e-04
3,2.234994036853925e-03,6.652121727488644e-03,1.250000000000000e-04
3,1.900634864161440e-03,6.755257873333417e-03,1.300000000000000e-04
3,1.561550413728522e-03,6.841599383732095e-03,1.350000000000000e-04
3,1.218583702925827e-03,6.910931600085669e-03,1.400000000000000e-04
3,8.725874010349847e-04,6.963082151580154e-03,1.450000000000000e-04
3,5.244217093784168e-04,6.997921383727578e-03,1.500000000000000e-04
3,1.749522227233195e-04,7.015362680707482e-03,1.550000000000000e-04
3,-1.749522227233186e-04,7.015362680707482e-03,1.600000000000000e-04
3,-5.244217093784159e-04,6.997921383727578e-03,1.650000000000000e-04
3,-8.725874010349831e-04,6.963082151580154e-03,1.700000000000000e-04
3,-1.218583702925826e-03,6.910931600085669e-03,1.750000000000000e-04
3,-1.561550413728522e-03,6.841599383732095e-03,1.800000000000000e-04
3,-1.900634864161438e-03,6.755257873333418e-03,1.850000000000000e-04
3,-2.234994036853925e-03,6.652121727488644e-03,1.900000000000000e-04
3,-2.563796662220315e-03,6.532447358906696e-03,1.950000000000000e-04
3,-2.886225285127097e-03,6.396532296924022e-03,2.000000000000000e-04
3,-3.201478297215176e-03,6.244714447799781e-03,2.050000000000000e-04
3,-3.508771929824562e-03,6.077371254627639e-03,2.100000000000000e-04
3,-3.807342202566732e-03,5.894918758952782e-03,2.150000000000000e-04
3,-4.096446822700278e-03,5.697810566427063e-03,2.200000000000000e-04
3,-4.375367030587603e-03,5.486536719073894e-03,2.250000000000000e-04
3,-4.643409386644625e-03,5.261622476966556e-03,2.300000000000000e-04
3,-4.899907495340861e-03,5.023627012348902e-03,2.350000000000000e-04
3,-5.144223661963693e-03,4.773142019445047e-03,2.400000000000000e-04
3,-5.375750478027914e-03,4.510790243414310e-03,2.450000000000000e-04
3,-5.593912331388929e-03,4.237223932108613e-03,2.500000000000000e-04
3,-5.798166837305225e-03,3.953123214481559e-03,2.550000000000000e-04
3,-5.988006186892318e-03,3.659194409680688e-03,2.600000000000000e-04
3,-6.162958409615640e-03,3.356168271026793e-03,2.650000000000000e-04
3,-6.322588546683642e-03,3.044798169246022e-03,2.700000000000000e-04
3,-6.466499732423913e-03,2.725858219471541e-03,2.750000000000000e-04
3,-6.594334180953742e-03,2.400141356671361e-03,2.800000000000000e-04
3,-6.705774075692213e-03,2.068457364287049e-03,2.850000000000000e-04
3,-6.800542359502299e-03,1.731630860984518e-03,2.900000000000000e-04
3,-6.878403423498552e-03,1.390499250522088e-03,2.950000000000000e-04
3,-6.939163692807919e-03,1.045910639832805e-03,3.000000000000000e-04
3,-6.982672107827378e-03,6.987217304969595e-04,3.050000000000000e-04
3,-7.008820499781910e-03,3.497956888469998e-04,3.100000000000000e-04
3,-7.017543859649122e-03,8.594012625595456e-19,3.150000000000000e-04
3,-7.008820499781910e-03,-3.497956888469980e-04,3.200000000000000e-04
3,-6.982672107827378e-03,-6.987217304969576e-04,3.250000000000000e-04
3,-6.939163692807919e-03,-1.045910639832803e-03,3.300000000000000e-04
3,-6.878403423498553e-03,-1.390499250522086e-03,3.350000000000000e-04
3,-6.800542359502301e-03,-1.731630860984517e-03,3.400000000000000e-04
3,-6.705774075692215e-03,-2.068457364287045e-03,3.450000000000000e-04
3,-6.594334180953742e-03,-2.400141356671359e-03,3.500000000000000e-04
3,-6.466499732423912e-03,-2.725858219471542e-03,3.550000000000000e-04
3,-6.322588546683642e-03,-3.044798169246021e-03,3.600000000000000e-04
3,-6.162958409615640e-03,-3.356168271026792e-03,3.650000000000000e-04
3,-5.988006186892320e-03,-3.659194409680687e-03,3.700000000000000e-04
3,-5.798166837305226e-03,-3.953123214481558e-03,3.750000000000000e-04
3,-5.593912331388930e-03,-4.237223932108611e-03,3.800000000000000e-04
3,-5.375750478027916e-03,-4.510790243414310e-03,3.850000000000000e-04
3,-5.144223661963694e-03,-4.773142019445046e-03,3.900000000000000e-04
3,-4.899907495340862e-03,-5.023627012348901e-03,3.950000000000000e-04
3,-4.643409386644630e-03,-5.261622476966554e-03,4.000000000000000e-04
3,-4.375367030587604e-03,-5.486536719073892e-03,4.050000000000000e-04
3,-4.096446822700285e-03,-5.697810566427059e-03,4.100000000000000e-04
3,-3.807342202566731e-03,-5.894918758952782e-03,4.150000000000000e-04
3,-3.508771929824558e-03,-6.077371254627640e-03,4.200000000000000e-04
3,-3.201478297215180e-03,-6.244714447799777e-03,4.250000000000000e-04
3,-2.886225285127099e-03,-6.396532296924022e-03,4.300000000000000e-04
3,-2.563796662220320e-03,-6.532447358906694e-03,4.350000000000000e-04
3,-2.234994036853929e-03,-6.652121727488642e-03,4.400000000000000e-04
3,-1.900634864161436e-03,-6.755257873333418e-03,4.450000000000000e-04
3,-1.561550413728523e-03,-6.841599383732095e-03,4.500000000000000e-04
3,-1.218583702925826e-03,-6.910931600085669e-03,4.550000000000000e-04
3,-8.725874010349880e-04,-6.963082151580153e-03,4.600000000000000e-04
3,-5.244217093784190e-04,-6.997921383727578e-03,4.650000000000000e-04
3,-1.749522227233204e-04,-7.015362680707482e-03,4.700000000000000e-04
3,1.749522227233178e-04,-7.015362680707482e-03,4.750000000000000e-04
3,5.244217093784165e-04,-6.997921383727578e-03,4.800000000000000e-04
3,8.725874010349792e-04,-6.963082151580154e-03,4.850000000000000e-04
3,1.218583702925824e-03,-6.910931600085670e-03,4.900000000000000e-04
3,1.561550413728521e-03,-6.841599383732095e-03,4.950000000000000e-04
3,1.900634864161439e-03,-6.755257873333417e-03,5.000000000000000e-04
3,2.234994036853926e-03,-6.652121727488642e-03,5.050000000000000e-04
3,2.563796662220312e-03,-6.532447358906696e-03,5.100000000000000e-04
3,2.886225285127096e-03,-6.396532296924022e-03,5.150000000000000e-04
3,3.201478297215177e-03,-6.244714447799779e-03,5.200000000000000e-04
3,3.508771929824561e-03,-6.077371254627639e-03,5.250000000000000e-04
3,3.807342202566734e-03,-5.894918758952781e-03,5.300000000000000e-04
3,4.096446822700276e-03,-5.697810566427064e-03,5.350000000000000e-04
3,4.375367030587603e-03,-5.486536719073894e-03,5.400000000000000e-04
3,4.643409386644622e-03,-5.261622476966559e-03,5.450000000000000e-04
3,4.899907495340862e-03,-5.023627012348900e-03,5.500000000000000e-04
3,5.144223661963696e-03,-4.773142019445046e-03,5.550000000000000e-04
3,5.375750478027914e-03,-4.510790243414313e-03,5.600000000000000e-04
3,5.593912331388929e-03,-4.237223932108613e-03,5.650000000000000e-04
3,5.798166837305224e-03,-3.953123214481563e-03,5.700000000000000e-04
3,5.988006186892321e-03,-3.659194409680687e-03,5.750000000000000e-04
3,6.162958409615636e-03,-3.356168271026796e-03,5.800000000000000e-04
3,6.322588546683642e-03,-3.044798169246023e-03,5.850000000000000e-04
3,6.466499732423912e-03,-2.725858219471541e-03,5.900000000000000e-04
3,6.594334180953741e-03,-2.400141356671364e-03,5.950000000000000e-04
3,6.705774075692213e-03,-2.068457364287050e-03,5.999999999999999e-04
3,6.800542359502299e-03,-1.731630860984518e-03,6.050000000000000e-04
3,6.878403423498552e-03,-1.390499250522089e-03,6.100000000000000e-04
3,6.939163692807919e-03,-1.045910639832802e-03,6.150000000000000e-04
3,6.982672107827377e-03,-6.987217304969633e-04,6.200000000000000e-04
3,7.008820499781910e-03,-3.497956888470006e-04,6.250000000000000e-04
4,1.052631578947368e-02,0.000000000000000e+00,0.000000000000000e+00
4,1.051323074967286e-02,5.246935332704965e-04,5.000000000000000e-06
4,1.047400816174106e-02,1.048082595745438e-03,1.000000000000000e-05
4,1.040874553921188e-02,1.568865959749205e-03,1.500000000000000e-05
4,1.031760513524783e-02,2.085748875783132e-03,2.000000000000000e-05
4,1.020081353925345e-02,2.597446291476774e-03,2.500000000000000e-05
4,1.005866111353832e-02,3.102686046430570e-03,3.000000000000000e-05
4,9.891501271430616e-03,3.600212035007038e-03,3.500000000000000e-05
4,9.699749598635871e-03,4.088787329207312e-03,4.000000000000000e-05
4,9.483882820025463e-03,4.567197253869032e-03,4.500000000000000e-05
4,9.244437614423456e-03,5.034252406540191e-03,5.000000000000000e-05
4,8.982009280338479e-03,5.488791614521030e-03,5.500000000000000e-05
4,8.697250255957840e-03,5.929684821722336e-03,6.000000000000000e-05
4,8.390868497083391e-03,6.355835898162919e-03,6.499999999999999e-05
4,8.063625717041872e-03,6.766185365121465e-03,6.999999999999999e-05
4,7.716335492945540e-03,7.159713029167572e-03,7.499999999999999e-05
4,7.349861243011292e-03,7.535440518523352e-03,8.000000000000001e-05
4,6.965114079966940e-03,7.892433715449834e-03,8.500000000000001e-05
4,6.563050545881406e-03,8.229805078610840e-03,9.000000000000001e-05
4,6.144670234050419e-03,8.546715849640590e-03,9.500000000000001e-05
4,5.711013303850098e-03,8.842378138429167e-03,1.000000000000000e-04
4,5.263157894736840e-03,9.116056881941455e-03,1.050000000000000e-04
4,4.802217445822769e-03,9.367071671699671e-03,1.100000000000000e-04
4,4.329337927690649e-03,9.594798445386032e-03,1.150000000000000e-04
4,3.845694993330473e-03,9.798671038360046e-03,1.200000000000000e-04
4,3.352491055280888e-03,9.978182591232967e-03,1.250000000000000e-04
4,2.850952296242160e-03,1.013288681000013e-02,1.300000000000000e-04
4,2.342325620592783e-03,1.026239907559814e-02,1.350000000000000e-04
4,1.827875554388741e-03,1.036639740012850e-02,1.400000000000000e-04
4,1.308881101552477e-03,1.044462322737023e-02,1.450000000000000e-04
4,7.866325640676252e-04,1.049688207559137e-02,1.500000000000000e-04
4,2.624283340849792e-04,1.052304402106122e-02,1.550000000000000e-04
4,-2.624283340849780e-04,1.052304402106122e-02,1.600000000000000e-04
4,-7.866325640676238e-04,1.049688207559137e-02,1.650000000000000e-04
4,-1.308881101552475e-03,1.044462322737023e-02,1.700000000000000e-04
4,-1.827875554388740e-03,1.036639740012850e-02,1.750000000000000e-04
4,-2.342325620592782e-03,1.026239907559814e-02,1.800000000000000e-04
4,-2.850952296242157e-03,1.013288681000013e-02,1.850000000000000e-04
4,-3.352491055280887e-03,9.978182591232967e-03,1.900000000000000e-04
4,-3.845694993330472e-03,9.798671038360046e-03,1.950000000000000e-04
4,-4.329337927690646e-03,9.594798445386032e-03,2.000000000000000e-04
4,-4.802217445822763e-03,9.367071671699671e-03,2.050000000000000e-04
4,-5.263157894736844e-03,9.116056881941455e-03,2.100000000000000e-04
4,-5.711013303850098e-03,8.842378138429176e-03,2.150000000000000e-04
4,-6.144670234050416e-03,8.546715849640590e-03,2.200000000000000e-04
4,-6.563050545881404e-03,8.229805078610840e-03,2.250000000000000e-04
4,-6.965114079966938e-03,7.892433715449836e-03,2.300000000000000e-04
4,-7.349861243011292e-03,7.535440518523352e-03,2.350000000000000e-04
4,-7.716335492945540e-03,7.159713029167572e-03,2.400000000000000e-04
4,-8.063625717041872e-03,6.766185365121467e-03,2.450000000000000e-04
4,-8.390868497083391e-03,6.355835898162919e-03,2.500000000000000e-04
4,-8.697250255957840e-03,5.929684821722338e-03,2.550000000000000e-04
4,-8.982009280338479e-03,5.488791614521032e-03,2.600000000000000e-04
4,-9.244437614423456e-03,5.034252406540190e-03,2.650000000000000e-04
4,-9.483882820025463e-03,4.567197253869035e-03,2.700000000000000e-04
4,-9.699749598635871e-03,4.088787329207311e-03,2.750000000000000e-04
4,-9.891501271430616e-03,3.600212035007040e-03,2.800000000000000e-04
4,-1.005866111353832e-02,3.102686046430574e-03,2.850000000000000e-04
4,-1.020081353925345e-02,2.597446291476777e-03,2.900000000000000e-04
4,-1.031760513524783e-02,2.085748875783133e-03,2.950000000000000e-04
4,-1.040874553921188e-02,1.568865959749207e-03,3.000000000000000e-04
4,-1.047400816174106e-02,1.048082595745439e-03,3.050000000000000e-04
4,-1.051323074967286e-02,5.246935332704997e-04,3.100000000000000e-04
4,-1.052631578947368e-02,1.289101893839319e-18,3.150000000000000e-04
4,-1.051323074967286e-02,-5.246935332704971e-04,3.200000000000000e-04
4,-1.047400816174106e-02,-1.048082595745437e-03,3.250000000000000e-04
4,-1.040874553921188e-02,-1.568865959749205e-03,3.300000000000000e-04
4,-1.031760513524783e-02,-2.085748875783129e-03,3.350000000000000e-04
4,-1.020081353925345e-02,-2.597446291476774e-03,3.400000000000000e-04
4,-1.005866111353832e-02,-3.102686046430567e-03,3.450000000000000e-04
4,-9.891501271430616e-03,-3.600212035007038e-03,3.500000000000000e-04
4,-9.699749598635871e-03,-4.088787329207313e-03,3.550000000000000e-04
4,-9.483882820025463e-03,-4.567197253869031e-03,3.600000000000000e-04
4,-9.244437614423465e-03,-5.034252406540187e-03,3.650000000000000e-04
4,-8.982009280338479e-03,-5.488791614521030e-03,3.700000000000000e-04
4,-8.697250255957840e-03,-5.929684821722336e-03,3.750000000000000e-04
4,-8.390868497083391e-03,-6.355835898162917e-03,3.800000000000000e-04
4,-8.063625717041872e-03,-6.766185365121465e-03,3.850000000000000e-04
4,-7.716335492945540e-03,-7.159713029167568e-03,3.900000000000000e-04
4,-7.349861243011292e-03,-7.535440518523352e-03,3.950000000000000e-04
4,-6.965114079966943e-03,-7.892433715449829e-03,4.000000000000000e-04
4,-6.563050545881407e-03,-8.229805078610840e-03,4.050000000000000e-04
4,-6.144670234050426e-03,-8.546715849640590e-03,4.100000000000000e-04
4,-5.711013303850096e-03,-8.842378138429176e-03,4.150000000000000e-04
4,-5.263157894736837e-03,-9.116056881941463e-03,4.200000000000000e-04
4,-4.802217445822769e-03,-9.367071671699664e-03,4.250000000000000e-04
4,-4.329337927690647e-03,-9.594798445386032e-03,4.300000000000000e-04
4,-3.845694993330480e-03,-9.798671038360039e-03,4.350000000000000e-04
4,-3.352491055280894e-03,-9.978182591232961e-03,4.400000000000000e-04
4,-2.850952296242154e-03,-1.013288681000013e-02,4.450000000000000e-04
4,-2.342325620592785e-03,-1.026239907559814e-02,4.500000000000000e-04
4,-1.827875554388740e-03,-1.036639740012850e-02,4.550000000000000e-04
4,-1.308881101552482e-03,-1.044462322737023e-02,4.600000000000000e-04
4,-7.866325640676287e-04,-1.049688207559137e-02,4.650000000000000e-04
4,-2.624283340849805e-04,-1.052304402106122e-02,4.700000000000000e-04
4,2.624283340849767e-04,-1.052304402106122e-02,4.750000000000000e-04
4,7.866325640676250e-04,-1.049688207559137e-02,4.800000000000000e-04
4,1.308881101552470e-03,-1.044462322737023e-02,4.850000000000000e-04
4,1.827875554388736e-03,-1.036639740012850e-02,4.900000000000000e-04
4,2.342325620592781e-03,-1.026239907559814e-02,4.950000000000000e-04
4,2.850952296242159e-03,-1.013288681000013e-02,5.000000000000000e-04
4,3.352491055280890e-03,-9.978182591232967e-03,5.050000000000000e-04
4,3.845694993330468e-03,-9.798671038360046e-03,5.100000000000000e-04
4,4.329337927690645e-03,-9.594798445386032e-03,5.150000000000000e-04
4,4.802217445822766e-03,-9.367071671699671e-03,5.200000000000000e-04
4,5.263157894736843e-03,-9.116056881941455e-03,5.250000000000000e-04
4,5.711013303850101e-03,-8.842378138429167e-03,5.300000000000000e-04
4,6.144670234050415e-03,-8.546715849640599e-03,5.350000000000000e-04
4,6.563050545881403e-03,-8.229805078610840e-03,5.400000000000000e-04
4,6.965114079966933e-03,-7.892433715449839e-03,5.450000000000000e-04
4,7.349861243011292e-03,-7.535440518523350e-03,5.500000000000000e-04
4,7.716335492945542e-03,-7.159713029167568e-03,5.550000000000000e-04
4,8.063625717041872e-03,-6.766185365121468e-03,5.600000000000000e-04
4,8.390868497083391e-03,-6.355835898162920e-03,5.650000000000000e-04
4,8.697250255957840e-03,-5.929684821722343e-03,5.700000000000000e-04
4,8.982009280338479e-03,-5.488791614521030e-03,5.750000000000000e-04
4,9.244437614423456e-03,-5.034252406540195e-03,5.800000000000000e-04
4,9.483882820025463e-03,-4.567197253869035e-03,5.850000000000000e-04
4,9.699749598635871e-03,-4.088787329207312e-03,5.900000000000000e-04
4,9.891501271430608e-03,-3.600212035007046e-03,5.950000000000000e-04
4,1.005866111353832e-02,-3.102686046430576e-03,5.999999999999999e-04
4,1.020081353925345e-02,-2.597446291476778e-03,6.050000000000000e-04
4,1.031760513524783e-02,-2.085748875783134e-03,6.100000000000000e-04
4,1.040874553921188e-02,-1.568865959749204e-03,6.150000000000000e-04
4,1.047400816174106e-02,-1.048082595745445e-03,6.200000000000000e-04
4,1.051323074967286e-02,-5.246935332705010e-04,6.250000000000000e-04
5,1.403508771929825e-02,0.000000000000000e+00,0.000000000000000e+00
5,1.401764099956382e-02,6.995913776939952e-04,5.000000000000000e-06
5,1.396534421565476e-02,1.397443460993917e-03,1.000000000000000e-05
5,1.387832738561584e-02,2.091821279665606e-03,1.500000000000000e-05
5,1.375680684699710e-02,2.780998501044176e-03,2.000000000000000e-05
5,1.360108471900460e-02,3.463261721969033e-03,2.500000000000000e-05
5,1.341154815138443e-02,4.136914728574093e-03,3.000000000000000e-05
5,1.318866836190749e-02,4.800282713342718e-03,3.500000000000000e-05
5,1.293299946484782e-02,5.451716438943083e-03,4.000000000000000e-05
5,1.264517709336729e-02,6.089596338492043e-03,4.500000000000000e-05
5,1.232591681923128e-02,6.712336542053588e-03,5.000000000000000e-05
5,1.197601237378464e-02,7.318388819361376e-03,5.500000000000000e-05
5,1.159633367461045e-02,7.906246428963115e-03,6.000000000000000e-05
5,1.118782466277786e-02,8.474447864217223e-03,6.499999999999999e-05
5,1.075150095605583e-02,9.021580486828624e-03,6.999999999999999e-05
5,1.028844732392738e-02,9.546284038890095e-03,7.499999999999999e-05
5,9.799814990681719e-03,1.004725402469780e-02,8.000000000000001e-05
5,9.286818773289254e-03,1.052324495393311e-02,8.500000000000001e-05
5,8.750734061175207e-03,1.097307343814778e-02,9.000000000000001e-05
5,8.192893645400559e-03,1.139562113285413e-02,9.500000000000001e-05
5,7.614684405133464e-03,1.178983751790556e-02,1.000000000000000e-04
5,7.017543859649120e-03,1.215474250925528e-02,1.050000000000000e-04
5,6.402956594430359e-03,1.248942889559956e-02,1.100000000000000e-04
5,5.772450570254198e-03,1.279306459384804e-02,1.150000000000000e-04
5,5.127593324440630e-03,1.306489471781339e-02,1.200000000000000e-04
5,4.469988073707851e-03,1.330424345497729e-02,1.250000000000000e-04
5,3.801269728322879e-03,1.351051574666683e-02,1.300000000000000e-04
5,3.123100827457044e-03,1.368319876746419e-02,1.350000000000000e-04
5,2.437167405851655e-03,1.382186320017133e-02,1.400000000000000e-04
5,1.745174802069969e-03,1.392616430316031e-02,1.450000000000000e-04
5,1.048843418756834e-03,1.399584276745516e-02,1.500000000000000e-04
5,3.499044454466390e-04,1.403072536141497e-02,1.550000000000000e-04
5,-3.499044454466373e-04,1.403072536141497e-02,1.600000000000000e-04
5,-1.048843418756832e-03,1.399584276745516e-02,1.650000000000000e-04
5,-1.745174802069967e-03,1.392616430316031e-02,1.700000000000000e-04
5,-2.437167405851653e-03,1.382186320017133e-02,1.750000000000000e-04
5,-3.123100827457043e-03,1.368319876746419e-02,1.800000000000000e-04
5,-3.801269728322876e-03,1.351051574666684e-02,1.850000000000000e-04
5,-4.469988073707849e-03,1.330424345497729e-02,1.900000000000000e-04
5,-5.127593324440629e-03,1.306489471781339e-02,1.950000000000000e-04
5,-5.772450570254195e-03,1.279306459384805e-02,2.000000000000000e-04
5,-6.402956594430352e-03,1.248942889559956e-02,2.050000000000000e-04
5,-7.017543859649125e-03,1.215474250925528e-02,2.100000000000000e-04
5,-7.614684405133463e-03,1.178983751790557e-02,2.150000000000000e-04
5,-8.192893645400559e-03,1.139562113285413e-02,2.200000000000000e-04
5,-8.750734061175207e-03,1.097307343814778e-02,2.250000000000000e-04
5,-9.286818773289247e-03,1.052324495393311e-02,2.300000000000000e-04
5,-9.799814990681719e-03,1.004725402469780e-02,2.350000000000000e-04
5,-1.028844732392738e-02,9.546284038890095e-03,2.400000000000000e-04
5,-1.075150095605583e-02,9.021580486828624e-03,2.450000000000000e-04
5,-1.118782466277786e-02,8.474447864217223e-03,2.500000000000000e-04
5,-1.159633367461045e-02,7.906246428963115e-03,2.550000000000000e-04
5,-1.197601237378464e-02,7.318388819361376e-03,2.600000000000000e-04
5,-1.232591681923128e-02,6.712336542053585e-03,2.650000000000000e-04
5,-1.264517709336729e-02,6.089596338492044e-03,2.700000000000000e-04
5,-1.293299946484782e-02,5.451716438943081e-03,2.750000000000000e-04
5,-1.318866836190749e-02,4.800282713342720e-03,2.800000000000000e-04
5,-1.341154815138443e-02,4.136914728574099e-03,2.850000000000000e-04
5,-1.360108471900460e-02,3.463261721969036e-03,2.900000000000000e-04
5,-1.375680684699710e-02,2.780998501044176e-03,2.950000000000000e-04
5,-1.387832738561584e-02,2.091821279665610e-03,3.000000000000000e-04
5,-1.396534421565476e-02,1.397443460993919e-03,3.050000000000000e-04
5,-1.401764099956382e-02,6.995913776939996e-04,3.100000000000000e-04
5,-1.403508771929825e-02,1.718802525119092e-18,3.150000000000000e-04
5,-1.401764099956382e-02,-6.995913776939961e-04,3.200000000000000e-04
5,-1.396534421565476e-02,-1.397443460993915e-03,3.250000000000000e-04
5,-1.387832738561584e-02,-2.091821279665606e-03,3.300000000000000e-04
5,-1.375680684699710e-02,-2.780998501044173e-03,3.350000000000000e-04
5,-1.360108471900460e-02,-3.463261721969033e-03,3.400000000000000e-04
5,-1.341154815138443e-02,-4.136914728574089e-03,3.450000000000000e-04
5,-1.318866836190749e-02,-4.800282713342718e-03,3.500000000000000e-04
5,-1.293299946484782e-02,-5.451716438943085e-03,3.550000000000000e-04
5,-1.264517709336729e-02,-6.089596338492042e-03,3.600000000000000e-04
5,-1.232591681923128e-02,-6.712336542053583e-03,3.650000000000000e-04
5,-1.197601237378464e-02,-7.318388819361372e-03,3.700000000000000e-04
5,-1.159633367461045e-02,-7.906246428963115e-03,3.750000000000000e-04
5,-1.118782466277786e-02,-8.474447864217223e-03,3.800000000000000e-04
5,-1.075150095605583e-02,-9.021580486828624e-03,3.850000000000000e-04
5,-1.028844732392739e-02,-9.546284038890095e-03,3.900000000000000e-04
5,-9.799814990681728e-03,-1.004725402469780e-02,3.950000000000000e-04
5,-9.286818773289254e-03,-1.052324495393311e-02,4.000000000000000e-04
5,-8.750734061175207e-03,-1.097307343814778e-02,4.050000000000000e-04
5,-8.192893645400566e-03,-1.139562113285412e-02,4.100000000000000e-04
5,-7.614684405133462e-03,-1.178983751790557e-02,4.150000000000000e-04
5,-7.017543859649116e-03,-1.215474250925528e-02,4.200000000000000e-04
5,-6.402956594430360e-03,-1.248942889559956e-02,4.250000000000000e-04
5,-5.772450570254197e-03,-1.279306459384805e-02,4.300000000000000e-04
5,-5.127593324440641e-03,-1.306489471781339e-02,4.350000000000000e-04
5,-4.469988073707859e-03,-1.330424345497729e-02,4.400000000000000e-04
5,-3.801269728322872e-03,-1.351051574666684e-02,4.450000000000000e-04
5,-3.123100827457047e-03,-1.368319876746419e-02,4.500000000000000e-04
5,-2.437167405851653e-03,-1.382186320017133e-02,4.550000000000000e-04
5,-1.745174802069977e-03,-1.392616430316030e-02,4.600000000000000e-04
5,-1.048843418756838e-03,-1.399584276745516e-02,4.650000000000000e-04
5,-3.499044454466407e-04,-1.403072536141497e-02,4.700000000000000e-04
5,3.499044454466355e-04,-1.403072536141497e-02,4.750000000000000e-04
5,1.048843418756833e-03,-1.399584276745516e-02,4.800000000000000e-04
5,1.745174802069959e-03,-1.392616430316031e-02,4.850000000000000e-04
5,2.437167405851649e-03,-1.382186320017134e-02,4.900000000000000e-04
5,3.123100827457041e-03,-1.368319876746419e-02,4.950000000000000e-04
5,3.801269728322878e-03,-1.351051574666683e-02,5.000000000000000e-04
5,4.469988073707853e-03,-1.330424345497729e-02,5.050000000000000e-04
5,5.127593324440624e-03,-1.306489471781339e-02,5.100000000000000e-04
5,5.772450570254192e-03,-1.279306459384805e-02,5.150000000000000e-04
5,6.402956594430354e-03,-1.248942889559956e-02,5.200000000000000e-04
5,7.017543859649123e-03,-1.215474250925528e-02,5.250000000000000e-04
5,7.614684405133468e-03,-1.178983751790556e-02,5.300000000000000e-04
5,8.192893645400552e-03,-1.139562113285413e-02,5.350000000000000e-04
5,8.750734061175207e-03,-1.097307343814778e-02,5.400000000000000e-04
5,9.286818773289247e-03,-1.052324495393312e-02,5.450000000000000e-04
5,9.799814990681728e-03,-1.004725402469780e-02,5.500000000000000e-04
5,1.028844732392739e-02,-9.546284038890095e-03,5.550000000000000e-04
5,1.075150095605582e-02,-9.021580486828624e-03,5.600000000000000e-04
5,1.118782466277786e-02,-8.474447864217223e-03,5.650000000000000e-04
5,1.159633367461045e-02,-7.906246428963126e-03,5.700000000000000e-04
5,1.197601237378464e-02,-7.318388819361372e-03,5.750000000000000e-04
5,1.232591681923127e-02,-6.712336542053594e-03,5.800000000000000e-04
5,1.264517709336729e-02,-6.089596338492045e-03,5.850000000000000e-04
5,1.293299946484782e-02,-5.451716438943083e-03,5.900000000000000e-04
5,1.318866836190748e-02,-4.800282713342728e-03,5.950000000000000e-04
5,1.341154815138443e-02,-4.136914728574101e-03,5.999999999999999e-04
5,1.360108471900460e-02,-3.463261721969037e-03,6.050000000000000e-04
5,1.375680684699710e-02,-2.780998501044178e-03,6.100000000000000e-04
5,1.387832738561584e-02,-2.091821279665606e-03,6.150000000000000e-04
5,1.396534421565475e-02,-1.397443460993926e-03,6.200000000000000e-04
5,1.401764099956382e-02,-6.995913776940012e-04,6.250000000000000e-04
6,1.754385964912281e-02,0.000000000000000e+00,0.000000000000000e+00
6,1.752205124945477e-02,8.744892221174943e-04,5.000000000000000e-06
6,1.745668026956845e-02,1.746804326242398e-03,1.000000000000000e-05
6,1.734790923201980e-02,2.614776599582007e-03,1.500000000000000e-05
6,1.719600855874638e-02,3.476248126305220e-03,2.000000000000000e-05
6,1.700135589875575e-02,4.329077152461291e-03,2.500000000000000e-05
6,1.676443518923054e-02,5.171143410717617e-03,3.000000000000000e-05
6,1.648583545238436e-02,6.000353391678397e-03,3.500000000000000e-05
6,1.616624933105978e-02,6.814645548678854e-03,4.000000000000000e-05
6,1.580647136670910e-02,7.611995423115054e-03,4.500000000000000e-05
6,1.540739602403910e-02,8.390420677566984e-03,5.000000000000000e-05
6,1.497001546723080e-02,9.147986024201719e-03,5.500000000000000e-05
6,1.449541709326307e-02,9.882808036203894e-03,6.000000000000000e-05
6,1.398478082847232e-02,1.059305983027153e-02,6.499999999999999e-05
6,1.343937619506979e-02,1.127697560853578e-02,6.999999999999999e-05
6,1.286055915490923e-02,1.193285504861262e-02,7.499999999999999e-05
6,1.224976873835215e-02,1.255906753087225e-02,8.000000000000001e-05
6,1.160852346661157e-02,1.315405619241639e-02,8.500000000000001e-05
6,1.093841757646901e-02,1.371634179768474e-02,9.000000000000001e-05
6,1.024111705675070e-02,1.424452641606766e-02,9.500000000000001e-05
6,9.518355506416831e-03,1.473729689738195e-02,1.000000000000000e-04
6,8.771929824561400e-03,1.519342813656909e-02,1.050000000000000e-04
6,8.003695743037951e-03,1.561178611949945e-02,1.100000000000000e-04
6,7.215563212817746e-03,1.599133074231006e-02,1.150000000000000e-04
6,6.409491655550789e-03,1.633111839726674e-02,1.200000000000000e-04
6,5.587485092134814e-03,1.663030431872161e-02,1.250000000000000e-04
6,4.751587160403598e-03,1.688814468333354e-02,1.300000000000000e-04
6,3.903876034321306e-03,1.710399845933024e-02,1.350000000000000e-04
6,3.046459257314569e-03,1.727732900021417e-02,1.400000000000000e-04
6,2.181468502587461e-03,1.740770537895038e-02,1.450000000000000e-04
6,1.311054273446041e-03,1.749480345931895e-02,1.500000000000000e-04
6,4.373805568082988e-04,1.753840670176871e-02,1.550000000000000e-04
6,-4.373805568082966e-04,1.753840670176871e-02,1.600000000000000e-04
6,-1.311054273446040e-03,1.749480345931895e-02,1.650000000000000e-04
6,-2.181468502587458e-03,1.740770537895038e-02,1.700000000000000e-04
6,-3.046459257314566e-03,1.727732900021417e-02,1.750000000000000e-04
6,-3.903876034321304e-03,1.710399845933024e-02,1.800000000000000e-04
6,-4.751587160403596e-03,1.688814468333354e-02,1.850000000000000e-04
6,-5.587485092134812e-03,1.663030431872161e-02,1.900000000000000e-04
6,-6.409491655550786e-03,1.633111839726674e-02,1.950000000000000e-04
6,-7.215563212817743e-03,1.599133074231006e-02,2.000000000000000e-04
6,-8.003695743037935e-03,1.561178611949945e-02,2.050000000000000e-04
6,-8.771929824561408e-03,1.519342813656909e-02,2.100000000000000e-04
6,-9.518355506416831e-03,1.473729689738195e-02,2.150000000000000e-04
6,-1.024111705675070e-02,1.424452641606766e-02,2.200000000000000e-04
6,-1.093841757646901e-02,1.371634179768474e-02,2.250000000000000e-04
6,-1.160852346661157e-02,1.315405619241639e-02,2.300000000000000e-04
6,-1.224976873835215e-02,1.255906753087225e-02,2.350000000000000e-04
6,-1.286055915490923e-02,1.193285504861262e-02,2.400000000000000e-04
6,-1.343937619506979e-02,1.127697560853578e-02,2.450000000000000e-04
6,-1.398478082847232e-02,1.059305983027153e-02,2.500000000000000e-04
6,-1.449541709326306e-02,9.882808036203894e-03,2.550000000000000e-04
6,-1.497001546723080e-02,9.147986024201719e-03,2.600000000000000e-04
6,-1.540739602403910e-02,8.390420677566984e-03,2.650000000000000e-04
6,-1.580647136670910e-02,7.611995423115055e-03,2.700000000000000e-04
6,-1.616624933105978e-02,6.814645548678852e-03,2.750000000000000e-04
6,-1.648583545238436e-02,6.000353391678401e-03,2.800000000000000e-04
6,-1.676443518923054e-02,5.171143410717624e-03,2.850000000000000e-04
6,-1.700135589875575e-02,4.329077152461294e-03,2.900000000000000e-04
6,-1.719600855874638e-02,3.476248126305221e-03,2.950000000000000e-04
6,-1.734790923201980e-02,2.614776599582013e-03,3.000000000000000e-04
6,-1.745668026956845e-02,1.746804326242398e-03,3.050000000000000e-04
6,-1.752205124945477e-02,8.744892221174992e-04,3.100000000000000e-04
6,-1.754385964912281e-02,2.148503156398865e-18,3.150000000000000e-04
6,-1.752205124945477e-02,-8.744892221174952e-04,3.200000000000000e-04
6,-1.745668026956845e-02,-1.746804326242394e-03,3.250000000000000e-04
6,-1.734790923201980e-02,-2.614776599582008e-03,3.300000000000000e-04
6,-1.719600855874638e-02,-3.476248126305217e-03,3.350000000000000e-04
6,-1.700135589875575e-02,-4.329077152461291e-03,3.400000000000000e-04
6,-1.676443518923054e-02,-5.171143410717612e-03,3.450000000000000e-04
6,-1.648583545238436e-02,-6.000353391678397e-03,3.500000000000000e-04
6,-1.616624933105978e-02,-6.814645548678856e-03,3.550000000000000e-04
6,-1.580647136670910e-02,-7.611995423115052e-03,3.600000000000000e-04
6,-1.540739602403910e-02,-8.390420677566984e-03,3.650000000000000e-04
6,-1.497001546723080e-02,-9.147986024201719e-03,3.700000000000000e-04
6,-1.449541709326307e-02,-9.882808036203894e-03,3.750000000000000e-04
6,-1.398478082847233e-02,-1.059305983027153e-02,3.800000000000000e-04
6,-1.343937619506979e-02,-1.127697560853578e-02,3.850000000000000e-04
6,-1.286055915490923e-02,-1.193285504861261e-02,3.900000000000000e-04
6,-1.224976873835216e-02,-1.255906753087225e-02,3.950000000000000e-04
6,-1.160852346661157e-02,-1.315405619241638e-02,4.000000000000000e-04
6,-1.093841757646901e-02,-1.371634179768473e-02,4.050000000000000e-04
6,-1.024111705675071e-02,-1.424452641606765e-02,4.100000000000000e-04
6,-9.518355506416831e-03,-1.473729689738195e-02,4.150000000000000e-04
6,-8.771929824561400e-03,-1.519342813656910e-02,4.200000000000000e-04
6,-8.003695743037951e-03,-1.561178611949945e-02,4.250000000000000e-04
6,-7.215563212817746e-03,-1.599133074231006e-02,4.300000000000000e-04
6,-6.409491655550801e-03,-1.633111839726674e-02,4.350000000000000e-04
6,-5.587485092134823e-03,-1.663030431872161e-02,4.400000000000000e-04
6,-4.751587160403588e-03,-1.688814468333354e-02,4.450000000000000e-04
6,-3.903876034321308e-03,-1.710399845933024e-02,4.500000000000000e-04
6,-3.046459257314567e-03,-1.727732900021417e-02,4.550000000000000e-04
6,-2.181468502587471e-03,-1.740770537895038e-02,4.600000000000000e-04
6,-1.311054273446048e-03,-1.749480345931895e-02,4.650000000000000e-04
6,-4.373805568083009e-04,-1.753840670176871e-02,4.700000000000000e-04
6,4.373805568082945e-04,-1.753840670176871e-02,4.750000000000000e-04
6,1.311054273446041e-03,-1.749480345931895e-02,4.800000000000000e-04
6,2.181468502587448e-03,-1.740770537895039e-02,4.850000000000000e-04
6,3.046459257314561e-03,-1.727732900021417e-02,4.900000000000000e-04
6,3.903876034321302e-03,-1.710399845933024e-02,4.950000000000000e-04
6,4.751587160403598e-03,-1.688814468333354e-02,5.000000000000000e-04
6,5.587485092134817e-03,-1.663030431872161e-02,5.050000000000000e-04
6,6.409491655550780e-03,-1.633111839726674e-02,5.100000000000000e-04
6,7.215563212817740e-03,-1.599133074231006e-02,5.150000000000000e-04
6,8.003695743037944e-03,-1.561178611949945e-02,5.200000000000000e-04
6,8.771929824561408e-03,-1.519342813656909e-02,5.250000000000000e-04
6,9.518355506416831e-03,-1.473729689738195e-02,5.300000000000000e-04
6,1.024111705675070e-02,-1.424452641606766e-02,5.350000000000000e-04
6,1.093841757646901e-02,-1.371634179768474e-02,5.400000000000000e-04
6,1.160852346661156e-02,-1.315405619241640e-02,5.450000000000000e-04
6,1.224976873835216e-02,-1.255906753087225e-02,5.500000000000000e-04
6,1.286055915490924e-02,-1.193285504861261e-02,5.550000000000000e-04
6,1.343937619506978e-02,-1.127697560853578e-02,5.600000000000000e-04
6,1.398478082847232e-02,-1.059305983027153e-02,5.650000000000000e-04
6,1.449541709326306e-02,-9.882808036203903e-03,5.700000000000000e-04
6,1.497001546723081e-02,-9.147986024201719e-03,5.750000000000000e-04
6,1.540739602403910e-02,-8.390420677566991e-03,5.800000000000000e-04
6,1.580647136670910e-02,-7.611995423115058e-03,5.850000000000000e-04
6,1.616624933105978e-02,-6.814645548678854e-03,5.900000000000000e-04
6,1.648583545238435e-02,-6.000353391678410e-03,5.950000000000000e-04
6,1.676443518923054e-02,-5.171143410717626e-03,5.999999999999999e-04
6,1.700135589875575e-02,-4.329077152461297e-03,6.050000000000000e-04
6,1.719600855874638e-02,-3.476248126305223e-03,6.100000000000000e-04
6,1.734790923201980e-02,-2.614776599582006e-03,6.150000000000000e-04
6,1.745668026956844e-02,-1.746804326242409e-03,6.200000000000000e-04
6,1.752205124945477e-02,-8.744892221175016e-04,6.250000000000000e-04
7,2.105263157894736e-02,0.000000000000000e+00,0.000000000000000e+00
7,2.102646149934573e-02,1.049387066540993e-03,5.000000000000000e-06
7,2.094801632348213e-02,2.096165191490877e-03,1.000000000000000e-05
7,2.081749107842376e-02,3.137731919498410e-03,1.500000000000000e-05
7,2.063521027049565e-02,4.171497751566264e-03,2.000000000000000e-05
7,2.040162707850690e-02,5.194892582953550e-03,2.500000000000000e-05
7,2.011732222707665e-02,6.205372092861140e-03,3.000000000000000e-05
7,1.978300254286122e-02,7.200424070014077e-03,3.500000000000000e-05
7,1.939949919727173e-02,8.177574658414623e-03,4.000000000000000e-05
7,1.896776564005093e-02,9.134394507738064e-03,4.500000000000000e-05
7,1.848887522884691e-02,1.006850481308038e-02,5.000000000000000e-05
7,1.796401856067696e-02,1.097758322904206e-02,5.500000000000000e-05
7,1.739450051191568e-02,1.185936964344467e-02,6.000000000000000e-05
7,1.678173699416678e-02,1.271167179632584e-02,6.499999999999999e-05
7,1.612725143408374e-02,1.353237073024293e-02,6.999999999999999e-05
7,1.543267098589108e-02,1.431942605833514e-02,7.499999999999999e-05
7,1.469972248602258e-02,1.507088103704670e-02,8.000000000000001e-05
7,1.393022815993388e-02,1.578486743089966e-02,8.500000000000001e-05
7,1.312610109176281e-02,1.645961015722168e-02,9.000000000000001e-05
7,1.228934046810084e-02,1.709343169928119e-02,9.500000000000001e-05
7,1.142202660770020e-02,1.768475627685834e-02,1.000000000000000e-04
7,1.052631578947368e-02,1.823211376388292e-02,1.050000000000000e-04
7,9.604434891645535e-03,1.873414334339933e-02,1.100000000000000e-04
7,8.658675855381295e-03,1.918959689077206e-02,1.150000000000000e-04
7,7.691389986660946e-03,1.959734207672009e-02,1.200000000000000e-04
7,6.704982110561777e-03,1.995636518246593e-02,1.250000000000000e-04
7,5.701904592484318e-03,2.026577362000025e-02,1.300000000000000e-04
7,4.684651241185566e-03,2.052479815119629e-02,1.350000000000000e-04
7,3.655751108777482e-03,2.073279480025701e-02,1.400000000000000e-04
7,2.617762203104953e-03,2.088924645474046e-02,1.450000000000000e-04
7,1.573265128135250e-03,2.099376415118273e-02,1.500000000000000e-04
7,5.248566681699586e-04,2.104608804212245e-02,1.550000000000000e-04
7,-5.248566681699560e-04,2.104608804212245e-02,1.600000000000000e-04
7,-1.573265128135248e-03,2.099376415118273e-02,1.650000000000000e-04
7,-2.617762203104950e-03,2.088924645474046e-02,1.700000000000000e-04
7,-3.655751108777479e-03,2.073279480025701e-02,1.750000000000000e-04
7,-4.684651241185564e-03,2.052479815119629e-02,1.800000000000000e-04
7,-5.701904592484315e-03,2.026577362000025e-02,1.850000000000000e-04
7,-6.704982110561774e-03,1.995636518246593e-02,1.900000000000000e-04
7,-7.691389986660944e-03,1.959734207672009e-02,1.950000000000000e-04
7,-8.658675855381295e-03,1.918959689077206e-02,2.000000000000000e-04
7,-9.604434891645527e-03,1.873414334339934e-02,2.050000000000000e-04
7,-1.052631578947369e-02,1.823211376388292e-02,2.100000000000000e-04
7,-1.142202660770020e-02,1.768475627685834e-02,2.150000000000000e-04
7,-1.228934046810083e-02,1.709343169928119e-02,2.200000000000000e-04
7,-1.312610109176281e-02,1.645961015722168e-02,2.250000000000000e-04
7,-1.393022815993388e-02,1.578486743089967e-02,2.300000000000000e-04
7,-1.469972248602258e-02,1.507088103704670e-02,2.350000000000000e-04
7,-1.543267098589108e-02,1.431942605833514e-02,2.400000000000000e-04
7,-1.612725143408374e-02,1.353237073024293e-02,2.450000000000000e-04
7,-1.678173699416678e-02,1.271167179632584e-02,2.500000000000000e-04
7,-1.739450051191567e-02,1.185936964344468e-02,2.550000000000000e-04
7,-1.796401856067696e-02,1.097758322904206e-02,2.600000000000000e-04
7,-1.848887522884692e-02,1.006850481308037e-02,2.650000000000000e-04
7,-1.896776564005093e-02,9.134394507738071e-03,2.700000000000000e-04
7,-1.939949919727174e-02,8.177574658414623e-03,2.750000000000000e-04
7,-1.978300254286122e-02,7.200424070014081e-03,2.800000000000000e-04
7,-2.011732222707664e-02,6.205372092861149e-03,2.850000000000000e-04
7,-2.040162707850690e-02,5.194892582953554e-03,2.900000000000000e-04
7,-2.063521027049565e-02,4.171497751566264e-03,2.950000000000000e-04
7,-2.081749107842376e-02,3.137731919498414e-03,3.000000000000000e-04
7,-2.094801632348213e-02,2.096165191490878e-03,3.050000000000000e-04
7,-2.102646149934573e-02,1.049387066540999e-03,3.100000000000000e-04
7,-2.105263157894736e-02,2.578203787678638e-18,3.150000000000000e-04
7,-2.102646149934573e-02,-1.049387066540994e-03,3.200000000000000e-04
7,-2.094801632348213e-02,-2.096165191490874e-03,3.250000000000000e-04
7,-2.081749107842376e-02,-3.137731919498410e-03,3.300000000000000e-04
7,-2.063521027049566e-02,-4.171497751566260e-03,3.350000000000000e-04
7,-2.040162707850690e-02,-5.194892582953550e-03,3.400000000000000e-04
7,-2.011732222707665e-02,-6.205372092861134e-03,3.450000000000000e-04
7,-1.978300254286122e-02,-7.200424070014076e-03,3.500000000000000e-04
7,-1.939949919727173e-02,-8.177574658414623e-03,3.550000000000000e-04
7,-1.896776564005093e-02,-9.134394507738064e-03,3.600000000000000e-04
7,-1.848887522884692e-02,-1.006850481308037e-02,3.650000000000000e-04
7,-1.796401856067696e-02,-1.097758322904206e-02,3.700000000000000e-04
7,-1.739450051191568e-02,-1.185936964344467e-02,3.750000000000000e-04
7,-1.678173699416679e-02,-1.271167179632583e-02,3.800000000000000e-04
7,-1.612725143408375e-02,-1.353237073024293e-02,3.850000000000000e-04
7,-1.543267098589108e-02,-1.431942605833514e-02,3.900000000000000e-04
7,-1.469972248602258e-02,-1.507088103704670e-02,3.950000000000000e-04
7,-1.393022815993389e-02,-1.578486743089966e-02,4.000000000000000e-04
7,-1.312610109176281e-02,-1.645961015722168e-02,4.050000000000000e-04
7,-1.228934046810086e-02,-1.709343169928117e-02,4.100000000000000e-04
7,-1.142202660770019e-02,-1.768475627685834e-02,4.150000000000000e-04
7,-1.052631578947367e-02,-1.823211376388292e-02,4.200000000000000e-04
7,-9.604434891645535e-03,-1.873414334339933e-02,4.250000000000000e-04
7,-8.658675855381295e-03,-1.918959689077206e-02,4.300000000000000e-04
7,-7.691389986660959e-03,-1.959734207672008e-02,4.350000000000000e-04
7,-6.704982110561788e-03,-1.995636518246593e-02,4.400000000000000e-04
7,-5.701904592484307e-03,-2.026577362000025e-02,4.450000000000000e-04
7,-4.684651241185570e-03,-2.052479815119629e-02,4.500000000000000e-04
7,-3.655751108777480e-03,-2.073279480025701e-02,4.550000000000000e-04
7,-2.617762203104964e-03,-2.088924645474046e-02,4.600000000000000e-04
7,-1.573265128135258e-03,-2.099376415118273e-02,4.650000000000000e-04
7,-5.248566681699611e-04,-2.104608804212245e-02,4.700000000000000e-04
7,5.248566681699534e-04,-2.104608804212245e-02,4.750000000000000e-04
7,1.573265128135249e-03,-2.099376415118273e-02,4.800000000000000e-04
7,2.617762203104938e-03,-2.088924645474046e-02,4.850000000000000e-04
7,3.655751108777472e-03,-2.073279480025701e-02,4.900000000000000e-04
7,4.684651241185563e-03,-2.052479815119629e-02,4.950000000000000e-04
7,5.701904592484318e-03,-2.026577362000025e-02,5.000000000000000e-04
7,6.704982110561779e-03,-1.995636518246593e-02,5.050000000000000e-04
7,7.691389986660937e-03,-1.959734207672009e-02,5.100000000000000e-04
7,8.658675855381288e-03,-1.918959689077206e-02,5.150000000000000e-04
7,9.604434891645535e-03,-1.873414334339933e-02,5.200000000000000e-04
7,1.052631578947369e-02,-1.823211376388292e-02,5.250000000000000e-04
7,1.142202660770020e-02,-1.768475627685834e-02,5.300000000000000e-04
7,1.228934046810083e-02,-1.709343169928119e-02,5.350000000000000e-04
7,1.312610109176281e-02,-1.645961015722168e-02,5.400000000000000e-04
7,1.393022815993386e-02,-1.578486743089968e-02,5.450000000000000e-04
7,1.469972248602258e-02,-1.507088103704670e-02,5.500000000000000e-04
7,1.543267098589108e-02,-1.431942605833514e-02,5.550000000000000e-04
7,1.612725143408374e-02,-1.353237073024293e-02,5.600000000000000e-04
7,1.678173699416678e-02,-1.271167179632584e-02,5.650000000000000e-04
7,1.739450051191567e-02,-1.185936964344469e-02,5.700000000000000e-04
7,1.796401856067696e-02,-1.097758322904206e-02,5.750000000000000e-04
7,1.848887522884691e-02,-1.006850481308039e-02,5.800000000000000e-04
7,1.896776564005093e-02,-9.134394507738071e-03,5.850000000000000e-04
7,1.939949919727173e-02,-8.177574658414623e-03,5.900000000000000e-04
7,1.978300254286122e-02,-7.200424070014092e-03,5.950000000000000e-04
7,2.011732222707664e-02,-6.205372092861151e-03,5.999999999999999e-04
7,2.040162707850690e-02,-5.194892582953557e-03,6.050000000000000e-04
7,2.063521027049565e-02,-4.171497751566267e-03,6.100000000000000e-04
7,2.081749107842376e-02,-3.137731919498407e-03,6.150000000000000e-04
7,2.094801632348213e-02,-2.096165191490890e-03,6.200000000000000e-04
7,2.102646149934573e-02,-1.049387066541002e-03,6.250000000000000e-04
8,2.456140350877193e-02,0.000000000000000e+00,0.000000000000000e+00
8,2.453087174923669e-02,1.224284910964492e-03,5.000000000000000e-06
8,2.443935237739582e-02,2.445526056739357e-03,1.000000000000000e-05
8,2.428707292482771e-02,3.660687239414811e-03,1.500000000000000e-05
8,2.407441198224494e-02,4.866747376827308e-03,2.000000000000000e-05
8,2.380189825825805e-02,6.060708013445808e-03,2.500000000000000e-05
8,2.347020926492276e-02,7.239600775004666e-03,3.000000000000000e-05
8,2.308016963333810e-02,8.400494748349759e-03,3.500000000000000e-05
8,2.263274906348369e-02,9.540503768150400e-03,4.000000000000000e-05
8,2.212905991339275e-02,1.065679359236107e-02,4.500000000000000e-05
8,2.157035443365473e-02,1.174658894859378e-02,5.000000000000000e-05
8,2.095802165412312e-02,1.280718043388241e-02,5.500000000000000e-05
8,2.029358393056829e-02,1.383593125068546e-02,6.000000000000000e-05
8,1.957869315986126e-02,1.483028376238014e-02,6.499999999999999e-05
8,1.881512667309770e-02,1.578776585195009e-02,6.999999999999999e-05
8,1.800478281687293e-02,1.670599706805767e-02,7.499999999999999e-05
8,1.714967623369301e-02,1.758269454322115e-02,8.000000000000001e-05
8,1.625193285325619e-02,1.841567866938294e-02,8.500000000000001e-05
8,1.531378460705661e-02,1.920287851675862e-02,9.000000000000001e-05
8,1.433756387945098e-02,1.994233698249472e-02,9.500000000000001e-05
8,1.332569770898356e-02,2.063221565633473e-02,1.000000000000000e-04
8,1.228070175438596e-02,2.127079939119674e-02,1.050000000000000e-04
8,1.120517404025313e-02,2.185650056729922e-02,1.100000000000000e-04
8,1.010178849794485e-02,2.238786303923407e-02,1.150000000000000e-04
8,8.973288317771104e-03,2.286356575617344e-02,1.200000000000000e-04
8,7.822479128988738e-03,2.328242604621025e-02,1.250000000000000e-04
8,6.652222024565038e-03,2.364340255666696e-02,1.300000000000000e-04
8,5.465426448049828e-03,2.394559784306233e-02,1.350000000000000e-04
8,4.265042960240395e-03,2.418826060029984e-02,1.400000000000000e-04
8,3.054055903622445e-03,2.437078753053054e-02,1.450000000000000e-04
8,1.835475982824458e-03,2.449272484304653e-02,1.500000000000000e-04
8,6.123327795316183e-04,2.455376938247618e-02,1.550000000000000e-04
8,-6.123327795316153e-04,2.455376938247618e-02,1.600000000000000e-04
8,-1.835475982824455e-03,2.449272484304653e-02,1.650000000000000e-04
8,-3.054055903622442e-03,2.437078753053054e-02,1.700000000000000e-04
8,-4.265042960240393e-03,2.418826060029984e-02,1.750000000000000e-04
8,-5.465426448049824e-03,2.394559784306233e-02,1.800000000000000e-04
8,-6.652222024565033e-03,2.364340255666697e-02,1.850000000000000e-04
8,-7.822479128988737e-03,2.328242604621025e-02,1.900000000000000e-04
8,-8.973288317771104e-03,2.286356575617344e-02,1.950000000000000e-04
8,-1.010178849794484e-02,2.238786303923408e-02,2.000000000000000e-04
8,-1.120517404025311e-02,2.185650056729923e-02,2.050000000000000e-04
8,-1.228070175438597e-02,2.127079939119673e-02,2.100000000000000e-04
8,-1.332569770898356e-02,2.063221565633473e-02,2.150000000000000e-04
8,-1.433756387945097e-02,1.994233698249472e-02,2.200000000000000e-04
8,-1.531378460705661e-02,1.920287851675863e-02,2.250000000000000e-04
8,-1.625193285325619e-02,1.841567866938295e-02,2.300000000000000e-04
8,-1.714967623369301e-02,1.758269454322115e-02,2.350000000000000e-04
8,-1.800478281687293e-02,1.670599706805767e-02,2.400000000000000e-04
8,-1.881512667309770e-02,1.578776585195009e-02,2.450000000000000e-04
8,-1.957869315986126e-02,1.483028376238014e-02,2.500000000000000e-04
8,-2.029358393056829e-02,1.383593125068546e-02,2.550000000000000e-04
8,-2.095802165412312e-02,1.280718043388241e-02,2.600000000000000e-04
8,-2.157035443365473e-02,1.174658894859378e-02,2.650000000000000e-04
8,-2.212905991339274e-02,1.065679359236108e-02,2.700000000000000e-04
8,-2.263274906348369e-02,9.540503768150391e-03,2.750000000000000e-04
8,-2.308016963333809e-02,8.400494748349759e-03,2.800000000000000e-04
8,-2.347020926492275e-02,7.239600775004674e-03,2.850000000000000e-04
8,-2.380189825825805e-02,6.060708013445813e-03,2.900000000000000e-04
8,-2.407441198224494e-02,4.866747376827309e-03,2.950000000000000e-04
8,-2.428707292482771e-02,3.660687239414818e-03,3.000000000000000e-04
8,-2.443935237739582e-02,2.445526056739358e-03,3.050000000000000e-04
8,-2.453087174923669e-02,1.224284910964499e-03,3.100000000000000e-04
8,-2.456140350877193e-02,3.007904418958411e-18,3.150000000000000e-04
8,-2.453087174923669e-02,-1.224284910964493e-03,3.200000000000000e-04
8,-2.443935237739582e-02,-2.445526056739352e-03,3.250000000000000e-04
8,-2.428707292482771e-02,-3.660687239414811e-03,3.300000000000000e-04
8,-2.407441198224494e-02,-4.866747376827303e-03,3.350000000000000e-04
8,-2.380189825825805e-02,-6.060708013445808e-03,3.400000000000000e-04
8,-2.347020926492276e-02,-7.239600775004657e-03,3.450000000000000e-04
8,-2.308016963333810e-02,-8.400494748349752e-03,3.500000000000000e-04
8,-2.263274906348369e-02,-9.540503768150400e-03,3.550000000000000e-04
8,-2.212905991339275e-02,-1.065679359236107e-02,3.600000000000000e-04
8,-2.157035443365473e-02,-1.174658894859377e-02,3.650000000000000e-04
8,-2.095802165412312e-02,-1.280718043388240e-02,3.700000000000000e-04
8,-2.029358393056829e-02,-1.383593125068546e-02,3.750000000000000e-04
8,-1.957869315986126e-02,-1.483028376238013e-02,3.800000000000000e-04
8,-1.881512667309770e-02,-1.578776585195009e-02,3.850000000000000e-04
8,-1.800478281687293e-02,-1.670599706805766e-02,3.900000000000000e-04
8,-1.714967623369302e-02,-1.758269454322115e-02,3.950000000000000e-04
8,-1.625193285325621e-02,-1.841567866938294e-02,4.000000000000000e-04
8,-1.531378460705661e-02,-1.920287851675862e-02,4.050000000000000e-04
8,-1.433756387945099e-02,-1.994233698249471e-02,4.100000000000000e-04
8,-1.332569770898356e-02,-2.063221565633473e-02,4.150000000000000e-04
8,-1.228070175438595e-02,-2.127079939119674e-02,4.200000000000000e-04
8,-1.120517404025313e-02,-2.185650056729922e-02,4.250000000000000e-04
8,-1.010178849794485e-02,-2.238786303923408e-02,4.300000000000000e-04
8,-8.973288317771120e-03,-2.286356575617343e-02,4.350000000000000e-04
8,-7.822479128988752e-03,-2.328242604621025e-02,4.400000000000000e-04
8,-6.652222024565026e-03,-2.364340255666697e-02,4.450000000000000e-04
8,-5.465426448049831e-03,-2.394559784306233e-02,4.500000000000000e-04
8,-4.265042960240393e-03,-2.418826060029984e-02,4.550000000000000e-04
8,-3.054055903622459e-03,-2.437078753053053e-02,4.600000000000000e-04
8,-1.835475982824467e-03,-2.449272484304653e-02,4.650000000000000e-04
8,-6.123327795316213e-04,-2.455376938247618e-02,4.700000000000000e-04
8,6.123327795316123e-04,-2.455376938247618e-02,4.750000000000000e-04
8,1.835475982824457e-03,-2.449272484304653e-02,4.800000000000000e-04
8,3.054055903622429e-03,-2.437078753053054e-02,4.850000000000000e-04
8,4.265042960240385e-03,-2.418826060029985e-02,4.900000000000000e-04
8,5.465426448049822e-03,-2.394559784306233e-02,4.950000000000000e-04
8,6.652222024565036e-03,-2.364340255666696e-02,5.000000000000000e-04
8,7.822479128988742e-03,-2.328242604621025e-02,5.050000000000000e-04
8,8.973288317771095e-03,-2.286356575617344e-02,5.100000000000000e-04
8,1.010178849794484e-02,-2.238786303923408e-02,5.150000000000000e-04
8,1.120517404025312e-02,-2.185650056729922e-02,5.200000000000000e-04
8,1.228070175438597e-02,-2.127079939119673e-02,5.250000000000000e-04
8,1.332569770898357e-02,-2.063221565633473e-02,5.300000000000000e-04
8,1.433756387945097e-02,-1.994233698249473e-02,5.350000000000000e-04
8,1.531378460705661e-02,-1.920287851675863e-02,5.400000000000000e-04
8,1.625193285325617e-02,-1.841567866938296e-02,5.450000000000000e-04
8,1.714967623369302e-02,-1.758269454322115e-02,5.500000000000000e-04
8,1.800478281687293e-02,-1.670599706805766e-02,5.550000000000000e-04
8,1.881512667309769e-02,-1.578776585195009e-02,5.600000000000000e-04
8,1.957869315986125e-02,-1.483028376238014e-02,5.650000000000000e-04
8,2.029358393056829e-02,-1.383593125068547e-02,5.700000000000000e-04
8,2.095802165412312e-02,-1.280718043388240e-02,5.750000000000000e-04
8,2.157035443365473e-02,-1.174658894859379e-02,5.800000000000000e-04
8,2.212905991339274e-02,-1.065679359236108e-02,5.850000000000000e-04
8,2.263274906348369e-02,-9.540503768150400e-03,5.900000000000000e-04
8,2.308016963333809e-02,-8.400494748349776e-03,5.950000000000000e-04
8,2.347020926492275e-02,-7.239600775004678e-03,5.999999999999999e-04
8,2.380189825825805e-02,-6.060708013445815e-03,6.050000000000000e-04
8,2.407441198224494e-02,-4.866747376827312e-03,6.100000000000000e-04
8,2.428707292482771e-02,-3.660687239414809e-03,6.150000000000000e-04
8,2.443935237739582e-02,-2.445526056739372e-03,6.200000000000000e-04
8,2.453087174923669e-02,-1.224284910964502e-03,6.250000000000000e-04
9,2.807017543859649e-02,0.000000000000000e+00,0.000000000000000e+00
9,2.803528199912764e-02,1.399182755387990e-03,5.000000000000000e-06
9,2.793068843130951e-02,2.794886921987836e-03,1.000000000000000e-05
9,2.775665477123167e-02,4.183642559331212e-03,1.500000000000000e-05
9,2.751361369399421e-02,5.561997002088352e-03,2.000000000000000e-05
9,2.720216943800921e-02,6.926523443938066e-03,2.500000000000000e-05
9,2.682309630276886e-02,8.273829457148184e-03,3.000000000000000e-05
9,2.637733672381497e-02,9.600565426685439e-03,3.500000000000000e-05
9,2.586599892969565e-02,1.090343287788617e-02,4.000000000000000e-05
9,2.529035418673457e-02,1.217919267698409e-02,4.500000000000000e-05
9,2.465183363846255e-02,1.342467308410717e-02,5.000000000000000e-05
9,2.395202474756928e-02,1.463677763872275e-02,5.500000000000000e-05
9,2.319266734922090e-02,1.581249285792623e-02,6.000000000000000e-05
9,2.237564932555572e-02,1.694889572843445e-02,6.499999999999999e-05
9,2.150300191211166e-02,1.804316097365724e-02,6.999999999999999e-05
9,2.057689464785478e-02,1.909256807778019e-02,7.499999999999999e-05
9,1.959962998136345e-02,2.009450804939561e-02,8.000000000000001e-05
9,1.857363754657851e-02,2.104648990786622e-02,8.500000000000001e-05
9,1.750146812235041e-02,2.194614687629557e-02,9.000000000000001e-05
9,1.638578729080112e-02,2.279124226570825e-02,9.500000000000001e-05
9,1.522936881026693e-02,2.357967503581113e-02,1.000000000000000e-04
9,1.403508771929824e-02,2.430948501851056e-02,1.050000000000000e-04
9,1.280591318886072e-02,2.497885779119912e-02,1.100000000000000e-04
9,1.154490114050840e-02,2.558612918769608e-02,1.150000000000000e-04
9,1.025518664888126e-02,2.612978943562678e-02,1.200000000000000e-04
9,8.939976147415703e-03,2.660848690995457e-02,1.250000000000000e-04
9,7.602539456645758e-03,2.702103149333367e-02,1.300000000000000e-04
9,6.246201654914089e-03,2.736639753492838e-02,1.350000000000000e-04
9,4.874334811703310e-03,2.764372640034268e-02,1.400000000000000e-04
9,3.490349604139938e-03,2.785232860632061e-02,1.450000000000000e-04
9,2.097686837513667e-03,2.799168553491031e-02,1.500000000000000e-04
9,6.998088908932780e-04,2.806145072282993e-02,1.550000000000000e-04
9,-6.998088908932746e-04,2.806145072282993e-02,1.600000000000000e-04
9,-2.097686837513664e-03,2.799168553491031e-02,1.650000000000000e-04
9,-3.490349604139934e-03,2.785232860632061e-02,1.700000000000000e-04
9,-4.874334811703306e-03,2.764372640034268e-02,1.750000000000000e-04
9,-6.246201654914085e-03,2.736639753492838e-02,1.800000000000000e-04
9,-7.602539456645753e-03,2.702103149333367e-02,1.850000000000000e-04
9,-8.939976147415695e-03,2.660848690995457e-02,1.900000000000000e-04
9,-1.025518664888126e-02,2.612978943562678e-02,1.950000000000000e-04
9,-1.154490114050839e-02,2.558612918769609e-02,2.000000000000000e-04
9,-1.280591318886070e-02,2.497885779119912e-02,2.050000000000000e-04
9,-1.403508771929825e-02,2.430948501851056e-02,2.100000000000000e-04
9,-1.522936881026693e-02,2.357967503581113e-02,2.150000000000000e-04
9,-1.638578729080111e-02,2.279124226570825e-02,2.200000000000000e-04
9,-1.750146812235041e-02,2.194614687629557e-02,2.250000000000000e-04
9,-1.857363754657850e-02,2.104648990786623e-02,2.300000000000000e-04
9,-1.959962998136345e-02,2.009450804939561e-02,2.350000000000000e-04
9,-2.057689464785478e-02,1.909256807778019e-02,2.400000000000000e-04
9,-2.150300191211166e-02,1.804316097365725e-02,2.450000000000000e-04
9,-2.237564932555572e-02,1.694889572843445e-02,2.500000000000000e-04
9,-2.319266734922090e-02,1.581249285792623e-02,2.550000000000000e-04
9,-2.395202474756928e-02,1.463677763872275e-02,2.600000000000000e-04
9,-2.465183363846256e-02,1.342467308410717e-02,2.650000000000000e-04
9,-2.529035418673457e-02,1.217919267698409e-02,2.700000000000000e-04
9,-2.586599892969565e-02,1.090343287788617e-02,2.750000000000000e-04
9,-2.637733672381497e-02,9.600565426685439e-03,2.800000000000000e-04
9,-2.682309630276885e-02,8.273829457148199e-03,2.850000000000000e-04
9,-2.720216943800920e-02,6.926523443938072e-03,2.900000000000000e-04
9,-2.751361369399421e-02,5.561997002088353e-03,2.950000000000000e-04
9,-2.775665477123167e-02,4.183642559331220e-03,3.000000000000000e-04
9,-2.793068843130951e-02,2.794886921987838e-03,3.050000000000000e-04
9,-2.803528199912764e-02,1.399182755387999e-03,3.100000000000000e-04
9,-2.807017543859649e-02,3.437605050238184e-18,3.150000000000000e-04
9,-2.803528199912764e-02,-1.399182755387993e-03,3.200000000000000e-04
9,-2.793068843130951e-02,-2.794886921987830e-03,3.250000000000000e-04
9,-2.775665477123167e-02,-4.183642559331214e-03,3.300000000000000e-04
9,-2.751361369399421e-02,-5.561997002088346e-03,3.350000000000000e-04
9,-2.720216943800921e-02,-6.926523443938066e-03,3.400000000000000e-04
9,-2.682309630276886e-02,-8.273829457148175e-03,3.450000000000000e-04
9,-2.637733672381497e-02,-9.600565426685432e-03,3.500000000000000e-04
9,-2.586599892969565e-02,-1.090343287788617e-02,3.550000000000000e-04
9,-2.529035418673457e-02,-1.217919267698408e-02,3.600000000000000e-04
9,-2.465183363846256e-02,-1.342467308410717e-02,3.650000000000000e-04
9,-2.395202474756928e-02,-1.463677763872274e-02,3.700000000000000e-04
9,-2.319266734922090e-02,-1.581249285792623e-02,3.750000000000000e-04
9,-2.237564932555572e-02,-1.694889572843445e-02,3.800000000000000e-04
9,-2.150300191211166e-02,-1.804316097365724e-02,3.850000000000000e-04
9,-2.057689464785478e-02,-1.909256807778018e-02,3.900000000000000e-04
9,-1.959962998136345e-02,-2.009450804939561e-02,3.950000000000000e-04
9,-1.857363754657852e-02,-2.104648990786621e-02,4.000000000000000e-04
9,-1.750146812235041e-02,-2.194614687629557e-02,4.050000000000000e-04
9,-1.638578729080114e-02,-2.279124226570824e-02,4.100000000000000e-04
9,-1.522936881026693e-02,-2.357967503581113e-02,4.150000000000000e-04
9,-1.403508771929823e-02,-2.430948501851056e-02,4.200000000000000e-04
9,-1.280591318886072e-02,-2.497885779119911e-02,4.250000000000000e-04
9,-1.154490114050839e-02,-2.558612918769609e-02,4.300000000000000e-04
9,-1.025518664888128e-02,-2.612978943562677e-02,4.350000000000000e-04
9,-8.939976147415719e-03,-2.660848690995457e-02,4.400000000000000e-04
9,-7.602539456645744e-03,-2.702103149333367e-02,4.450000000000000e-04
9,-6.246201654914093e-03,-2.736639753492838e-02,4.500000000000000e-04
9,-4.874334811703306e-03,-2.764372640034268e-02,4.550000000000000e-04
9,-3.490349604139953e-03,-2.785232860632061e-02,4.600000000000000e-04
9,-2.097686837513677e-03,-2.799168553491031e-02,4.650000000000000e-04
9,-6.998088908932815e-04,-2.806145072282993e-02,4.700000000000000e-04
9,6.998088908932712e-04,-2.806145072282993e-02,4.750000000000000e-04
9,2.097686837513666e-03,-2.799168553491031e-02,4.800000000000000e-04
9,3.490349604139918e-03,-2.785232860632061e-02,4.850000000000000e-04
9,4.874334811703298e-03,-2.764372640034268e-02,4.900000000000000e-04
9,6.246201654914083e-03,-2.736639753492838e-02,4.950000000000000e-04
9,7.602539456645756e-03,-2.702103149333367e-02,5.000000000000000e-04
9,8.939976147415703e-03,-2.660848690995457e-02,5.050000000000000e-04
9,1.025518664888125e-02,-2.612978943562678e-02,5.100000000000000e-04
9,1.154490114050838e-02,-2.558612918769609e-02,5.150000000000000e-04
9,1.280591318886071e-02,-2.497885779119912e-02,5.200000000000000e-04
9,1.403508771929825e-02,-2.430948501851056e-02,5.250000000000000e-04
9,1.522936881026693e-02,-2.357967503581112e-02,5.300000000000000e-04
9,1.638578729080110e-02,-2.279124226570825e-02,5.350000000000000e-04
9,1.750146812235041e-02,-2.194614687629557e-02,5.400000000000000e-04
9,1.857363754657849e-02,-2.104648990786624e-02,5.450000000000000e-04
9,1.959962998136345e-02,-2.009450804939560e-02,5.500000000000000e-04
9,2.057689464785478e-02,-1.909256807778018e-02,5.550000000000000e-04
9,2.150300191211165e-02,-1.804316097365725e-02,5.600000000000000e-04
9,2.237564932555571e-02,-1.694889572843446e-02,5.650000000000000e-04
9,2.319266734922090e-02,-1.581249285792626e-02,5.700000000000000e-04
9,2.395202474756928e-02,-1.463677763872274e-02,5.750000000000000e-04
9,2.465183363846254e-02,-1.342467308410719e-02,5.800000000000000e-04
9,2.529035418673457e-02,-1.217919267698410e-02,5.850000000000000e-04
9,2.586599892969565e-02,-1.090343287788617e-02,5.900000000000000e-04
9,2.637733672381497e-02,-9.600565426685456e-03,5.950000000000000e-04
9,2.682309630276885e-02,-8.273829457148199e-03,5.999999999999999e-04
9,2.720216943800920e-02,-6.926523443938074e-03,6.050000000000000e-04
9,2.751361369399421e-02,-5.561997002088355e-03,6.100000000000000e-04
9,2.775665477123167e-02,-4.183642559331210e-03,6.150000000000000e-04
9,2.793068843130951e-02,-2.794886921987854e-03,6.200000000000000e-04
9,2.803528199912764e-02,-1.399182755388002e-03,6.250000000000000e-04
10,3.157894736842104e-02,0.000000000000000e+00,0.000000000000000e+00
10,3.153969224901860e-02,1.574080599811490e-03,5.000000000000000e-06
10,3.142202448522319e-02,3.144247787236315e-03,1.000000000000000e-05
10,3.122623661763563e-02,4.706597879247613e-03,1.500000000000000e-05
10,3.095281540574349e-02,6.257246627349397e-03,2.000000000000000e-05
10,3.060244061776036e-02,7.792338874430322e-03,2.500000000000000e-05
10,3.017598334061497e-02,9.308058139291711e-03,3.000000000000000e-05
10,2.967450381429184e-02,1.080063610502112e-02,3.500000000000000e-05
10,2.909924879590760e-02,1.226636198762194e-02,4.000000000000000e-05
10,2.845164846007639e-02,1.370159176160709e-02,4.500000000000000e-05
10,2.773331284327037e-02,1.510275721962058e-02,5.000000000000000e-05
10,2.694602784101544e-02,1.646637484356309e-02,5.500000000000000e-05
10,2.609175076787352e-02,1.778905446516701e-02,6.000000000000000e-05
10,2.517260549125018e-02,1.906750769448876e-02,6.499999999999999e-05
10,2.419087715112562e-02,2.029855609536439e-02,6.999999999999999e-05
10,2.314900647883662e-02,2.147913908750272e-02,7.499999999999999e-05
10,2.204958372903388e-02,2.260632155557005e-02,8.000000000000001e-05
10,2.089534223990082e-02,2.367730114634950e-02,8.500000000000001e-05
10,1.968915163764422e-02,2.468941523583252e-02,9.000000000000001e-05
10,1.843401070215126e-02,2.564014754892178e-02,9.500000000000001e-05
10,1.713303991155030e-02,2.652713441528752e-02,1.000000000000000e-04
10,1.578947368421052e-02,2.734817064582437e-02,1.050000000000000e-04
10,1.440665233746830e-02,2.810121501509900e-02,1.100000000000000e-04
10,1.298801378307194e-02,2.878439533615808e-02,1.150000000000000e-04
10,1.153708497999142e-02,2.939601311508014e-02,1.200000000000000e-04
10,1.005747316584266e-02,2.993454777369889e-02,1.250000000000000e-04
10,8.552856888726479e-03,3.039866043000037e-02,1.300000000000000e-04
10,7.026976861778350e-03,3.078719722679442e-02,1.350000000000000e-04
10,5.483626663166223e-03,3.109919220038552e-02,1.400000000000000e-04
10,3.926643304657429e-03,3.133386968211069e-02,1.450000000000000e-04
10,2.359897692202875e-03,3.149064622677410e-02,1.500000000000000e-04
10,7.872850022549379e-04,3.156913206318367e-02,1.550000000000000e-04
10,-7.872850022549341e-04,3.156913206318367e-02,1.600000000000000e-04
10,-2.359897692202871e-03,3.149064622677410e-02,1.650000000000000e-04
10,-3.926643304657426e-03,3.133386968211069e-02,1.700000000000000e-04
10,-5.483626663166220e-03,3.109919220038552e-02,1.750000000000000e-04
10,-7.026976861778346e-03,3.078719722679442e-02,1.800000000000000e-04
10,-8.552856888726472e-03,3.039866043000037e-02,1.850000000000000e-04
10,-1.005747316584266e-02,2.993454777369889e-02,1.900000000000000e-04
10,-1.153708497999142e-02,2.939601311508014e-02,1.950000000000000e-04
10,-1.298801378307194e-02,2.878439533615810e-02,2.000000000000000e-04
10,-1.440665233746829e-02,2.810121501509901e-02,2.050000000000000e-04
10,-1.578947368421053e-02,2.734817064582437e-02,2.100000000000000e-04
10,-1.713303991155030e-02,2.652713441528752e-02,2.150000000000000e-04
10,-1.843401070215125e-02,2.564014754892178e-02,2.200000000000000e-04
10,-1.968915163764422e-02,2.468941523583252e-02,2.250000000000000e-04
10,-2.089534223990082e-02,2.367730114634951e-02,2.300000000000000e-04
10,-2.204958372903387e-02,2.260632155557005e-02,2.350000000000000e-04
10,-2.314900647883662e-02,2.147913908750272e-02,2.400000000000000e-04
10,-2.419087715112562e-02,2.029855609536440e-02,2.450000000000000e-04
10,-2.517260549125018e-02,1.906750769448876e-02,2.500000000000000e-04
10,-2.609175076787352e-02,1.778905446516701e-02,2.550000000000000e-04
10,-2.694602784101544e-02,1.646637484356309e-02,2.600000000000000e-04
10,-2.773331284327037e-02,1.510275721962057e-02,2.650000000000000e-04
10,-2.845164846007639e-02,1.370159176160710e-02,2.700000000000000e-04
10,-2.909924879590760e-02,1.226636198762194e-02,2.750000000000000e-04
10,-2.967450381429184e-02,1.080063610502112e-02,2.800000000000000e-04
10,-3.017598334061497e-02,9.308058139291718e-03,2.850000000000000e-04
10,-3.060244061776035e-02,7.792338874430330e-03,2.900000000000000e-04
10,-3.095281540574349e-02,6.257246627349397e-03,2.950000000000000e-04
10,-3.122623661763563e-02,4.706597879247622e-03,3.000000000000000e-04
10,-3.142202448522319e-02,3.144247787236318e-03,3.050000000000000e-04
10,-3.153969224901860e-02,1.574080599811499e-03,3.100000000000000e-04
10,-3.157894736842104e-02,3.867305681517958e-18,3.150000000000000e-04
10,-3.153969224901860e-02,-1.574080599811491e-03,3.200000000000000e-04
10,-3.142202448522319e-02,-3.144247787236309e-03,3.250000000000000e-04
10,-3.122623661763563e-02,-4.706597879247615e-03,3.300000000000000e-04
10,-3.095281540574349e-02,-6.257246627349390e-03,3.350000000000000e-04
10,-3.060244061776036e-02,-7.792338874430322e-03,3.400000000000000e-04
10,-3.017598334061497e-02,-9.308058139291704e-03,3.450000000000000e-04
10,-2.967450381429184e-02,-1.080063610502111e-02,3.500000000000000e-04
10,-2.909924879590760e-02,-1.226636198762194e-02,3.550000000000000e-04
10,-2.845164846007639e-02,-1.370159176160709e-02,3.600000000000000e-04
10,-2.773331284327038e-02,-1.510275721962056e-02,3.650000000000000e-04
10,-2.694602784101544e-02,-1.646637484356309e-02,3.700000000000000e-04
10,-2.609175076787352e-02,-1.778905446516701e-02,3.750000000000000e-04
10,-2.517260549125019e-02,-1.906750769448875e-02,3.800000000000000e-04
10,-2.419087715112562e-02,-2.029855609536439e-02,3.850000000000000e-04
10,-2.314900647883662e-02,-2.147913908750270e-02,3.900000000000000e-04
10,-2.204958372903388e-02,-2.260632155557005e-02,3.950000000000000e-04
10,-2.089534223990083e-02,-2.367730114634950e-02,4.000000000000000e-04
10,-1.968915163764422e-02,-2.468941523583251e-02,4.050000000000000e-04
10,-1.843401070215128e-02,-2.564014754892176e-02,4.100000000000000e-04
10,-1.713303991155029e-02,-2.652713441528752e-02,4.150000000000000e-04
10,-1.578947368421051e-02,-2.734817064582438e-02,4.200000000000000e-04
10,-1.440665233746831e-02,-2.810121501509900e-02,4.250000000000000e-04
10,-1.298801378307194e-02,-2.878439533615810e-02,4.300000000000000e-04
10,-1.153708497999144e-02,-2.939601311508012e-02,4.350000000000000e-04
10,-1.005747316584268e-02,-2.993454777369889e-02,4.400000000000000e-04
10,-8.552856888726463e-03,-3.039866043000038e-02,4.450000000000000e-04
10,-7.026976861778355e-03,-3.078719722679442e-02,4.500000000000000e-04
10,-5.483626663166221e-03,-3.109919220038552e-02,4.550000000000000e-04
10,-3.926643304657447e-03,-3.133386968211069e-02,4.600000000000000e-04
10,-2.359897692202886e-03,-3.149064622677410e-02,4.650000000000000e-04
10,-7.872850022549418e-04,-3.156913206318367e-02,4.700000000000000e-04
10,7.872850022549301e-04,-3.156913206318367e-02,4.750000000000000e-04
10,2.359897692202875e-03,-3.149064622677410e-02,4.800000000000000e-04
10,3.926643304657407e-03,-3.133386968211069e-02,4.850000000000000e-04
10,5.483626663166210e-03,-3.109919220038552e-02,4.900000000000000e-04
10,7.026976861778343e-03,-3.078719722679442e-02,4.950000000000000e-04
10,8.552856888726479e-03,-3.039866043000037e-02,5.000000000000000e-04
10,1.005747316584267e-02,-2.993454777369889e-02,5.050000000000000e-04
10,1.153708497999141e-02,-2.939601311508014e-02,5.100000000000000e-04
10,1.298801378307194e-02,-2.878439533615810e-02,5.150000000000000e-04
10,1.440665233746830e-02,-2.810121501509900e-02,5.200000000000000e-04
10,1.578947368421053e-02,-2.734817064582437e-02,5.250000000000000e-04
10,1.713303991155030e-02,-2.652713441528751e-02,5.300000000000000e-04
10,1.843401070215125e-02,-2.564014754892178e-02,5.350000000000000e-04
10,1.968915163764421e-02,-2.468941523583252e-02,5.400000000000000e-04
10,2.089534223990080e-02,-2.367730114634952e-02,5.450000000000000e-04
10,2.204958372903388e-02,-2.260632155557005e-02,5.500000000000000e-04
10,2.314900647883662e-02,-2.147913908750270e-02,5.550000000000000e-04
10,2.419087715112562e-02,-2.029855609536441e-02,5.600000000000000e-04
10,2.517260549125018e-02,-1.906750769448876e-02,5.650000000000000e-04
10,2.609175076787350e-02,-1.778905446516703e-02,5.700000000000000e-04
10,2.694602784101545e-02,-1.646637484356309e-02,5.750000000000000e-04
10,2.773331284327037e-02,-1.510275721962058e-02,5.800000000000000e-04
10,2.845164846007639e-02,-1.370159176160710e-02,5.850000000000000e-04
10,2.909924879590760e-02,-1.226636198762194e-02,5.900000000000000e-04
10,2.967450381429183e-02,-1.080063610502113e-02,5.950000000000000e-04
10,3.017598334061497e-02,-9.308058139291727e-03,5.999999999999999e-04
10,3.060244061776035e-02,-7.792338874430336e-03,6.050000000000000e-04
10,3.095281540574349e-02,-6.257246627349401e-03,6.100000000000000e-04
10,3.122623661763563e-02,-4.706597879247612e-03,6.150000000000000e-04
10,3.142202448522319e-02,-3.144247787236335e-03,6.200000000000000e-04
10,3.153969224901860e-02,-1.574080599811503e-03,6.250000000000000e-04
11,3.508771929824561e-02,0.000000000000000e+00,0.000000000000000e+00
11,3.504410249890955e-02,1.748978444234988e-03,5.000000000000000e-06
11,3.491336053913689e-02,3.493608652484794e-03,1.000000000000000e-05
11,3.469581846403960e-02,5.229553199164015e-03,1.500000000000000e-05
11,3.439201711749276e-02,6.952496252610440e-03,2.000000000000000e-05
11,3.400271179751150e-02,8.658154304922583e-03,2.500000000000000e-05
11,3.352887037846108e-02,1.034228682143523e-02,3.000000000000000e-05
11,3.297167090476871e-02,1.200070678335679e-02,3.500000000000000e-05
11,3.233249866211955e-02,1.362929109735771e-02,4.000000000000000e-05
11,3.161294273341821e-02,1.522399084623011e-02,4.500000000000000e-05
11,3.081479204807819e-02,1.678084135513397e-02,5.000000000000000e-05
11,2.994003093446159e-02,1.829597204840344e-02,5.500000000000000e-05
11,2.899083418652613e-02,1.976561607240779e-02,6.000000000000000e-05
11,2.796956165694464e-02,2.118611966054306e-02,6.499999999999999e-05
11,2.687875239013958e-02,2.255395121707155e-02,6.999999999999999e-05
11,2.572111830981847e-02,2.386571009722524e-02,7.499999999999999e-05
11,2.449953747670431e-02,2.511813506174451e-02,8.000000000000001e-05
11,2.321704693322314e-02,2.630811238483277e-02,8.500000000000001e-05
11,2.187683515293802e-02,2.743268359536946e-02,9.000000000000001e-05
11,2.048223411350140e-02,2.848905283213531e-02,9.500000000000001e-05
11,1.903671101283366e-02,2.947459379476391e-02,1.000000000000000e-04
11,1.754385964912280e-02,3.038685627313820e-02,1.050000000000000e-04
11,1.600739148607589e-02,3.122357223899890e-02,1.100000000000000e-04
11,1.443112642563549e-02,3.198266148462010e-02,1.150000000000000e-04
11,1.281898331110157e-02,3.266223679453348e-02,1.200000000000000e-04
11,1.117497018426963e-02,3.326060863744321e-02,1.250000000000000e-04
11,9.503174320807200e-03,3.377628936666709e-02,1.300000000000000e-04
11,7.807752068642610e-03,3.420799691866048e-02,1.350000000000000e-04
11,6.092918514629136e-03,3.455465800042835e-02,1.400000000000000e-04
11,4.362937005174921e-03,3.481541075790077e-02,1.450000000000000e-04
11,2.622108546892084e-03,3.498960691863789e-02,1.500000000000000e-04
11,8.747611136165976e-04,3.507681340353741e-02,1.550000000000000e-04
11,-8.747611136165936e-04,3.507681340353741e-02,1.600000000000000e-04
11,-2.622108546892079e-03,3.498960691863789e-02,1.650000000000000e-04
11,-4.362937005174917e-03,3.481541075790077e-02,1.700000000000000e-04
11,-6.092918514629133e-03,3.455465800042835e-02,1.750000000000000e-04
11,-7.807752068642607e-03,3.420799691866048e-02,1.800000000000000e-04
11,-9.503174320807191e-03,3.377628936666709e-02,1.850000000000000e-04
11,-1.117497018426962e-02,3.326060863744321e-02,1.900000000000000e-04
11,-1.281898331110157e-02,3.266223679453348e-02,1.950000000000000e-04
11,-1.443112642563549e-02,3.198266148462011e-02,2.000000000000000e-04
11,-1.600739148607588e-02,3.122357223899890e-02,2.050000000000000e-04
11,-1.754385964912282e-02,3.038685627313820e-02,2.100000000000000e-04
11,-1.903671101283366e-02,2.947459379476391e-02,2.150000000000000e-04
11,-2.048223411350139e-02,2.848905283213532e-02,2.200000000000000e-04
11,-2.187683515293801e-02,2.743268359536946e-02,2.250000000000000e-04
11,-2.321704693322313e-02,2.630811238483279e-02,2.300000000000000e-04
11,-2.449953747670430e-02,2.511813506174451e-02,2.350000000000000e-04
11,-2.572111830981847e-02,2.386571009722524e-02,2.400000000000000e-04
11,-2.687875239013958e-02,2.255395121707156e-02,2.450000000000000e-04
11,-2.796956165694464e-02,2.118611966054306e-02,2.500000000000000e-04
11,-2.899083418652612e-02,1.976561607240779e-02,2.550000000000000e-04
11,-2.994003093446159e-02,1.829597204840344e-02,2.600000000000000e-04
11,-3.081479204807819e-02,1.678084135513397e-02,2.650000000000000e-04
11,-3.161294273341821e-02,1.522399084623011e-02,2.700000000000000e-04
11,-3.233249866211957e-02,1.362929109735770e-02,2.750000000000000e-04
11,-3.297167090476871e-02,1.200070678335680e-02,2.800000000000000e-04
11,-3.352887037846107e-02,1.034228682143525e-02,2.850000000000000e-04
11,-3.400271179751150e-02,8.658154304922592e-03,2.900000000000000e-04
11,-3.439201711749276e-02,6.952496252610441e-03,2.950000000000000e-04
11,-3.469581846403960e-02,5.229553199164024e-03,3.000000000000000e-04
11,-3.491336053913689e-02,3.493608652484797e-03,3.050000000000000e-04
11,-3.504410249890955e-02,1.748978444234999e-03,3.100000000000000e-04
11,-3.508771929824561e-02,4.297006312797731e-18,3.150000000000000e-04
11,-3.504410249890955e-02,-1.748978444234990e-03,3.200000000000000e-04
11,-3.491336053913689e-02,-3.493608652484788e-03,3.250000000000000e-04
11,-3.469581846403960e-02,-5.229553199164016e-03,3.300000000000000e-04
11,-3.439201711749276e-02,-6.952496252610433e-03,3.350000000000000e-04
11,-3.400271179751150e-02,-8.658154304922583e-03,3.400000000000000e-04
11,-3.352887037846108e-02,-1.034228682143522e-02,3.450000000000000e-04
11,-3.297167090476871e-02,-1.200070678335679e-02,3.500000000000000e-04
11,-3.233249866211955e-02,-1.362929109735771e-02,3.550000000000000e-04
11,-3.161294273341821e-02,-1.522399084623010e-02,3.600000000000000e-04
11,-3.081479204807819e-02,-1.678084135513396e-02,3.650000000000000e-04
11,-2.994003093446159e-02,-1.829597204840343e-02,3.700000000000000e-04
11,-2.899083418652613e-02,-1.976561607240779e-02,3.750000000000000e-04
11,-2.796956165694466e-02,-2.118611966054305e-02,3.800000000000000e-04
11,-2.687875239013958e-02,-2.255395121707155e-02,3.850000000000000e-04
11,-2.572111830981847e-02,-2.386571009722523e-02,3.900000000000000e-04
11,-2.449953747670431e-02,-2.511813506174451e-02,3.950000000000000e-04
11,-2.321704693322315e-02,-2.630811238483276e-02,4.000000000000000e-04
11,-2.187683515293802e-02,-2.743268359536946e-02,4.050000000000000e-04
11,-2.048223411350142e-02,-2.848905283213530e-02,4.100000000000000e-04
11,-1.903671101283366e-02,-2.947459379476391e-02,4.150000000000000e-04
11,-1.754385964912279e-02,-3.038685627313820e-02,4.200000000000000e-04
11,-1.600739148607590e-02,-3.122357223899890e-02,4.250000000000000e-04
11,-1.443112642563549e-02,-3.198266148462010e-02,4.300000000000000e-04
11,-1.281898331110160e-02,-3.266223679453347e-02,4.350000000000000e-04
11,-1.117497018426965e-02,-3.326060863744321e-02,4.400000000000000e-04
11,-9.503174320807176e-03,-3.377628936666709e-02,4.450000000000000e-04
11,-7.807752068642615e-03,-3.420799691866048e-02,4.500000000000000e-04
11,-6.092918514629134e-03,-3.455465800042835e-02,4.550000000000000e-04
11,-4.362937005174941e-03,-3.481541075790076e-02,4.600000000000000e-04
11,-2.622108546892095e-03,-3.498960691863789e-02,4.650000000000000e-04
11,-8.747611136166016e-04,-3.507681340353741e-02,4.700000000000000e-04
11,8.747611136165887e-04,-3.507681340353741e-02,4.750000000000000e-04
11,2.622108546892082e-03,-3.498960691863789e-02,4.800000000000000e-04
11,4.362937005174898e-03,-3.481541075790077e-02,4.850000000000000e-04
11,6.092918514629122e-03,-3.455465800042835e-02,4.900000000000000e-04
11,7.807752068642605e-03,-3.420799691866048e-02,4.950000000000000e-04
11,9.503174320807200e-03,-3.377628936666709e-02,5.000000000000000e-04
11,1.117497018426963e-02,-3.326060863744321e-02,5.050000000000000e-04
11,1.281898331110156e-02,-3.266223679453348e-02,5.100000000000000e-04
11,1.443112642563548e-02,-3.198266148462011e-02,5.150000000000000e-04
11,1.600739148607589e-02,-3.122357223899890e-02,5.200000000000000e-04
11,1.754385964912281e-02,-3.038685627313820e-02,5.250000000000000e-04
11,1.903671101283367e-02,-2.947459379476390e-02,5.300000000000000e-04
11,2.048223411350138e-02,-2.848905283213532e-02,5.350000000000000e-04
11,2.187683515293801e-02,-2.743268359536946e-02,5.400000000000000e-04
11,2.321704693322311e-02,-2.630811238483280e-02,5.450000000000000e-04
11,2.449953747670431e-02,-2.511813506174451e-02,5.500000000000000e-04
11,2.572111830981847e-02,-2.386571009722523e-02,5.550000000000000e-04
11,2.687875239013956e-02,-2.255395121707156e-02,5.600000000000000e-04
11,2.796956165694464e-02,-2.118611966054306e-02,5.650000000000000e-04
11,2.899083418652612e-02,-1.976561607240782e-02,5.700000000000000e-04
11,2.994003093446160e-02,-1.829597204840343e-02,5.750000000000000e-04
11,3.081479204807818e-02,-1.678084135513398e-02,5.800000000000000e-04
11,3.161294273341821e-02,-1.522399084623012e-02,5.850000000000000e-04
11,3.233249866211955e-02,-1.362929109735771e-02,5.900000000000000e-04
11,3.297167090476870e-02,-1.200070678335682e-02,5.950000000000000e-04
11,3.352887037846107e-02,-1.034228682143526e-02,5.999999999999999e-04
11,3.400271179751150e-02,-8.658154304922592e-03,6.050000000000000e-04
11,3.439201711749276e-02,-6.952496252610445e-03,6.100000000000000e-04
11,3.469581846403960e-02,-5.229553199164012e-03,6.150000000000000e-04
11,3.491336053913688e-02,-3.493608652484817e-03,6.200000000000000e-04
11,3.504410249890955e-02,-1.748978444235003e-03,6.250000000000000e-04
12,3.859649122807017e-02,0.000000000000000e+00,0.000000000000000e+00
12,3.854851274880051e-02,1.923876288658486e-03,5.000000000000000e-06
12,3.840469659305058e-02,3.842969517733274e-03,1.000000000000000e-05
12,3.816540031044355e-02,5.752508519080417e-03,1.500000000000000e-05
12,3.783121882924204e-02,7.647745877871485e-03,2.000000000000000e-05
12,3.740298297726265e-02,9.523969735414840e-03,2.500000000000000e-05
12,3.688175741630718e-02,1.137651550357876e-02,3.000000000000000e-05
12,3.626883799524558e-02,1.320077746169247e-02,3.500000000000000e-05
12,3.556574852833152e-02,1.499222020709348e-02,4.000000000000000e-05
12,3.477423700676003e-02,1.674638993085312e-02,4.500000000000000e-05
12,3.389627125288602e-02,1.845892549064737e-02,5.000000000000000e-05
12,3.293403402790776e-02,2.012556925324378e-02,5.500000000000000e-05
12,3.188991760517874e-02,2.174217767964856e-02,6.000000000000000e-05
12,3.076651782263911e-02,2.330473162659737e-02,6.499999999999999e-05
12,2.956662762915353e-02,2.480934633877870e-02,6.999999999999999e-05
12,2.829323014080031e-02,2.625228110694776e-02,7.499999999999999e-05
12,2.694949122437474e-02,2.762994856791895e-02,8.000000000000001e-05
12,2.553875162654545e-02,2.893892362331605e-02,8.500000000000001e-05
12,2.406451866823182e-02,3.017595195490641e-02,9.000000000000001e-05
12,2.253045752485154e-02,3.133795811534884e-02,9.500000000000001e-05
12,2.094038211411703e-02,3.242205317424030e-02,1.000000000000000e-04
12,1.929824561403508e-02,3.342554190045201e-02,1.050000000000000e-04
12,1.760813063468349e-02,3.434592946289878e-02,1.100000000000000e-04
12,1.587423906819905e-02,3.518092763308211e-02,1.150000000000000e-04
12,1.410088164221173e-02,3.592846047398683e-02,1.200000000000000e-04
12,1.229246720269659e-02,3.658666950118755e-02,1.250000000000000e-04
12,1.045349175288792e-02,3.715391830333379e-02,1.300000000000000e-04
12,8.588527275506871e-03,3.762879661052652e-02,1.350000000000000e-04
12,6.702210366092051e-03,3.801012380047118e-02,1.400000000000000e-04
12,4.799230705692413e-03,3.829695183369084e-02,1.450000000000000e-04
12,2.884319401581292e-03,3.848856761050169e-02,1.500000000000000e-04
12,9.622372249782575e-04,3.858449474389115e-02,1.550000000000000e-04
12,-9.622372249782527e-04,3.858449474389115e-02,1.600000000000000e-04
12,-2.884319401581287e-03,3.848856761050169e-02,1.650000000000000e-04
12,-4.799230705692409e-03,3.829695183369084e-02,1.700000000000000e-04
12,-6.702210366092047e-03,3.801012380047118e-02,1.750000000000000e-04
12,-8.588527275506871e-03,3.762879661052652e-02,1.800000000000000e-04
12,-1.045349175288791e-02,3.715391830333380e-02,1.850000000000000e-04
12,-1.229246720269658e-02,3.658666950118755e-02,1.900000000000000e-04
12,-1.410088164221173e-02,3.592846047398683e-02,1.950000000000000e-04
12,-1.587423906819904e-02,3.518092763308212e-02,2.000000000000000e-04
12,-1.760813063468346e-02,3.434592946289879e-02,2.050000000000000e-04
12,-1.929824561403509e-02,3.342554190045201e-02,2.100000000000000e-04
12,-2.094038211411702e-02,3.242205317424030e-02,2.150000000000000e-04
12,-2.253045752485152e-02,3.133795811534884e-02,2.200000000000000e-04
12,-2.406451866823181e-02,3.017595195490641e-02,2.250000000000000e-04
12,-2.553875162654544e-02,2.893892362331606e-02,2.300000000000000e-04
12,-2.694949122437474e-02,2.762994856791896e-02,2.350000000000000e-04
12,-2.829323014080031e-02,2.625228110694776e-02,2.400000000000000e-04
12,-2.956662762915353e-02,2.480934633877871e-02,2.450000000000000e-04
12,-3.076651782263911e-02,2.330473162659737e-02,2.500000000000000e-04
12,-3.188991760517874e-02,2.174217767964857e-02,2.550000000000000e-04
12,-3.293403402790776e-02,2.012556925324378e-02,2.600000000000000e-04
12,-3.389627125288602e-02,1.845892549064736e-02,2.650000000000000e-04
12,-3.477423700676003e-02,1.674638993085312e-02,2.700000000000000e-04
12,-3.556574852833153e-02,1.499222020709348e-02,2.750000000000000e-04
12,-3.626883799524558e-02,1.320077746169248e-02,2.800000000000000e-04
12,-3.688175741630717e-02,1.137651550357877e-02,2.850000000000000e-04
12,-3.740298297726265e-02,9.523969735414847e-03,2.900000000000000e-04
12,-3.783121882924204e-02,7.647745877871485e-03,2.950000000000000e-04
12,-3.816540031044355e-02,5.752508519080427e-03,3.000000000000000e-04
12,-3.840469659305058e-02,3.842969517733277e-03,3.050000000000000e-04
12,-3.854851274880051e-02,1.923876288658499e-03,3.100000000000000e-04
12,-3.859649122807017e-02,4.726706944077503e-18,3.150000000000000e-04
12,-3.854851274880051e-02,-1.923876288658489e-03,3.200000000000000e-04
12,-3.840469659305058e-02,-3.842969517733268e-03,3.250000000000000e-04
12,-3.816540031044355e-02,-5.752508519080417e-03,3.300000000000000e-04
12,-3.783121882924204e-02,-7.647745877871476e-03,3.350000000000000e-04
12,-3.740298297726265e-02,-9.523969735414840e-03,3.400000000000000e-04
12,-3.688175741630718e-02,-1.137651550357874e-02,3.450000000000000e-04
12,-3.626883799524558e-02,-1.320077746169247e-02,3.500000000000000e-04
12,-3.556574852833152e-02,-1.499222020709348e-02,3.550000000000000e-04
12,-3.477423700676003e-02,-1.674638993085311e-02,3.600000000000000e-04
12,-3.389627125288602e-02,-1.845892549064735e-02,3.650000000000000e-04
12,-3.293403402790776e-02,-2.012556925324377e-02,3.700000000000000e-04
12,-3.188991760517874e-02,-2.174217767964856e-02,3.750000000000000e-04
12,-3.076651782263912e-02,-2.330473162659736e-02,3.800000000000000e-04
12,-2.956662762915354e-02,-2.480934633877870e-02,3.850000000000000e-04
12,-2.829323014080031e-02,-2.625228110694775e-02,3.900000000000000e-04
12,-2.694949122437474e-02,-2.762994856791895e-02,3.950000000000000e-04
12,-2.553875162654546e-02,-2.893892362331605e-02,4.000000000000000e-04
12,-2.406451866823182e-02,-3.017595195490641e-02,4.050000000000000e-04
12,-2.253045752485157e-02,-3.133795811534883e-02,4.100000000000000e-04
12,-2.094038211411702e-02,-3.242205317424030e-02,4.150000000000000e-04
12,-1.929824561403507e-02,-3.342554190045202e-02,4.200000000000000e-04
12,-1.760813063468349e-02,-3.434592946289877e-02,4.250000000000000e-04
12,-1.587423906819905e-02,-3.518092763308212e-02,4.300000000000000e-04
12,-1.410088164221176e-02,-3.592846047398682e-02,4.350000000000000e-04
12,-1.229246720269662e-02,-3.658666950118753e-02,4.400000000000000e-04
12,-1.045349175288789e-02,-3.715391830333381e-02,4.450000000000000e-04
12,-8.588527275506880e-03,-3.762879661052652e-02,4.500000000000000e-04
12,-6.702210366092047e-03,-3.801012380047118e-02,4.550000000000000e-04
12,-4.799230705692436e-03,-3.829695183369084e-02,4.600000000000000e-04
12,-2.884319401581304e-03,-3.848856761050169e-02,4.650000000000000e-04
12,-9.622372249782623e-04,-3.858449474389115e-02,4.700000000000000e-04
12,9.622372249782480e-04,-3.858449474389115e-02,4.750000000000000e-04
12,2.884319401581291e-03,-3.848856761050169e-02,4.800000000000000e-04
12,4.799230705692387e-03,-3.829695183369084e-02,4.850000000000000e-04
12,6.702210366092033e-03,-3.801012380047119e-02,4.900000000000000e-04
12,8.588527275506864e-03,-3.762879661052652e-02,4.950000000000000e-04
12,1.045349175288791e-02,-3.715391830333379e-02,5.000000000000000e-04
12,1.229246720269660e-02,-3.658666950118753e-02,5.050000000000000e-04
12,1.410088164221172e-02,-3.592846047398684e-02,5.100000000000000e-04
12,1.587423906819903e-02,-3.518092763308212e-02,5.150000000000000e-04
12,1.760813063468348e-02,-3.434592946289879e-02,5.200000000000000e-04
12,1.929824561403509e-02,-3.342554190045201e-02,5.250000000000000e-04
12,2.094038211411704e-02,-3.242205317424030e-02,5.300000000000000e-04
12,2.253045752485152e-02,-3.133795811534884e-02,5.350000000000000e-04
12,2.406451866823181e-02,-3.017595195490641e-02,5.400000000000000e-04
12,2.553875162654542e-02,-2.893892362331608e-02,5.450000000000000e-04
12,2.694949122437474e-02,-2.762994856791895e-02,5.500000000000000e-04
12,2.829323014080031e-02,-2.625228110694775e-02,5.550000000000000e-04
12,2.956662762915353e-02,-2.480934633877872e-02,5.600000000000000e-04
12,3.076651782263910e-02,-2.330473162659737e-02,5.650000000000000e-04
12,3.188991760517873e-02,-2.174217767964859e-02,5.700000000000000e-04
12,3.293403402790776e-02,-2.012556925324377e-02,5.750000000000000e-04
12,3.389627125288600e-02,-1.845892549064738e-02,5.800000000000000e-04
12,3.477423700676003e-02,-1.674638993085313e-02,5.850000000000000e-04
12,3.556574852833152e-02,-1.499222020709348e-02,5.900000000000000e-04
12,3.626883799524558e-02,-1.320077746169250e-02,5.950000000000000e-04
12,3.688175741630717e-02,-1.137651550357877e-02,5.999999999999999e-04
12,3.740298297726265e-02,-9.523969735414854e-03,6.050000000000000e-04
12,3.783121882924204e-02,-7.647745877871490e-03,6.100000000000000e-04
12,3.816540031044355e-02,-5.752508519080414e-03,6.150000000000000e-04
12,3.840469659305057e-02,-3.842969517733299e-03,6.200000000000000e-04
12,3.854851274880051e-02,-1.923876288658504e-03,6.250000000000000e-04
13,4.210526315789473e-02,0.000000000000000e+00,0.000000000000000e+00
13,4.205292299869146e-02,2.098774133081985e-03,5.000000000000000e-06
13,4.189603264696426e-02,4.192330382981753e-03,1.000000000000000e-05
13,4.163498215684752e-02,6.275463838996818e-03,1.500000000000000e-05
13,4.127042054099131e-02,8.342995503132528e-03,2.000000000000000e-05
13,4.080325415701380e-02,1.038978516590710e-02,2.500000000000000e-05
13,4.023464445415329e-02,1.241074418572228e-02,3.000000000000000e-05
13,3.956600508572245e-02,1.440084814002815e-02,3.500000000000000e-05
13,3.879899839454348e-02,1.635514931682925e-02,4.000000000000000e-05
13,3.793553128010185e-02,1.826878901547613e-02,4.500000000000000e-05
13,3.697775045769383e-02,2.013700962616077e-02,5.000000000000000e-05
13,3.592803712135392e-02,2.195516645808412e-02,5.500000000000000e-05
13,3.478900102383136e-02,2.371873928688935e-02,6.000000000000000e-05
13,3.356347398833357e-02,2.542334359265167e-02,6.499999999999999e-05
13,3.225450286816749e-02,2.706474146048586e-02,6.999999999999999e-05
13,3.086534197178216e-02,2.863885211667029e-02,7.499999999999999e-05
13,2.939944497204517e-02,3.014176207409341e-02,8.000000000000001e-05
13,2.786045631986776e-02,3.156973486179932e-02,8.500000000000001e-05
13,2.625220218352562e-02,3.291922031444336e-02,9.000000000000001e-05
13,2.457868093620168e-02,3.418686339856238e-02,9.500000000000001e-05
13,2.284405321540039e-02,3.536951255371668e-02,1.000000000000000e-04
13,2.105263157894736e-02,3.646422752776583e-02,1.050000000000000e-04
13,1.920886978329108e-02,3.746828668679867e-02,1.100000000000000e-04
13,1.731735171076260e-02,3.837919378154413e-02,1.150000000000000e-04
13,1.538277997332190e-02,3.919468415344017e-02,1.200000000000000e-04
13,1.340996422112355e-02,3.991273036493186e-02,1.250000000000000e-04
13,1.140380918496864e-02,4.053154724000050e-02,1.300000000000000e-04
13,9.369302482371136e-03,4.104959630239256e-02,1.350000000000000e-04
13,7.311502217554964e-03,4.146558960051401e-02,1.400000000000000e-04
13,5.235524406209905e-03,4.177849290948093e-02,1.450000000000000e-04
13,3.146530256270501e-03,4.198752830236548e-02,1.500000000000000e-04
13,1.049713336339918e-03,4.209217608424489e-02,1.550000000000000e-04
13,-1.049713336339912e-03,4.209217608424489e-02,1.600000000000000e-04
13,-3.146530256270495e-03,4.198752830236548e-02,1.650000000000000e-04
13,-5.235524406209901e-03,4.177849290948093e-02,1.700000000000000e-04
13,-7.311502217554959e-03,4.146558960051401e-02,1.750000000000000e-04
13,-9.369302482371127e-03,4.104959630239256e-02,1.800000000000000e-04
13,-1.140380918496863e-02,4.053154724000051e-02,1.850000000000000e-04
13,-1.340996422112355e-02,3.991273036493186e-02,1.900000000000000e-04
13,-1.538277997332189e-02,3.919468415344017e-02,1.950000000000000e-04
13,-1.731735171076258e-02,3.837919378154413e-02,2.000000000000000e-04
13,-1.920886978329105e-02,3.746828668679868e-02,2.050000000000000e-04
13,-2.105263157894737e-02,3.646422752776583e-02,2.100000000000000e-04
13,-2.284405321540039e-02,3.536951255371670e-02,2.150000000000000e-04
13,-2.457868093620166e-02,3.418686339856238e-02,2.200000000000000e-04
13,-2.625220218352561e-02,3.291922031444337e-02,2.250000000000000e-04
13,-2.786045631986775e-02,3.156973486179934e-02,2.300000000000000e-04
13,-2.939944497204517e-02,3.014176207409341e-02,2.350000000000000e-04
13,-3.086534197178216e-02,2.863885211667029e-02,2.400000000000000e-04
13,-3.225450286816749e-02,2.706474146048587e-02,2.450000000000000e-04
13,-3.356347398833357e-02,2.542334359265167e-02,2.500000000000000e-04
13,-3.478900102383135e-02,2.371873928688935e-02,2.550000000000000e-04
13,-3.592803712135392e-02,2.195516645808412e-02,2.600000000000000e-04
13,-3.697775045769384e-02,2.013700962616076e-02,2.650000000000000e-04
13,-3.793553128010185e-02,1.826878901547613e-02,2.700000000000000e-04
13,-3.879899839454348e-02,1.635514931682925e-02,2.750000000000000e-04
13,-3.956600508572245e-02,1.440084814002816e-02,2.800000000000000e-04
13,-4.023464445415328e-02,1.241074418572229e-02,2.850000000000000e-04
13,-4.080325415701380e-02,1.038978516590711e-02,2.900000000000000e-04
13,-4.127042054099131e-02,8.342995503132528e-03,2.950000000000000e-04
13,-4.163498215684752e-02,6.275463838996829e-03,3.000000000000000e-04
13,-4.189603264696426e-02,4.192330382981757e-03,3.050000000000000e-04
13,-4.205292299869146e-02,2.098774133081999e-03,3.100000000000000e-04
13,-4.210526315789473e-02,5.156407575357277e-18,3.150000000000000e-04
13,-4.205292299869146e-02,-2.098774133081989e-03,3.200000000000000e-04
13,-4.189603264696426e-02,-4.192330382981746e-03,3.250000000000000e-04
13,-4.163498215684752e-02,-6.275463838996819e-03,3.300000000000000e-04
13,-4.127042054099132e-02,-8.342995503132521e-03,3.350000000000000e-04
13,-4.080325415701380e-02,-1.038978516590710e-02,3.400000000000000e-04
13,-4.023464445415329e-02,-1.241074418572227e-02,3.450000000000000e-04
13,-3.956600508572245e-02,-1.440084814002815e-02,3.500000000000000e-04
13,-3.879899839454348e-02,-1.635514931682926e-02,3.550000000000000e-04
13,-3.793553128010185e-02,-1.826878901547613e-02,3.600000000000000e-04
13,-3.697775045769384e-02,-2.013700962616075e-02,3.650000000000000e-04
13,-3.592803712135392e-02,-2.195516645808412e-02,3.700000000000000e-04
13,-3.478900102383136e-02,-2.371873928688935e-02,3.750000000000000e-04
13,-3.356347398833359e-02,-2.542334359265167e-02,3.800000000000000e-04
13,-3.225450286816750e-02,-2.706474146048586e-02,3.850000000000000e-04
13,-3.086534197178216e-02,-2.863885211667028e-02,3.900000000000000e-04
13,-2.939944497204517e-02,-3.014176207409341e-02,3.950000000000000e-04
13,-2.786045631986777e-02,-3.156973486179932e-02,4.000000000000000e-04
13,-2.625220218352563e-02,-3.291922031444335e-02,4.050000000000000e-04
13,-2.457868093620170e-02,-3.418686339856236e-02,4.100000000000000e-04
13,-2.284405321540038e-02,-3.536951255371670e-02,4.150000000000000e-04
13,-2.105263157894735e-02,-3.646422752776584e-02,4.200000000000000e-04
13,-1.920886978329108e-02,-3.746828668679867e-02,4.250000000000000e-04
13,-1.731735171076259e-02,-3.837919378154413e-02,4.300000000000000e-04
13,-1.538277997332192e-02,-3.919468415344016e-02,4.350000000000000e-04
13,-1.340996422112358e-02,-3.991273036493186e-02,4.400000000000000e-04
13,-1.140380918496862e-02,-4.053154724000051e-02,4.450000000000000e-04
13,-9.369302482371144e-03,-4.104959630239256e-02,4.500000000000000e-04
13,-7.311502217554959e-03,-4.146558960051401e-02,4.550000000000000e-04
13,-5.235524406209930e-03,-4.177849290948093e-02,4.600000000000000e-04
13,-3.146530256270515e-03,-4.198752830236548e-02,4.650000000000000e-04
13,-1.049713336339922e-03,-4.209217608424489e-02,4.700000000000000e-04
13,1.049713336339907e-03,-4.209217608424489e-02,4.750000000000000e-04
13,3.146530256270499e-03,-4.198752830236548e-02,4.800000000000000e-04
13,5.235524406209877e-03,-4.177849290948093e-02,4.850000000000000e-04
13,7.311502217554943e-03,-4.146558960051402e-02,4.900000000000000e-04
13,9.369302482371127e-03,-4.104959630239256e-02,4.950000000000000e-04
13,1.140380918496863e-02,-4.053154724000050e-02,5.000000000000000e-04
13,1.340996422112356e-02,-3.991273036493186e-02,5.050000000000000e-04
13,1.538277997332187e-02,-3.919468415344018e-02,5.100000000000000e-04
13,1.731735171076258e-02,-3.837919378154413e-02,5.150000000000000e-04
13,1.920886978329106e-02,-3.746828668679868e-02,5.200000000000000e-04
13,2.105263157894737e-02,-3.646422752776583e-02,5.250000000000000e-04
13,2.284405321540041e-02,-3.536951255371668e-02,5.300000000000000e-04
13,2.457868093620166e-02,-3.418686339856239e-02,5.350000000000000e-04
13,2.625220218352561e-02,-3.291922031444337e-02,5.400000000000000e-04
13,2.786045631986774e-02,-3.156973486179936e-02,5.450000000000000e-04
13,2.939944497204517e-02,-3.014176207409339e-02,5.500000000000000e-04
13,3.086534197178217e-02,-2.863885211667028e-02,5.550000000000000e-04
13,3.225450286816747e-02,-2.706474146048587e-02,5.600000000000000e-04
13,3.356347398833357e-02,-2.542334359265168e-02,5.650000000000000e-04
13,3.478900102383134e-02,-2.371873928688937e-02,5.700000000000000e-04
13,3.592803712135392e-02,-2.195516645808412e-02,5.750000000000000e-04
13,3.697775045769381e-02,-2.013700962616078e-02,5.800000000000000e-04
13,3.793553128010185e-02,-1.826878901547613e-02,5.850000000000000e-04
13,3.879899839454348e-02,-1.635514931682925e-02,5.900000000000000e-04
13,3.956600508572244e-02,-1.440084814002818e-02,5.950000000000000e-04
13,4.023464445415328e-02,-1.241074418572230e-02,5.999999999999999e-04
13,4.080325415701380e-02,-1.038978516590711e-02,6.050000000000000e-04
13,4.127042054099131e-02,-8.342995503132535e-03,6.100000000000000e-04
13,4.163498215684752e-02,-6.275463838996815e-03,6.150000000000000e-04
13,4.189603264696426e-02,-4.192330382981779e-03,6.200000000000000e-04
13,4.205292299869146e-02,-2.098774133082004e-03,6.250000000000000e-04
14,4.561403508771929e-02,0.000000000000000e+00,0.000000000000000e+00
14,4.555733324858242e-02,2.273671977505485e-03,5.000000000000000e-06
14,4.538736870087794e-02,4.541691248230233e-03,1.000000000000000e-05
14,4.510456400325147e-02,6.798419158913219e-03,1.500000000000000e-05
14,4.470962225274059e-02,9.038245128393576e-03,2.000000000000000e-05
14,4.420352533676496e-02,1.125560059639936e-02,2.500000000000000e-05
14,4.358753149199939e-02,1.344497286786581e-02,3.000000000000000e-05
14,4.286317217619932e-02,1.560091881836383e-02,3.500000000000000e-05
14,4.203224826075543e-02,1.771807842656502e-02,4.000000000000000e-05
14,4.109682555344368e-02,1.979118810009914e-02,4.500000000000000e-05
14,4.005922966250165e-02,2.181509376167416e-02,5.000000000000000e-05
14,3.892204021480009e-02,2.378476366292447e-02,5.500000000000000e-05
14,3.768808444248398e-02,2.569530089413013e-02,6.000000000000000e-05
14,3.636043015402804e-02,2.754195555870598e-02,6.499999999999999e-05
14,3.494237810718145e-02,2.932013658219302e-02,6.999999999999999e-05
14,3.343745380276400e-02,3.102542312639281e-02,7.499999999999999e-05
14,3.184939871971561e-02,3.265357558026785e-02,8.000000000000001e-05
14,3.018216101319008e-02,3.420054610028261e-02,8.500000000000001e-05
14,2.843988569881943e-02,3.566248867398030e-02,9.000000000000001e-05
14,2.662690434755182e-02,3.703576868177591e-02,9.500000000000001e-05
14,2.474772431668376e-02,3.831697193319308e-02,1.000000000000000e-04
14,2.280701754385964e-02,3.950291315507966e-02,1.050000000000000e-04
14,2.080960893189866e-02,4.059064391069857e-02,1.100000000000000e-04
14,1.876046435332614e-02,4.157745993000614e-02,1.150000000000000e-04
14,1.666467830443205e-02,4.246090783289352e-02,1.200000000000000e-04
14,1.452746123955052e-02,4.323879122867618e-02,1.250000000000000e-04
14,1.235412661704936e-02,4.390917617666721e-02,1.300000000000000e-04
14,1.015007768923539e-02,4.447039599425862e-02,1.350000000000000e-04
14,7.920794069017877e-03,4.492105540055685e-02,1.400000000000000e-04
14,5.671818106727398e-03,4.526003398527099e-02,1.450000000000000e-04
14,3.408741110959708e-03,4.548648899422927e-02,1.500000000000000e-04
14,1.137189447701577e-03,4.559985742459863e-02,1.550000000000000e-04
14,-1.137189447701571e-03,4.559985742459863e-02,1.600000000000000e-04
14,-3.408741110959703e-03,4.548648899422927e-02,1.650000000000000e-04
14,-5.671818106727392e-03,4.526003398527099e-02,1.700000000000000e-04
14,-7.920794069017871e-03,4.492105540055685e-02,1.750000000000000e-04
14,-1.015007768923539e-02,4.447039599425862e-02,1.800000000000000e-04
14,-1.235412661704935e-02,4.390917617666721e-02,1.850000000000000e-04
14,-1.452746123955051e-02,4.323879122867618e-02,1.900000000000000e-04
14,-1.666467830443205e-02,4.246090783289352e-02,1.950000000000000e-04
14,-1.876046435332614e-02,4.157745993000614e-02,2.000000000000000e-04
14,-2.080960893189864e-02,4.059064391069857e-02,2.050000000000000e-04
14,-2.280701754385965e-02,3.950291315507965e-02,2.100000000000000e-04
14,-2.474772431668376e-02,3.831697193319308e-02,2.150000000000000e-04
14,-2.662690434755180e-02,3.703576868177591e-02,2.200000000000000e-04
14,-2.843988569881942e-02,3.566248867398031e-02,2.250000000000000e-04
14,-3.018216101319006e-02,3.420054610028261e-02,2.300000000000000e-04
14,-3.184939871971559e-02,3.265357558026786e-02,2.350000000000000e-04
14,-3.343745380276400e-02,3.102542312639281e-02,2.400000000000000e-04
14,-3.494237810718145e-02,2.932013658219303e-02,2.450000000000000e-04
14,-3.636043015402804e-02,2.754195555870598e-02,2.500000000000000e-04
14,-3.768808444248396e-02,2.569530089413013e-02,2.550000000000000e-04
14,-3.892204021480008e-02,2.378476366292447e-02,2.600000000000000e-04
14,-4.005922966250165e-02,2.181509376167416e-02,2.650000000000000e-04
14,-4.109682555344367e-02,1.979118810009914e-02,2.700000000000000e-04
14,-4.203224826075543e-02,1.771807842656501e-02,2.750000000000000e-04
14,-4.286317217619932e-02,1.560091881836384e-02,2.800000000000000e-04
14,-4.358753149199939e-02,1.344497286786582e-02,2.850000000000000e-04
14,-4.420352533676495e-02,1.125560059639937e-02,2.900000000000000e-04
14,-4.470962225274059e-02,9.038245128393576e-03,2.950000000000000e-04
14,-4.510456400325147e-02,6.798419158913232e-03,3.000000000000000e-04
14,-4.538736870087794e-02,4.541691248230236e-03,3.050000000000000e-04
14,-4.555733324858242e-02,2.273671977505499e-03,3.100000000000000e-04
14,-4.561403508771929e-02,5.586108206637049e-18,3.150000000000000e-04
14,-4.555733324858242e-02,-2.273671977505488e-03,3.200000000000000e-04
14,-4.538736870087794e-02,-4.541691248230225e-03,3.250000000000000e-04
14,-4.510456400325147e-02,-6.798419158913221e-03,3.300000000000000e-04
14,-4.470962225274060e-02,-9.038245128393560e-03,3.350000000000000e-04
14,-4.420352533676496e-02,-1.125560059639936e-02,3.400000000000000e-04
14,-4.358753149199939e-02,-1.344497286786579e-02,3.450000000000000e-04
14,-4.286317217619932e-02,-1.560091881836383e-02,3.500000000000000e-04
14,-4.203224826075543e-02,-1.771807842656502e-02,3.550000000000000e-04
14,-4.109682555344368e-02,-1.979118810009914e-02,3.600000000000000e-04
14,-4.005922966250167e-02,-2.181509376167414e-02,3.650000000000000e-04
14,-3.892204021480009e-02,-2.378476366292446e-02,3.700000000000000e-04
14,-3.768808444248398e-02,-2.569530089413013e-02,3.750000000000000e-04
14,-3.636043015402805e-02,-2.754195555870596e-02,3.800000000000000e-04
14,-3.494237810718145e-02,-2.932013658219302e-02,3.850000000000000e-04
14,-3.343745380276400e-02,-3.102542312639280e-02,3.900000000000000e-04
14,-3.184939871971561e-02,-3.265357558026785e-02,3.950000000000000e-04
14,-3.018216101319009e-02,-3.420054610028259e-02,4.000000000000000e-04
14,-2.843988569881943e-02,-3.566248867398029e-02,4.050000000000000e-04
14,-2.662690434755185e-02,-3.703576868177588e-02,4.100000000000000e-04
14,-2.474772431668375e-02,-3.831697193319308e-02,4.150000000000000e-04
14,-2.280701754385963e-02,-3.950291315507966e-02,4.200000000000000e-04
14,-2.080960893189867e-02,-4.059064391069855e-02,4.250000000000000e-04
14,-1.876046435332614e-02,-4.157745993000614e-02,4.300000000000000e-04
14,-1.666467830443209e-02,-4.246090783289351e-02,4.350000000000000e-04
14,-1.452746123955054e-02,-4.323879122867617e-02,4.400000000000000e-04
14,-1.235412661704934e-02,-4.390917617666722e-02,4.450000000000000e-04
14,-1.015007768923540e-02,-4.447039599425862e-02,4.500000000000000e-04
14,-7.920794069017873e-03,-4.492105540055685e-02,4.550000000000000e-04
14,-5.671818106727423e-03,-4.526003398527099e-02,4.600000000000000e-04
14,-3.408741110959723e-03,-4.548648899422927e-02,4.650000000000000e-04
14,-1.137189447701582e-03,-4.559985742459863e-02,4.700000000000000e-04
14,1.137189447701566e-03,-4.559985742459863e-02,4.750000000000000e-04
14,3.408741110959708e-03,-4.548648899422927e-02,4.800000000000000e-04
14,5.671818106727367e-03,-4.526003398527100e-02,4.850000000000000e-04
14,7.920794069017857e-03,-4.492105540055685e-02,4.900000000000000e-04
14,1.015007768923538e-02,-4.447039599425862e-02,4.950000000000000e-04
14,1.235412661704935e-02,-4.390917617666721e-02,5.000000000000000e-04
14,1.452746123955052e-02,-4.323879122867618e-02,5.050000000000000e-04
14,1.666467830443203e-02,-4.246090783289353e-02,5.100000000000000e-04
14,1.876046435332613e-02,-4.157745993000614e-02,5.150000000000000e-04
14,2.080960893189866e-02,-4.059064391069857e-02,5.200000000000000e-04
14,2.280701754385965e-02,-3.950291315507965e-02,5.250000000000000e-04
14,2.474772431668377e-02,-3.831697193319307e-02,5.300000000000000e-04
14,2.662690434755180e-02,-3.703576868177592e-02,5.350000000000000e-04
14,2.843988569881941e-02,-3.566248867398031e-02,5.400000000000000e-04
14,3.018216101319004e-02,-3.420054610028264e-02,5.450000000000000e-04
14,3.184939871971561e-02,-3.265357558026784e-02,5.500000000000000e-04
14,3.343745380276401e-02,-3.102542312639280e-02,5.550000000000000e-04
14,3.494237810718143e-02,-2.932013658219303e-02,5.600000000000000e-04
14,3.636043015402804e-02,-2.754195555870599e-02,5.650000000000000e-04
14,3.768808444248395e-02,-2.569530089413016e-02,5.700000000000000e-04
14,3.892204021480009e-02,-2.378476366292446e-02,5.750000000000000e-04
14,4.005922966250164e-02,-2.181509376167417e-02,5.800000000000000e-04
14,4.109682555344367e-02,-1.979118810009915e-02,5.850000000000000e-04
14,4.203224826075543e-02,-1.771807842656502e-02,5.900000000000000e-04
14,4.286317217619930e-02,-1.560091881836387e-02,5.950000000000000e-04
14,4.358753149199939e-02,-1.344497286786583e-02,5.999999999999999e-04
14,4.420352533676495e-02,-1.125560059639937e-02,6.050000000000000e-04
14,4.470962225274059e-02,-9.038245128393576e-03,6.100000000000000e-04
14,4.510456400325147e-02,-6.798419158913217e-03,6.150000000000000e-04
14,4.538736870087794e-02,-4.541691248230261e-03,6.200000000000000e-04
14,4.555733324858242e-02,-2.273671977505504e-03,6.250000000000000e-04
15,4.912280701754385e-02,0.000000000000000e+00,0.000000000000000e+00
15,4.906174349847337e-02,2.448569821928983e-03,5.000000000000000e-06
15,4.887870475479164e-02,4.891052113478712e-03,1.000000000000000e-05
15,4.857414584965543e-02,7.321374478829621e-03,1.500000000000000e-05
15,4.814882396448986e-02,9.733494753654615e-03,2.000000000000000e-05
15,4.760379651651610e-02,1.212141602689162e-02,2.500000000000000e-05
15,4.694041852984551e-02,1.447920155000933e-02,3.000000000000000e-05
15,4.616033926667620e-02,1.680098949669951e-02,3.500000000000000e-05
15,4.526549812696739e-02,1.908100753630079e-02,4.000000000000000e-05
15,4.425811982678549e-02,2.131358718472215e-02,4.500000000000000e-05
15,4.314070886730947e-02,2.349317789718756e-02,5.000000000000000e-05
15,4.191604330824624e-02,2.561436086776482e-02,5.500000000000000e-05
15,4.058716786113659e-02,2.767186250137091e-02,6.000000000000000e-05
15,3.915738631972251e-02,2.966056752476029e-02,6.499999999999999e-05
15,3.763025334619541e-02,3.157553170390018e-02,6.999999999999999e-05
15,3.600956563374585e-02,3.341199413611533e-02,7.499999999999999e-05
15,3.429935246738602e-02,3.516538908644230e-02,8.000000000000001e-05
15,3.250386570651239e-02,3.683135733876589e-02,8.500000000000001e-05
15,3.062756921411322e-02,3.840575703351724e-02,9.000000000000001e-05
15,2.867512775890196e-02,3.988467396498944e-02,9.500000000000001e-05
15,2.665139541796712e-02,4.126443131266946e-02,1.000000000000000e-04
15,2.456140350877192e-02,4.254159878239348e-02,1.050000000000000e-04
15,2.241034808050625e-02,4.371300113459844e-02,1.100000000000000e-04
15,2.020357699588969e-02,4.477572607846814e-02,1.150000000000000e-04
15,1.794657663554221e-02,4.572713151234687e-02,1.200000000000000e-04
15,1.564495825797748e-02,4.656485209242050e-02,1.250000000000000e-04
15,1.330444404913008e-02,4.728680511333391e-02,1.300000000000000e-04
15,1.093085289609966e-02,4.789119568612466e-02,1.350000000000000e-04
15,8.530085920480790e-03,4.837652120059968e-02,1.400000000000000e-04
15,6.108111807244890e-03,4.874157506106108e-02,1.450000000000000e-04
15,3.670951965648916e-03,4.898544968609305e-02,1.500000000000000e-04
15,1.224665559063237e-03,4.910753876495237e-02,1.550000000000000e-04
15,-1.224665559063230e-03,4.910753876495237e-02,1.600000000000000e-04
15,-3.670951965648911e-03,4.898544968609305e-02,1.650000000000000e-04
15,-6.108111807244884e-03,4.874157506106108e-02,1.700000000000000e-04
15,-8.530085920480783e-03,4.837652120059968e-02,1.750000000000000e-04
15,-1.093085289609965e-02,4.789119568612466e-02,1.800000000000000e-04
15,-1.330444404913007e-02,4.728680511333393e-02,1.850000000000000e-04
15,-1.564495825797747e-02,4.656485209242050e-02,1.900000000000000e-04
15,-1.794657663554220e-02,4.572713151234688e-02,1.950000000000000e-04
15,-2.020357699588968e-02,4.477572607846816e-02,2.000000000000000e-04
15,-2.241034808050623e-02,4.371300113459846e-02,2.050000000000000e-04
15,-2.456140350877193e-02,4.254159878239346e-02,2.100000000000000e-04
15,-2.665139541796712e-02,4.126443131266946e-02,2.150000000000000e-04
15,-2.867512775890194e-02,3.988467396498944e-02,2.200000000000000e-04
15,-3.062756921411322e-02,3.840575703351726e-02,2.250000000000000e-04
15,-3.250386570651238e-02,3.683135733876590e-02,2.300000000000000e-04
15,-3.429935246738602e-02,3.516538908644231e-02,2.350000000000000e-04
15,-3.600956563374585e-02,3.341199413611533e-02,2.400000000000000e-04
15,-3.763025334619540e-02,3.157553170390018e-02,2.450000000000000e-04
15,-3.915738631972251e-02,2.966056752476029e-02,2.500000000000000e-04
15,-4.058716786113659e-02,2.767186250137091e-02,2.550000000000000e-04
15,-4.191604330824624e-02,2.561436086776482e-02,2.600000000000000e-04
15,-4.314070886730947e-02,2.349317789718755e-02,2.650000000000000e-04
15,-4.425811982678548e-02,2.131358718472216e-02,2.700000000000000e-04
15,-4.526549812696740e-02,1.908100753630078e-02,2.750000000000000e-04
15,-4.616033926667620e-02,1.680098949669952e-02,2.800000000000000e-04
15,-4.694041852984550e-02,1.447920155000935e-02,2.850000000000000e-04
15,-4.760379651651610e-02,1.212141602689162e-02,2.900000000000000e-04
15,-4.814882396448986e-02,9.733494753654615e-03,2.950000000000000e-04
15,-4.857414584965543e-02,7.321374478829635e-03,3.000000000000000e-04
15,-4.887870475479164e-02,4.891052113478716e-03,3.050000000000000e-04
15,-4.906174349847337e-02,2.448569821928999e-03,3.100000000000000e-04
15,-4.912280701754385e-02,6.015808837916821e-18,3.150000000000000e-04
15,-4.906174349847337e-02,-2.448569821928986e-03,3.200000000000000e-04
15,-4.887870475479164e-02,-4.891052113478704e-03,3.250000000000000e-04
15,-4.857414584965543e-02,-7.321374478829621e-03,3.300000000000000e-04
15,-4.814882396448987e-02,-9.733494753654606e-03,3.350000000000000e-04
15,-4.760379651651610e-02,-1.212141602689162e-02,3.400000000000000e-04
15,-4.694041852984551e-02,-1.447920155000931e-02,3.450000000000000e-04
15,-4.616033926667620e-02,-1.680098949669951e-02,3.500000000000000e-04
15,-4.526549812696739e-02,-1.908100753630079e-02,3.550000000000000e-04
15,-4.425811982678549e-02,-2.131358718472214e-02,3.600000000000000e-04
15,-4.314070886730947e-02,-2.349317789718754e-02,3.650000000000000e-04
15,-4.191604330824624e-02,-2.561436086776480e-02,3.700000000000000e-04
15,-4.058716786113659e-02,-2.767186250137091e-02,3.750000000000000e-04
15,-3.915738631972251e-02,-2.966056752476028e-02,3.800000000000000e-04
15,-3.763025334619541e-02,-3.157553170390018e-02,3.850000000000000e-04
15,-3.600956563374586e-02,-3.341199413611533e-02,3.900000000000000e-04
15,-3.429935246738604e-02,-3.516538908644230e-02,3.950000000000000e-04
15,-3.250386570651240e-02,-3.683135733876588e-02,4.000000000000000e-04
15,-3.062756921411323e-02,-3.840575703351724e-02,4.050000000000000e-04
15,-2.867512775890199e-02,-3.988467396498941e-02,4.100000000000000e-04
15,-2.665139541796712e-02,-4.126443131266946e-02,4.150000000000000e-04
15,-2.456140350877191e-02,-4.254159878239348e-02,4.200000000000000e-04
15,-2.241034808050625e-02,-4.371300113459844e-02,4.250000000000000e-04
15,-2.020357699588969e-02,-4.477572607846815e-02,4.300000000000000e-04
15,-1.794657663554225e-02,-4.572713151234686e-02,4.350000000000000e-04
15,-1.564495825797750e-02,-4.656485209242049e-02,4.400000000000000e-04
15,-1.330444404913005e-02,-4.728680511333393e-02,4.450000000000000e-04
15,-1.093085289609966e-02,-4.789119568612466e-02,4.500000000000000e-04
15,-8.530085920480783e-03,-4.837652120059968e-02,4.550000000000000e-04
15,-6.108111807244918e-03,-4.874157506106108e-02,4.600000000000000e-04
15,-3.670951965648934e-03,-4.898544968609305e-02,4.650000000000000e-04
15,-1.224665559063242e-03,-4.910753876495237e-02,4.700000000000000e-04
15,1.224665559063225e-03,-4.910753876495237e-02,4.750000000000000e-04
15,3.670951965648915e-03,-4.898544968609305e-02,4.800000000000000e-04
15,6.108111807244856e-03,-4.874157506106108e-02,4.850000000000000e-04
15,8.530085920480768e-03,-4.837652120059970e-02,4.900000000000000e-04
15,1.093085289609965e-02,-4.789119568612466e-02,4.950000000000000e-04
15,1.330444404913007e-02,-4.728680511333391e-02,5.000000000000000e-04
15,1.564495825797749e-02,-4.656485209242050e-02,5.050000000000000e-04
15,1.794657663554218e-02,-4.572713151234688e-02,5.100000000000000e-04
15,2.020357699588968e-02,-4.477572607846816e-02,5.150000000000000e-04
15,2.241034808050624e-02,-4.371300113459845e-02,5.200000000000000e-04
15,2.456140350877193e-02,-4.254159878239346e-02,5.250000000000000e-04
15,2.665139541796714e-02,-4.126443131266946e-02,5.300000000000000e-04
15,2.867512775890194e-02,-3.988467396498945e-02,5.350000000000000e-04
15,3.062756921411321e-02,-3.840575703351726e-02,5.400000000000000e-04
15,3.250386570651236e-02,-3.683135733876591e-02,5.450000000000000e-04
15,3.429935246738604e-02,-3.516538908644230e-02,5.500000000000000e-04
15,3.600956563374586e-02,-3.341199413611533e-02,5.550000000000000e-04
15,3.763025334619540e-02,-3.157553170390019e-02,5.600000000000000e-04
15,3.915738631972250e-02,-2.966056752476029e-02,5.650000000000000e-04
15,4.058716786113657e-02,-2.767186250137094e-02,5.700000000000000e-04
15,4.191604330824624e-02,-2.561436086776480e-02,5.750000000000000e-04
15,4.314070886730945e-02,-2.349317789718757e-02,5.800000000000000e-04
15,4.425811982678548e-02,-2.131358718472216e-02,5.850000000000000e-04
15,4.526549812696739e-02,-1.908100753630079e-02,5.900000000000000e-04
15,4.616033926667618e-02,-1.680098949669955e-02,5.950000000000000e-04
15,4.694041852984550e-02,-1.447920155000935e-02,5.999999999999999e-04
15,4.760379651651610e-02,-1.212141602689163e-02,6.050000000000000e-04
15,4.814882396448986e-02,-9.733494753654624e-03,6.100000000000000e-04
15,4.857414584965543e-02,-7.321374478829619e-03,6.150000000000000e-04
15,4.887870475479163e-02,-4.891052113478744e-03,6.200000000000000e-04
15,4.906174349847337e-02,-2.448569821929005e-03,6.250000000000000e-04
16,5.263157894736841e-02,0.000000000000000e+00,0.000000000000000e+00
16,5.256615374836433e-02,2.623467666352482e-03,5.000000000000000e-06
16,5.237004080870532e-02,5.240412978727192e-03,1.000000000000000e-05
16,5.204372769605939e-02,7.844329798746021e-03,1.500000000000000e-05
16,5.158802567623914e-02,1.042874437891566e-02,2.000000000000000e-05
16,5.100406769626726e-02,1.298723145738387e-02,2.500000000000000e-05
16,5.029330556769161e-02,1.551343023215285e-02,3.000000000000000e-05
16,4.945750635715306e-02,1.800106017503519e-02,3.500000000000000e-05
16,4.849874799317934e-02,2.044393664603657e-02,4.000000000000000e-05
16,4.741941410012732e-02,2.283598626934516e-02,4.500000000000000e-05
16,4.622218807211728e-02,2.517126203270096e-02,5.000000000000000e-05
16,4.491004640169240e-02,2.744395807260516e-02,5.500000000000000e-05
16,4.348625127978920e-02,2.964842410861169e-02,6.000000000000000e-05
16,4.195434248541697e-02,3.177917949081460e-02,6.499999999999999e-05
16,4.031812858520936e-02,3.383092682560732e-02,6.999999999999999e-05
16,3.858167746472770e-02,3.579856514583785e-02,7.499999999999999e-05
16,3.674930621505646e-02,3.767720259261675e-02,8.000000000000001e-05
16,3.482557039983470e-02,3.946216857724916e-02,8.500000000000001e-05
16,3.281525272940702e-02,4.114902539305420e-02,9.000000000000001e-05
16,3.072335117025210e-02,4.273357924820297e-02,9.500000000000001e-05
16,2.855506651925049e-02,4.421189069214587e-02,1.000000000000000e-04
16,2.631578947368420e-02,4.558028440970730e-02,1.050000000000000e-04
16,2.401108722911385e-02,4.683535835849834e-02,1.100000000000000e-04
16,2.164668963845325e-02,4.797399222693016e-02,1.150000000000000e-04
16,1.922847496665236e-02,4.899335519180021e-02,1.200000000000000e-04
16,1.676245527640444e-02,4.989091295616483e-02,1.250000000000000e-04
16,1.425476148121080e-02,5.066443405000062e-02,1.300000000000000e-04
16,1.171162810296392e-02,5.131199537799071e-02,1.350000000000000e-04
16,9.139377771943702e-03,5.183198700064252e-02,1.400000000000000e-04
16,6.544405507762382e-03,5.222311613685115e-02,1.450000000000000e-04
16,3.933162820338125e-03,5.248441037795684e-02,1.500000000000000e-04
16,1.312141670424897e-03,5.261522010530611e-02,1.550000000000000e-04
16,-1.312141670424890e-03,5.261522010530611e-02,1.600000000000000e-04
16,-3.933162820338119e-03,5.248441037795684e-02,1.650000000000000e-04
16,-6.544405507762376e-03,5.222311613685115e-02,1.700000000000000e-04
16,-9.139377771943695e-03,5.183198700064252e-02,1.750000000000000e-04
16,-1.171162810296391e-02,5.131199537799071e-02,1.800000000000000e-04
16,-1.425476148121079e-02,5.066443405000064e-02,1.850000000000000e-04
16,-1.676245527640444e-02,4.989091295616483e-02,1.900000000000000e-04
16,-1.922847496665236e-02,4.899335519180022e-02,1.950000000000000e-04
16,-2.164668963845323e-02,4.797399222693016e-02,2.000000000000000e-04
16,-2.401108722911382e-02,4.683535835849835e-02,2.050000000000000e-04
16,-2.631578947368422e-02,4.558028440970729e-02,2.100000000000000e-04
16,-2.855506651925049e-02,4.421189069214587e-02,2.150000000000000e-04
16,-3.072335117025208e-02,4.273357924820297e-02,2.200000000000000e-04
16,-3.281525272940702e-02,4.114902539305421e-02,2.250000000000000e-04
16,-3.482557039983469e-02,3.946216857724917e-02,2.300000000000000e-04
16,-3.674930621505645e-02,3.767720259261676e-02,2.350000000000000e-04
16,-3.858167746472770e-02,3.579856514583785e-02,2.400000000000000e-04
16,-4.031812858520936e-02,3.383092682560734e-02,2.450000000000000e-04
16,-4.195434248541697e-02,3.177917949081460e-02,2.500000000000000e-04
16,-4.348625127978919e-02,2.964842410861170e-02,2.550000000000000e-04
16,-4.491004640169240e-02,2.744395807260516e-02,2.600000000000000e-04
16,-4.622218807211730e-02,2.517126203270094e-02,2.650000000000000e-04
16,-4.741941410012732e-02,2.283598626934517e-02,2.700000000000000e-04
16,-4.849874799317935e-02,2.044393664603656e-02,2.750000000000000e-04
16,-4.945750635715306e-02,1.800106017503520e-02,2.800000000000000e-04
16,-5.029330556769160e-02,1.551343023215287e-02,2.850000000000000e-04
16,-5.100406769626725e-02,1.298723145738389e-02,2.900000000000000e-04
16,-5.158802567623914e-02,1.042874437891566e-02,2.950000000000000e-04
16,-5.204372769605939e-02,7.844329798746039e-03,3.000000000000000e-04
16,-5.237004080870532e-02,5.240412978727195e-03,3.050000000000000e-04
16,-5.256615374836433e-02,2.623467666352499e-03,3.100000000000000e-04
16,-5.263157894736841e-02,6.445509469196595e-18,3.150000000000000e-04
16,-5.256615374836433e-02,-2.623467666352485e-03,3.200000000000000e-04
16,-5.237004080870532e-02,-5.240412978727182e-03,3.250000000000000e-04
16,-5.204372769605939e-02,-7.844329798746025e-03,3.300000000000000e-04
16,-5.158802567623914e-02,-1.042874437891565e-02,3.350000000000000e-04
16,-5.100406769626726e-02,-1.298723145738387e-02,3.400000000000000e-04
16,-5.029330556769161e-02,-1.551343023215284e-02,3.450000000000000e-04
16,-4.945750635715306e-02,-1.800106017503519e-02,3.500000000000000e-04
16,-4.849874799317934e-02,-2.044393664603657e-02,3.550000000000000e-04
16,-4.741941410012732e-02,-2.283598626934516e-02,3.600000000000000e-04
16,-4.622218807211730e-02,-2.517126203270094e-02,3.650000000000000e-04
16,-4.491004640169240e-02,-2.744395807260515e-02,3.700000000000000e-04
16,-4.348625127978920e-02,-2.964842410861169e-02,3.750000000000000e-04
16,-4.195434248541697e-02,-3.177917949081458e-02,3.800000000000000e-04
16,-4.031812858520938e-02,-3.383092682560732e-02,3.850000000000000e-04
16,-3.858167746472770e-02,-3.579856514583785e-02,3.900000000000000e-04
16,-3.674930621505647e-02,-3.767720259261675e-02,3.950000000000000e-04
16,-3.482557039983472e-02,-3.946216857724916e-02,4.000000000000000e-04
16,-3.281525272940702e-02,-4.114902539305419e-02,4.050000000000000e-04
16,-3.072335117025213e-02,-4.273357924820295e-02,4.100000000000000e-04
16,-2.855506651925048e-02,-4.421189069214587e-02,4.150000000000000e-04
16,-2.631578947368418e-02,-4.558028440970730e-02,4.200000000000000e-04
16,-2.401108722911385e-02,-4.683535835849833e-02,4.250000000000000e-04
16,-2.164668963845324e-02,-4.797399222693016e-02,4.300000000000000e-04
16,-1.922847496665240e-02,-4.899335519180020e-02,4.350000000000000e-04
16,-1.676245527640447e-02,-4.989091295616482e-02,4.400000000000000e-04
16,-1.425476148121077e-02,-5.066443405000064e-02,4.450000000000000e-04
16,-1.171162810296393e-02,-5.131199537799071e-02,4.500000000000000e-04
16,-9.139377771943702e-03,-5.183198700064252e-02,4.550000000000000e-04
16,-6.544405507762413e-03,-5.222311613685115e-02,4.600000000000000e-04
16,-3.933162820338142e-03,-5.248441037795684e-02,4.650000000000000e-04
16,-1.312141670424903e-03,-5.261522010530611e-02,4.700000000000000e-04
16,1.312141670424883e-03,-5.261522010530611e-02,4.750000000000000e-04
16,3.933162820338124e-03,-5.248441037795684e-02,4.800000000000000e-04
16,6.544405507762346e-03,-5.222311613685116e-02,4.850000000000000e-04
16,9.139377771943680e-03,-5.183198700064253e-02,4.900000000000000e-04
16,1.171162810296390e-02,-5.131199537799071e-02,4.950000000000000e-04
16,1.425476148121079e-02,-5.066443405000062e-02,5.000000000000000e-04
16,1.676245527640445e-02,-4.989091295616482e-02,5.050000000000000e-04
16,1.922847496665234e-02,-4.899335519180022e-02,5.100000000000000e-04
16,2.164668963845322e-02,-4.797399222693016e-02,5.150000000000000e-04
16,2.401108722911383e-02,-4.683535835849834e-02,5.200000000000000e-04
16,2.631578947368421e-02,-4.558028440970729e-02,5.250000000000000e-04
16,2.855506651925050e-02,-4.421189069214585e-02,5.300000000000000e-04
16,3.072335117025208e-02,-4.273357924820298e-02,5.350000000000000e-04
16,3.281525272940702e-02,-4.114902539305421e-02,5.400000000000000e-04
16,3.482557039983467e-02,-3.946216857724918e-02,5.450000000000000e-04
16,3.674930621505647e-02,-3.767720259261675e-02,5.500000000000000e-04
16,3.858167746472771e-02,-3.579856514583785e-02,5.550000000000000e-04
16,4.031812858520936e-02,-3.383092682560734e-02,5.600000000000000e-04
16,4.195434248541696e-02,-3.177917949081460e-02,5.650000000000000e-04
16,4.348625127978917e-02,-2.964842410861172e-02,5.700000000000000e-04
16,4.491004640169240e-02,-2.744395807260515e-02,5.750000000000000e-04
16,4.622218807211727e-02,-2.517126203270097e-02,5.800000000000000e-04
16,4.741941410012732e-02,-2.283598626934517e-02,5.850000000000000e-04
16,4.849874799317934e-02,-2.044393664603657e-02,5.900000000000000e-04
16,4.945750635715306e-02,-1.800106017503523e-02,5.950000000000000e-04
16,5.029330556769160e-02,-1.551343023215288e-02,5.999999999999999e-04
16,5.100406769626725e-02,-1.298723145738389e-02,6.050000000000000e-04
16,5.158802567623914e-02,-1.042874437891567e-02,6.100000000000000e-04
16,5.204372769605939e-02,-7.844329798746020e-03,6.150000000000000e-04
16,5.237004080870532e-02,-5.240412978727225e-03,6.200000000000000e-04
16,5.256615374836433e-02,-2.623467666352505e-03,6.250000000000000e-04
17,5.614035087719298e-02,0.000000000000000e+00,0.000000000000000e+00
17,5.607056399825528e-02,2.798365510775981e-03,5.000000000000000e-06
17,5.586137686261902e-02,5.589773843975672e-03,1.000000000000000e-05
17,5.551330954246335e-02,8.367285118662422e-03,1.500000000000000e-05
17,5.502722738798842e-02,1.112399400417670e-02,2.000000000000000e-05
17,5.440433887601841e-02,1.385304688787613e-02,2.500000000000000e-05
17,5.364619260553772e-02,1.654765891429637e-02,3.000000000000000e-05
17,5.275467344762994e-02,1.920113085337087e-02,3.500000000000000e-05
17,5.173199785939130e-02,2.180686575577234e-02,4.000000000000000e-05
17,5.058070837346914e-02,2.435838535396817e-02,4.500000000000000e-05
17,4.930366727692510e-02,2.684934616821435e-02,5.000000000000000e-05
17,4.790404949513856e-02,2.927355527744550e-02,5.500000000000000e-05
17,4.638533469844181e-02,3.162498571585246e-02,6.000000000000000e-05
17,4.475129865111143e-02,3.389779145686890e-02,6.499999999999999e-05
17,4.300600382422332e-02,3.608632194731448e-02,6.999999999999999e-05
17,4.115378929570954e-02,3.818513615556038e-02,7.499999999999999e-05
17,3.919925996272689e-02,4.018901609879121e-02,8.000000000000001e-05
17,3.714727509315702e-02,4.209297981573244e-02,8.500000000000001e-05
17,3.500293624470083e-02,4.389229375259114e-02,9.000000000000001e-05
17,3.277157458160224e-02,4.558248453141650e-02,9.500000000000001e-05
17,3.045873762053386e-02,4.715935007162225e-02,1.000000000000000e-04
17,2.807017543859649e-02,4.861897003702111e-02,1.050000000000000e-04
17,2.561182637772144e-02,4.995771558239823e-02,1.100000000000000e-04
17,2.308980228101679e-02,5.117225837539216e-02,1.150000000000000e-04
17,2.051037329776252e-02,5.225957887125356e-02,1.200000000000000e-04
17,1.787995229483141e-02,5.321697381990915e-02,1.250000000000000e-04
17,1.520507891329152e-02,5.404206298666733e-02,1.300000000000000e-04
17,1.249240330982817e-02,5.473279506985676e-02,1.350000000000000e-04
17,9.748669623406616e-03,5.528745280068535e-02,1.400000000000000e-04
17,6.980699208279875e-03,5.570465721264124e-02,1.450000000000000e-04
17,4.195373675027334e-03,5.598337106982063e-02,1.500000000000000e-04
17,1.399617781786556e-03,5.612290144565985e-02,1.550000000000000e-04
17,-1.399617781786549e-03,5.612290144565985e-02,1.600000000000000e-04
17,-4.195373675027327e-03,5.598337106982063e-02,1.650000000000000e-04
17,-6.980699208279868e-03,5.570465721264124e-02,1.700000000000000e-04
17,-9.748669623406616e-03,5.528745280068535e-02,1.750000000000000e-04
17,-1.249240330982817e-02,5.473279506985676e-02,1.800000000000000e-04
17,-1.520507891329151e-02,5.404206298666735e-02,1.850000000000000e-04
17,-1.787995229483140e-02,5.321697381990915e-02,1.900000000000000e-04
17,-2.051037329776252e-02,5.225957887125357e-02,1.950000000000000e-04
17,-2.308980228101678e-02,5.117225837539217e-02,2.000000000000000e-04
17,-2.561182637772141e-02,4.995771558239823e-02,2.050000000000000e-04
17,-2.807017543859651e-02,4.861897003702111e-02,2.100000000000000e-04
17,-3.045873762053385e-02,4.715935007162225e-02,2.150000000000000e-04
17,-3.277157458160222e-02,4.558248453141651e-02,2.200000000000000e-04
17,-3.500293624470082e-02,4.389229375259115e-02,2.250000000000000e-04
17,-3.714727509315700e-02,4.209297981573245e-02,2.300000000000000e-04
17,-3.919925996272688e-02,4.018901609879121e-02,2.350000000000000e-04
17,-4.115378929570954e-02,3.818513615556038e-02,2.400000000000000e-04
17,-4.300600382422332e-02,3.608632194731450e-02,2.450000000000000e-04
17,-4.475129865111143e-02,3.389779145686890e-02,2.500000000000000e-04
17,-4.638533469844180e-02,3.162498571585247e-02,2.550000000000000e-04
17,-4.790404949513856e-02,2.927355527744550e-02,2.600000000000000e-04
17,-4.930366727692512e-02,2.684934616821434e-02,2.650000000000000e-04
17,-5.058070837346914e-02,2.435838535396817e-02,2.700000000000000e-04
17,-5.173199785939130e-02,2.180686575577232e-02,2.750000000000000e-04
17,-5.275467344762994e-02,1.920113085337088e-02,2.800000000000000e-04
17,-5.364619260553771e-02,1.654765891429640e-02,2.850000000000000e-04
17,-5.440433887601839e-02,1.385304688787614e-02,2.900000000000000e-04
17,-5.502722738798842e-02,1.112399400417670e-02,2.950000000000000e-04
17,-5.551330954246335e-02,8.367285118662440e-03,3.000000000000000e-04
17,-5.586137686261902e-02,5.589773843975676e-03,3.050000000000000e-04
17,-5.607056399825528e-02,2.798365510775999e-03,3.100000000000000e-04
17,-5.614035087719298e-02,6.875210100476368e-18,3.150000000000000e-04
17,-5.607056399825528e-02,-2.798365510775985e-03,3.200000000000000e-04
17,-5.586137686261902e-02,-5.589773843975661e-03,3.250000000000000e-04
17,-5.551330954246335e-02,-8.367285118662422e-03,3.300000000000000e-04
17,-5.502722738798842e-02,-1.112399400417670e-02,3.350000000000000e-04
17,-5.440433887601841e-02,-1.385304688787613e-02,3.400000000000000e-04
17,-5.364619260553772e-02,-1.654765891429636e-02,3.450000000000000e-04
17,-5.275467344762994e-02,-1.920113085337087e-02,3.500000000000000e-04
17,-5.173199785939130e-02,-2.180686575577234e-02,3.550000000000000e-04
17,-5.058070837346914e-02,-2.435838535396817e-02,3.600000000000000e-04
17,-4.930366727692512e-02,-2.684934616821434e-02,3.650000000000000e-04
17,-4.790404949513856e-02,-2.927355527744549e-02,3.700000000000000e-04
17,-4.638533469844181e-02,-3.162498571585246e-02,3.750000000000000e-04
17,-4.475129865111143e-02,-3.389779145686889e-02,3.800000000000000e-04
17,-4.300600382422334e-02,-3.608632194731448e-02,3.850000000000000e-04
17,-4.115378929570955e-02,-3.818513615556038e-02,3.900000000000000e-04
17,-3.919925996272691e-02,-4.018901609879121e-02,3.950000000000000e-04
17,-3.714727509315703e-02,-4.209297981573243e-02,4.000000000000000e-04
17,-3.500293624470083e-02,-4.389229375259113e-02,4.050000000000000e-04
17,-3.277157458160228e-02,-4.558248453141647e-02,4.100000000000000e-04
17,-3.045873762053385e-02,-4.715935007162225e-02,4.150000000000000e-04
17,-2.807017543859646e-02,-4.861897003702112e-02,4.200000000000000e-04
17,-2.561182637772144e-02,-4.995771558239822e-02,4.250000000000000e-04
17,-2.308980228101679e-02,-5.117225837539217e-02,4.300000000000000e-04
17,-2.051037329776257e-02,-5.225957887125355e-02,4.350000000000000e-04
17,-1.787995229483143e-02,-5.321697381990913e-02,4.400000000000000e-04
17,-1.520507891329149e-02,-5.404206298666735e-02,4.450000000000000e-04
17,-1.249240330982818e-02,-5.473279506985676e-02,4.500000000000000e-04
17,-9.748669623406616e-03,-5.528745280068535e-02,4.550000000000000e-04
17,-6.980699208279906e-03,-5.570465721264122e-02,4.600000000000000e-04
17,-4.195373675027352e-03,-5.598337106982063e-02,4.650000000000000e-04
17,-1.399617781786563e-03,-5.612290144565985e-02,4.700000000000000e-04
17,1.399617781786542e-03,-5.612290144565985e-02,4.750000000000000e-04
17,4.195373675027332e-03,-5.598337106982063e-02,4.800000000000000e-04
17,6.980699208279836e-03,-5.570465721264124e-02,4.850000000000000e-04
17,9.748669623406592e-03,-5.528745280068536e-02,4.900000000000000e-04
17,1.249240330982817e-02,-5.473279506985676e-02,4.950000000000000e-04
17,1.520507891329151e-02,-5.404206298666733e-02,5.000000000000000e-04
17,1.787995229483141e-02,-5.321697381990913e-02,5.050000000000000e-04
17,2.051037329776249e-02,-5.225957887125357e-02,5.100000000000000e-04
17,2.308980228101677e-02,-5.117225837539217e-02,5.150000000000000e-04
17,2.561182637772141e-02,-4.995771558239823e-02,5.200000000000000e-04
17,2.807017543859649e-02,-4.861897003702111e-02,5.250000000000000e-04
17,3.045873762053388e-02,-4.715935007162225e-02,5.300000000000000e-04
17,3.277157458160221e-02,-4.558248453141651e-02,5.350000000000000e-04
17,3.500293624470081e-02,-4.389229375259115e-02,5.400000000000000e-04
17,3.714727509315698e-02,-4.209297981573247e-02,5.450000000000000e-04
17,3.919925996272691e-02,-4.018901609879120e-02,5.500000000000000e-04
17,4.115378929570956e-02,-3.818513615556038e-02,5.550000000000000e-04
17,4.300600382422331e-02,-3.608632194731450e-02,5.600000000000000e-04
17,4.475129865111143e-02,-3.389779145686891e-02,5.650000000000000e-04
17,4.638533469844179e-02,-3.162498571585250e-02,5.700000000000000e-04
17,4.790404949513857e-02,-2.927355527744549e-02,5.750000000000000e-04
17,4.930366727692509e-02,-2.684934616821438e-02,5.800000000000000e-04
17,5.058070837346914e-02,-2.435838535396818e-02,5.850000000000000e-04
17,5.173199785939130e-02,-2.180686575577234e-02,5.900000000000000e-04
17,5.275467344762993e-02,-1.920113085337091e-02,5.950000000000000e-04
17,5.364619260553771e-02,-1.654765891429640e-02,5.999999999999999e-04
17,5.440433887601839e-02,-1.385304688787615e-02,6.050000000000000e-04
17,5.502722738798842e-02,-1.112399400417671e-02,6.100000000000000e-04
17,5.551330954246335e-02,-8.367285118662422e-03,6.150000000000000e-04
17,5.586137686261902e-02,-5.589773843975706e-03,6.200000000000000e-04
17,5.607056399825528e-02,-2.798365510776005e-03,6.250000000000000e-04
18,5.964912280701753e-02,0.000000000000000e+00,0.000000000000000e+00
18,5.957497424814624e-02,2.973263355199479e-03,5.000000000000000e-06
18,5.935271291653271e-02,5.939134709224151e-03,1.000000000000000e-05
18,5.898289138886730e-02,8.890240438578823e-03,1.500000000000000e-05
18,5.846642909973769e-02,1.181924362943775e-02,2.000000000000000e-05
18,5.780461005576955e-02,1.471886231836839e-02,2.500000000000000e-05
18,5.699907964338383e-02,1.758188759643989e-02,3.000000000000000e-05
18,5.605184053810681e-02,2.040120153170655e-02,3.500000000000000e-05
18,5.496524772560326e-02,2.316979486550810e-02,4.000000000000000e-05
18,5.374200264681096e-02,2.588078443859118e-02,4.500000000000000e-05
18,5.238514648173292e-02,2.852743030372775e-02,5.000000000000000e-05
18,5.089805258858471e-02,3.110315248228585e-02,5.500000000000000e-05
18,4.928441811709443e-02,3.360154732309325e-02,6.000000000000000e-05
18,4.754825481680590e-02,3.601640342292321e-02,6.499999999999999e-05
18,4.569387906323728e-02,3.834171706902163e-02,6.999999999999999e-05
18,4.372590112669138e-02,4.057170716528290e-02,7.499999999999999e-05
18,4.164921371039732e-02,4.270082960496565e-02,8.000000000000001e-05
18,3.946897978647933e-02,4.472379105421572e-02,8.500000000000001e-05
18,3.719061975999463e-02,4.663556211212810e-02,9.000000000000001e-05
18,3.481979799295238e-02,4.843138981463003e-02,9.500000000000001e-05
18,3.236240872181723e-02,5.010680945109864e-02,1.000000000000000e-04
18,2.982456140350877e-02,5.165765566433493e-02,1.050000000000000e-04
18,2.721256552632902e-02,5.308007280629811e-02,1.100000000000000e-04
18,2.453291492358034e-02,5.437052452385418e-02,1.150000000000000e-04
18,2.179227162887268e-02,5.552580255070691e-02,1.200000000000000e-04
18,1.899744931325837e-02,5.654303468365347e-02,1.250000000000000e-04
18,1.615539634537224e-02,5.741969192333404e-02,1.300000000000000e-04
18,1.327317851669244e-02,5.815359476172280e-02,1.350000000000000e-04
18,1.035796147486953e-02,5.874291860072818e-02,1.400000000000000e-04
18,7.416992908797366e-03,5.918619828843131e-02,1.450000000000000e-04
18,4.457584529716542e-03,5.948233176168442e-02,1.500000000000000e-04
18,1.487093893148216e-03,5.963058278601359e-02,1.550000000000000e-04
18,-1.487093893148209e-03,5.963058278601359e-02,1.600000000000000e-04
18,-4.457584529716535e-03,5.948233176168442e-02,1.650000000000000e-04
18,-7.416992908797359e-03,5.918619828843131e-02,1.700000000000000e-04
18,-1.035796147486953e-02,5.874291860072818e-02,1.750000000000000e-04
18,-1.327317851669243e-02,5.815359476172280e-02,1.800000000000000e-04
18,-1.615539634537222e-02,5.741969192333406e-02,1.850000000000000e-04
18,-1.899744931325836e-02,5.654303468365347e-02,1.900000000000000e-04
18,-2.179227162887267e-02,5.552580255070692e-02,1.950000000000000e-04
18,-2.453291492358033e-02,5.437052452385419e-02,2.000000000000000e-04
18,-2.721256552632900e-02,5.308007280629812e-02,2.050000000000000e-04
18,-2.982456140350878e-02,5.165765566433493e-02,2.100000000000000e-04
18,-3.236240872181723e-02,5.010680945109864e-02,2.150000000000000e-04
18,-3.481979799295236e-02,4.843138981463004e-02,2.200000000000000e-04
18,-3.719061975999462e-02,4.663556211212810e-02,2.250000000000000e-04
18,-3.946897978647931e-02,4.472379105421573e-02,2.300000000000000e-04
18,-4.164921371039731e-02,4.270082960496566e-02,2.350000000000000e-04
18,-4.372590112669138e-02,4.057170716528290e-02,2.400000000000000e-04
18,-4.569387906323726e-02,3.834171706902165e-02,2.450000000000000e-04
18,-4.754825481680590e-02,3.601640342292321e-02,2.500000000000000e-04
18,-4.928441811709441e-02,3.360154732309325e-02,2.550000000000000e-04
18,-5.089805258858471e-02,3.110315248228585e-02,2.600000000000000e-04
18,-5.238514648173293e-02,2.852743030372774e-02,2.650000000000000e-04
18,-5.374200264681096e-02,2.588078443859119e-02,2.700000000000000e-04
18,-5.496524772560326e-02,2.316979486550810e-02,2.750000000000000e-04
18,-5.605184053810681e-02,2.040120153170656e-02,2.800000000000000e-04
18,-5.699907964338382e-02,1.758188759643992e-02,2.850000000000000e-04
18,-5.780461005576955e-02,1.471886231836840e-02,2.900000000000000e-04
18,-5.846642909973769e-02,1.181924362943775e-02,2.950000000000000e-04
18,-5.898289138886730e-02,8.890240438578841e-03,3.000000000000000e-04
18,-5.935271291653271e-02,5.939134709224156e-03,3.050000000000000e-04
18,-5.957497424814624e-02,2.973263355199499e-03,3.100000000000000e-04
18,-5.964912280701753e-02,7.304910731756139e-18,3.150000000000000e-04
18,-5.957497424814624e-02,-2.973263355199484e-03,3.200000000000000e-04
18,-5.935271291653271e-02,-5.939134709224140e-03,3.250000000000000e-04
18,-5.898289138886730e-02,-8.890240438578832e-03,3.300000000000000e-04
18,-5.846642909973770e-02,-1.181924362943773e-02,3.350000000000000e-04
18,-5.780461005576955e-02,-1.471886231836839e-02,3.400000000000000e-04
18,-5.699907964338383e-02,-1.758188759643988e-02,3.450000000000000e-04
18,-5.605184053810681e-02,-2.040120153170655e-02,3.500000000000000e-04
18,-5.496524772560326e-02,-2.316979486550811e-02,3.550000000000000e-04
18,-5.374200264681096e-02,-2.588078443859117e-02,3.600000000000000e-04
18,-5.238514648173293e-02,-2.852743030372773e-02,3.650000000000000e-04
18,-5.089805258858471e-02,-3.110315248228584e-02,3.700000000000000e-04
18,-4.928441811709443e-02,-3.360154732309325e-02,3.750000000000000e-04
18,-4.754825481680590e-02,-3.601640342292320e-02,3.800000000000000e-04
18,-4.569387906323728e-02,-3.834171706902163e-02,3.850000000000000e-04
18,-4.372590112669140e-02,-4.057170716528289e-02,3.900000000000000e-04
18,-4.164921371039732e-02,-4.270082960496565e-02,3.950000000000000e-04
18,-3.946897978647935e-02,-4.472379105421571e-02,4.000000000000000e-04
18,-3.719061975999464e-02,-4.663556211212808e-02,4.050000000000000e-04
18,-3.481979799295242e-02,-4.843138981463001e-02,4.100000000000000e-04
18,-3.236240872181721e-02,-5.010680945109864e-02,4.150000000000000e-04
18,-2.982456140350875e-02,-5.165765566433494e-02,4.200000000000000e-04
18,-2.721256552632903e-02,-5.308007280629811e-02,4.250000000000000e-04
18,-2.453291492358034e-02,-5.437052452385418e-02,4.300000000000000e-04
18,-2.179227162887273e-02,-5.552580255070690e-02,4.350000000000000e-04
18,-1.899744931325840e-02,-5.654303468365345e-02,4.400000000000000e-04
18,-1.615539634537220e-02,-5.741969192333406e-02,4.450000000000000e-04
18,-1.327317851669245e-02,-5.815359476172280e-02,4.500000000000000e-04
18,-1.035796147486953e-02,-5.874291860072818e-02,4.550000000000000e-04
18,-7.416992908797401e-03,-5.918619828843130e-02,4.600000000000000e-04
18,-4.457584529716562e-03,-5.948233176168442e-02,4.650000000000000e-04
18,-1.487093893148223e-03,-5.963058278601359e-02,4.700000000000000e-04
18,1.487093893148202e-03,-5.963058278601359e-02,4.750000000000000e-04
18,4.457584529716540e-03,-5.948233176168442e-02,4.800000000000000e-04
18,7.416992908797325e-03,-5.918619828843132e-02,4.850000000000000e-04
18,1.035796147486950e-02,-5.874291860072819e-02,4.900000000000000e-04
18,1.327317851669242e-02,-5.815359476172280e-02,4.950000000000000e-04
18,1.615539634537223e-02,-5.741969192333404e-02,5.000000000000000e-04
18,1.899744931325838e-02,-5.654303468365347e-02,5.050000000000000e-04
18,2.179227162887265e-02,-5.552580255070692e-02,5.100000000000000e-04
18,2.453291492358032e-02,-5.437052452385419e-02,5.150000000000000e-04
18,2.721256552632901e-02,-5.308007280629812e-02,5.200000000000000e-04
18,2.982456140350877e-02,-5.165765566433493e-02,5.250000000000000e-04
18,3.236240872181723e-02,-5.010680945109863e-02,5.300000000000000e-04
18,3.481979799295236e-02,-4.843138981463004e-02,5.350000000000000e-04
18,3.719061975999461e-02,-4.663556211212810e-02,5.400000000000000e-04
18,3.946897978647929e-02,-4.472379105421575e-02,5.450000000000000e-04
18,4.164921371039732e-02,-4.270082960496564e-02,5.500000000000000e-04
18,4.372590112669140e-02,-4.057170716528289e-02,5.550000000000000e-04
18,4.569387906323726e-02,-3.834171706902165e-02,5.600000000000000e-04
18,4.754825481680589e-02,-3.601640342292321e-02,5.650000000000000e-04
18,4.928441811709439e-02,-3.360154732309328e-02,5.700000000000000e-04
18,5.089805258858473e-02,-3.110315248228584e-02,5.750000000000000e-04
18,5.238514648173291e-02,-2.852743030372777e-02,5.800000000000000e-04
18,5.374200264681096e-02,-2.588078443859120e-02,5.850000000000000e-04
18,5.496524772560326e-02,-2.316979486550810e-02,5.900000000000000e-04
18,5.605184053810679e-02,-2.040120153170660e-02,5.950000000000000e-04
18,5.699907964338382e-02,-1.758188759643993e-02,5.999999999999999e-04
18,5.780461005576955e-02,-1.471886231836841e-02,6.050000000000000e-04
18,5.846642909973769e-02,-1.181924362943776e-02,6.100000000000000e-04
18,5.898289138886730e-02,-8.890240438578823e-03,6.150000000000000e-04
18,5.935271291653270e-02,-5.939134709224188e-03,6.200000000000000e-04
18,5.957497424814624e-02,-2.973263355199505e-03,6.250000000000000e-04
19,6.315789473684209e-02,0.000000000000000e+00,0.000000000000000e+00
19,6.307938449803718e-02,3.148161199622978e-03,5.000000000000000e-06
19,6.284404897044639e-02,6.288495574472631e-03,1.000000000000000e-05
19,6.245247323527126e-02,9.413195758495224e-03,1.500000000000000e-05
19,6.190563081148697e-02,1.251449325469879e-02,2.000000000000000e-05
19,6.120488123552071e-02,1.558467774886065e-02,2.500000000000000e-05
19,6.035196668122993e-02,1.861611627858342e-02,3.000000000000000e-05
19,5.934900762858368e-02,2.160127221004223e-02,3.500000000000000e-05
19,5.819849759181521e-02,2.453272397524388e-02,4.000000000000000e-05
19,5.690329692015279e-02,2.740318352321420e-02,4.500000000000000e-05
19,5.546662568654075e-02,3.020551443924115e-02,5.000000000000000e-05
19,5.389205568203088e-02,3.293274968712619e-02,5.500000000000000e-05
19,5.218350153574704e-02,3.557810893033402e-02,6.000000000000000e-05
19,5.034521098250036e-02,3.813501538897752e-02,6.499999999999999e-05
19,4.838175430225124e-02,4.059711219072878e-02,6.999999999999999e-05
19,4.629801295767324e-02,4.295827817500543e-02,7.499999999999999e-05
19,4.409916745806776e-02,4.521264311114011e-02,8.000000000000001e-05
19,4.179068447980163e-02,4.735460229269899e-02,8.500000000000001e-05
19,3.937830327528843e-02,4.937883047166504e-02,9.000000000000001e-05
19,3.686802140430252e-02,5.128029509784356e-02,9.500000000000001e-05
19,3.426607982310059e-02,5.305426883057503e-02,1.000000000000000e-04
19,3.157894736842104e-02,5.469634129164875e-02,1.050000000000000e-04
19,2.881330467493661e-02,5.620243003019801e-02,1.100000000000000e-04
19,2.597602756614389e-02,5.756879067231618e-02,1.150000000000000e-04
19,2.307416995998284e-02,5.879202623016026e-02,1.200000000000000e-04
19,2.011494633168533e-02,5.986909554739779e-02,1.250000000000000e-04
19,1.710571377745296e-02,6.079732086000075e-02,1.300000000000000e-04
19,1.405395372355670e-02,6.157439445358885e-02,1.350000000000000e-04
19,1.096725332633245e-02,6.219838440077103e-02,1.400000000000000e-04
19,7.853286609314858e-03,6.266773936422138e-02,1.450000000000000e-04
19,4.719795384405750e-03,6.298129245354821e-02,1.500000000000000e-04
19,1.574570004509876e-03,6.313826412636733e-02,1.550000000000000e-04
19,-1.574570004509868e-03,6.313826412636733e-02,1.600000000000000e-04
19,-4.719795384405742e-03,6.298129245354821e-02,1.650000000000000e-04
19,-7.853286609314850e-03,6.266773936422138e-02,1.700000000000000e-04
19,-1.096725332633244e-02,6.219838440077103e-02,1.750000000000000e-04
19,-1.405395372355669e-02,6.157439445358885e-02,1.800000000000000e-04
19,-1.710571377745294e-02,6.079732086000075e-02,1.850000000000000e-04
19,-2.011494633168532e-02,5.986909554739779e-02,1.900000000000000e-04
19,-2.307416995998283e-02,5.879202623016027e-02,1.950000000000000e-04
19,-2.597602756614388e-02,5.756879067231620e-02,2.000000000000000e-04
19,-2.881330467493657e-02,5.620243003019802e-02,2.050000000000000e-04
19,-3.157894736842106e-02,5.469634129164875e-02,2.100000000000000e-04
19,-3.426607982310058e-02,5.305426883057503e-02,2.150000000000000e-04
19,-3.686802140430250e-02,5.128029509784357e-02,2.200000000000000e-04
19,-3.937830327528843e-02,4.937883047166505e-02,2.250000000000000e-04
19,-4.179068447980163e-02,4.735460229269901e-02,2.300000000000000e-04
19,-4.409916745806775e-02,4.521264311114011e-02,2.350000000000000e-04
19,-4.629801295767324e-02,4.295827817500543e-02,2.400000000000000e-04
19,-4.838175430225123e-02,4.059711219072881e-02,2.450000000000000e-04
19,-5.034521098250036e-02,3.813501538897752e-02,2.500000000000000e-04
19,-5.218350153574703e-02,3.557810893033403e-02,2.550000000000000e-04
19,-5.389205568203088e-02,3.293274968712619e-02,2.600000000000000e-04
19,-5.546662568654075e-02,3.020551443924114e-02,2.650000000000000e-04
19,-5.690329692015277e-02,2.740318352321420e-02,2.700000000000000e-04
19,-5.819849759181522e-02,2.453272397524387e-02,2.750000000000000e-04
19,-5.934900762858368e-02,2.160127221004224e-02,2.800000000000000e-04
19,-6.035196668122993e-02,1.861611627858345e-02,2.850000000000000e-04
19,-6.120488123552070e-02,1.558467774886066e-02,2.900000000000000e-04
19,-6.190563081148697e-02,1.251449325469879e-02,2.950000000000000e-04
19,-6.245247323527126e-02,9.413195758495247e-03,3.000000000000000e-04
19,-6.284404897044639e-02,6.288495574472635e-03,3.050000000000000e-04
19,-6.307938449803718e-02,3.148161199622998e-03,3.100000000000000e-04
19,-6.315789473684209e-02,7.734611363035913e-18,3.150000000000000e-04
19,-6.307938449803718e-02,-3.148161199622983e-03,3.200000000000000e-04
19,-6.284404897044639e-02,-6.288495574472619e-03,3.250000000000000e-04
19,-6.245247323527126e-02,-9.413195758495231e-03,3.300000000000000e-04
19,-6.190563081148697e-02,-1.251449325469878e-02,3.350000000000000e-04
19,-6.120488123552071e-02,-1.558467774886065e-02,3.400000000000000e-04
19,-6.035196668122993e-02,-1.861611627858341e-02,3.450000000000000e-04
19,-5.934900762858368e-02,-2.160127221004223e-02,3.500000000000000e-04
19,-5.819849759181521e-02,-2.453272397524388e-02,3.550000000000000e-04
19,-5.690329692015279e-02,-2.740318352321418e-02,3.600000000000000e-04
19,-5.546662568654075e-02,-3.020551443924113e-02,3.650000000000000e-04
19,-5.389205568203088e-02,-3.293274968712617e-02,3.700000000000000e-04
19,-5.218350153574704e-02,-3.557810893033402e-02,3.750000000000000e-04
19,-5.034521098250037e-02,-3.813501538897750e-02,3.800000000000000e-04
19,-4.838175430225124e-02,-4.059711219072878e-02,3.850000000000000e-04
19,-4.629801295767324e-02,-4.295827817500541e-02,3.900000000000000e-04
19,-4.409916745806776e-02,-4.521264311114011e-02,3.950000000000000e-04
19,-4.179068447980166e-02,-4.735460229269899e-02,4.000000000000000e-04
19,-3.937830327528843e-02,-4.937883047166503e-02,4.050000000000000e-04
19,-3.686802140430256e-02,-5.128029509784354e-02,4.100000000000000e-04
19,-3.426607982310058e-02,-5.305426883057503e-02,4.150000000000000e-04
19,-3.157894736842103e-02,-5.469634129164876e-02,4.200000000000000e-04
19,-2.881330467493661e-02,-5.620243003019800e-02,4.250000000000000e-04
19,-2.597602756614389e-02,-5.756879067231619e-02,4.300000000000000e-04
19,-2.307416995998289e-02,-5.879202623016025e-02,4.350000000000000e-04
19,-2.011494633168537e-02,-5.986909554739777e-02,4.400000000000000e-04
19,-1.710571377745292e-02,-6.079732086000077e-02,4.450000000000000e-04
19,-1.405395372355671e-02,-6.157439445358885e-02,4.500000000000000e-04
19,-1.096725332633244e-02,-6.219838440077103e-02,4.550000000000000e-04
19,-7.853286609314895e-03,-6.266773936422138e-02,4.600000000000000e-04
19,-4.719795384405772e-03,-6.298129245354821e-02,4.650000000000000e-04
19,-1.574570004509883e-03,-6.313826412636733e-02,4.700000000000000e-04
19,1.574570004509860e-03,-6.313826412636733e-02,4.750000000000000e-04
19,4.719795384405749e-03,-6.298129245354821e-02,4.800000000000000e-04
19,7.853286609314815e-03,-6.266773936422139e-02,4.850000000000000e-04
19,1.096725332633241e-02,-6.219838440077103e-02,4.900000000000000e-04
19,1.405395372355669e-02,-6.157439445358885e-02,4.950000000000000e-04
19,1.710571377745295e-02,-6.079732086000075e-02,5.000000000000000e-04
19,2.011494633168534e-02,-5.986909554739778e-02,5.050000000000000e-04
19,2.307416995998281e-02,-5.879202623016027e-02,5.100000000000000e-04
19,2.597602756614386e-02,-5.756879067231620e-02,5.150000000000000e-04
19,2.881330467493660e-02,-5.620243003019801e-02,5.200000000000000e-04
19,3.157894736842105e-02,-5.469634129164875e-02,5.250000000000000e-04
19,3.426607982310061e-02,-5.305426883057502e-02,5.300000000000000e-04
19,3.686802140430250e-02,-5.128029509784357e-02,5.350000000000000e-04
19,3.937830327528842e-02,-4.937883047166505e-02,5.400000000000000e-04
19,4.179068447980160e-02,-4.735460229269903e-02,5.450000000000000e-04
19,4.409916745806776e-02,-4.521264311114010e-02,5.500000000000000e-04
19,4.629801295767324e-02,-4.295827817500541e-02,5.550000000000000e-04
19,4.838175430225123e-02,-4.059711219072881e-02,5.600000000000000e-04
19,5.034521098250035e-02,-3.813501538897752e-02,5.650000000000000e-04
19,5.218350153574701e-02,-3.557810893033406e-02,5.700000000000000e-04
19,5.389205568203089e-02,-3.293274968712617e-02,5.750000000000000e-04
19,5.546662568654073e-02,-3.020551443924116e-02,5.800000000000000e-04
19,5.690329692015277e-02,-2.740318352321421e-02,5.850000000000000e-04
19,5.819849759181521e-02,-2.453272397524388e-02,5.900000000000000e-04
19,5.934900762858365e-02,-2.160127221004228e-02,5.950000000000000e-04
19,6.035196668122993e-02,-1.861611627858345e-02,5.999999999999999e-04
19,6.120488123552070e-02,-1.558467774886067e-02,6.050000000000000e-04
19,6.190563081148697e-02,-1.251449325469880e-02,6.100000000000000e-04
19,6.245247323527126e-02,-9.413195758495224e-03,6.150000000000000e-04
19,6.284404897044639e-02,-6.288495574472670e-03,6.200000000000000e-04
19,6.307938449803718e-02,-3.148161199623006e-03,6.250000000000000e-04
20,6.666666666666665e-02,0.000000000000000e+00,0.000000000000000e+00
20,6.658379474792814e-02,3.323059044046477e-03,5.000000000000000e-06
20,6.633538502436009e-02,6.637856439721109e-03,1.000000000000000e-05
20,6.592205508167523e-02,9.936151078411630e-03,1.500000000000000e-05
20,6.534483252323625e-02,1.320974287995984e-02,2.000000000000000e-05
20,6.460515241527186e-02,1.645049317935290e-02,2.500000000000000e-05
20,6.370485371907604e-02,1.965034496072694e-02,3.000000000000000e-05
20,6.264617471906055e-02,2.280134288837791e-02,3.500000000000000e-05
20,6.143174745802717e-02,2.589565308497965e-02,4.000000000000000e-05
20,6.006459119349460e-02,2.892558260783721e-02,4.500000000000000e-05
20,5.854810489134855e-02,3.188359857475454e-02,5.000000000000000e-05
20,5.688605877547704e-02,3.476234689196653e-02,5.500000000000000e-05
20,5.508258495439965e-02,3.755467053757480e-02,6.000000000000000e-05
20,5.314216714819483e-02,4.025362735503182e-02,6.499999999999999e-05
20,5.106962954126519e-02,4.285250731243594e-02,6.999999999999999e-05
20,4.887012478865509e-02,4.534484918472795e-02,7.499999999999999e-05
20,4.654912120573818e-02,4.772445661731455e-02,8.000000000000001e-05
20,4.411238917312395e-02,4.998541353118228e-02,8.500000000000001e-05
20,4.156598679058224e-02,5.212209883120197e-02,9.000000000000001e-05
20,3.891624481565266e-02,5.412920038105709e-02,9.500000000000001e-05
20,3.616975092438396e-02,5.600172821005142e-02,1.000000000000000e-04
20,3.333333333333333e-02,5.773502691896257e-02,1.050000000000000e-04
20,3.041404382354420e-02,5.932478725409789e-02,1.100000000000000e-04
20,2.741914020870743e-02,6.076705682077820e-02,1.150000000000000e-04
20,2.435606829109300e-02,6.205824990961361e-02,1.200000000000000e-04
20,2.123244335011229e-02,6.319515641114211e-02,1.250000000000000e-04
20,1.805603120953368e-02,6.417494979666746e-02,1.300000000000000e-04
20,1.483472893042096e-02,6.499519414545490e-02,1.350000000000000e-04
20,1.157654517779536e-02,6.565385020081387e-02,1.400000000000000e-04
20,8.289580309832352e-03,6.614928044001146e-02,1.450000000000000e-04
20,4.982006239094959e-03,6.648025314541200e-02,1.500000000000000e-04
20,1.662046115871536e-03,6.664594546672108e-02,1.550000000000000e-04
20,-1.662046115871527e-03,6.664594546672108e-02,1.600000000000000e-04
20,-4.982006239094950e-03,6.648025314541200e-02,1.650000000000000e-04
20,-8.289580309832343e-03,6.614928044001146e-02,1.700000000000000e-04
20,-1.157654517779535e-02,6.565385020081387e-02,1.750000000000000e-04
20,-1.483472893042095e-02,6.499519414545490e-02,1.800000000000000e-04
20,-1.805603120953366e-02,6.417494979666746e-02,1.850000000000000e-04
20,-2.123244335011229e-02,6.319515641114211e-02,1.900000000000000e-04
20,-2.435606829109299e-02,6.205824990961361e-02,1.950000000000000e-04
20,-2.741914020870742e-02,6.076705682077820e-02,2.000000000000000e-04
20,-3.041404382354417e-02,5.932478725409791e-02,2.050000000000000e-04
20,-3.333333333333335e-02,5.773502691896257e-02,2.100000000000000e-04
20,-3.616975092438395e-02,5.600172821005142e-02,2.150000000000000e-04
20,-3.891624481565264e-02,5.412920038105710e-02,2.200000000000000e-04
20,-4.156598679058223e-02,5.212209883120199e-02,2.250000000000000e-04
20,-4.411238917312394e-02,4.998541353118229e-02,2.300000000000000e-04
20,-4.654912120573818e-02,4.772445661731457e-02,2.350000000000000e-04
20,-4.887012478865509e-02,4.534484918472795e-02,2.400000000000000e-04
20,-5.106962954126519e-02,4.285250731243596e-02,2.450000000000000e-04
20,-5.314216714819483e-02,4.025362735503182e-02,2.500000000000000e-04
20,-5.508258495439963e-02,3.755467053757480e-02,2.550000000000000e-04
20,-5.688605877547703e-02,3.476234689196653e-02,2.600000000000000e-04
20,-5.854810489134857e-02,3.188359857475453e-02,2.650000000000000e-04
20,-6.006459119349460e-02,2.892558260783721e-02,2.700000000000000e-04
20,-6.143174745802717e-02,2.589565308497964e-02,2.750000000000000e-04
20,-6.264617471906055e-02,2.280134288837792e-02,2.800000000000000e-04
20,-6.370485371907603e-02,1.965034496072697e-02,2.850000000000000e-04
20,-6.460515241527184e-02,1.645049317935292e-02,2.900000000000000e-04
20,-6.534483252323625e-02,1.320974287995984e-02,2.950000000000000e-04
20,-6.592205508167523e-02,9.936151078411648e-03,3.000000000000000e-04
20,-6.633538502436009e-02,6.637856439721115e-03,3.050000000000000e-04
20,-6.658379474792814e-02,3.323059044046499e-03,3.100000000000000e-04
20,-6.666666666666665e-02,8.164311994315686e-18,3.150000000000000e-04
20,-6.658379474792814e-02,-3.323059044046482e-03,3.200000000000000e-04
20,-6.633538502436009e-02,-6.637856439721098e-03,3.250000000000000e-04
20,-6.592205508167523e-02,-9.936151078411630e-03,3.300000000000000e-04
20,-6.534483252323625e-02,-1.320974287995982e-02,3.350000000000000e-04
20,-6.460515241527186e-02,-1.645049317935290e-02,3.400000000000000e-04
20,-6.370485371907604e-02,-1.965034496072693e-02,3.450000000000000e-04
20,-6.264617471906055e-02,-2.280134288837791e-02,3.500000000000000e-04
20,-6.143174745802717e-02,-2.589565308497966e-02,3.550000000000000e-04
20,-6.006459119349460e-02,-2.892558260783720e-02,3.600000000000000e-04
20,-5.854810489134858e-02,-3.188359857475451e-02,3.650000000000000e-04
20,-5.688605877547704e-02,-3.476234689196652e-02,3.700000000000000e-04
20,-5.508258495439965e-02,-3.755467053757480e-02,3.750000000000000e-04
20,-5.314216714819484e-02,-4.025362735503180e-02,3.800000000000000e-04
20,-5.106962954126520e-02,-4.285250731243594e-02,3.850000000000000e-04
20,-4.887012478865509e-02,-4.534484918472794e-02,3.900000000000000e-04
20,-4.654912120573820e-02,-4.772445661731455e-02,3.950000000000000e-04
20,-4.411238917312398e-02,-4.998541353118226e-02,4.000000000000000e-04
20,-4.156598679058224e-02,-5.212209883120197e-02,4.050000000000000e-04
20,-3.891624481565270e-02,-5.412920038105706e-02,4.100000000000000e-04
20,-3.616975092438394e-02,-5.600172821005142e-02,4.150000000000000e-04
20,-3.333333333333330e-02,-5.773502691896258e-02,4.200000000000000e-04
20,-3.041404382354421e-02,-5.932478725409789e-02,4.250000000000000e-04
20,-2.741914020870743e-02,-6.076705682077820e-02,4.300000000000000e-04
20,-2.435606829109304e-02,-6.205824990961359e-02,4.350000000000000e-04
20,-2.123244335011233e-02,-6.319515641114209e-02,4.400000000000000e-04
20,-1.805603120953364e-02,-6.417494979666748e-02,4.450000000000000e-04
20,-1.483472893042097e-02,-6.499519414545490e-02,4.500000000000000e-04
20,-1.157654517779535e-02,-6.565385020081387e-02,4.550000000000000e-04
20,-8.289580309832392e-03,-6.614928044001145e-02,4.600000000000000e-04
20,-4.982006239094981e-03,-6.648025314541200e-02,4.650000000000000e-04
20,-1.662046115871544e-03,-6.664594546672108e-02,4.700000000000000e-04
20,1.662046115871519e-03,-6.664594546672108e-02,4.750000000000000e-04
20,4.982006239094957e-03,-6.648025314541200e-02,4.800000000000000e-04
20,8.289580309832303e-03,-6.614928044001146e-02,4.850000000000000e-04
20,1.157654517779533e-02,-6.565385020081387e-02,4.900000000000000e-04
20,1.483472893042095e-02,-6.499519414545490e-02,4.950000000000000e-04
20,1.805603120953367e-02,-6.417494979666746e-02,5.000000000000000e-04
20,2.123244335011230e-02,-6.319515641114209e-02,5.050000000000000e-04
20,2.435606829109297e-02,-6.205824990961362e-02,5.100000000000000e-04
20,2.741914020870741e-02,-6.076705682077820e-02,5.150000000000000e-04
20,3.041404382354419e-02,-5.932478725409791e-02,5.200000000000000e-04
20,3.333333333333333e-02,-5.773502691896257e-02,5.250000000000000e-04
20,3.616975092438397e-02,-5.600172821005141e-02,5.300000000000000e-04
20,3.891624481565263e-02,-5.412920038105710e-02,5.350000000000000e-04
20,4.156598679058222e-02,-5.212209883120199e-02,5.400000000000000e-04
20,4.411238917312391e-02,-4.998541353118231e-02,5.450000000000000e-04
20,4.654912120573820e-02,-4.772445661731455e-02,5.500000000000000e-04
20,4.887012478865510e-02,-4.534484918472794e-02,5.550000000000000e-04
20,5.106962954126518e-02,-4.285250731243597e-02,5.600000000000000e-04
20,5.314216714819481e-02,-4.025362735503183e-02,5.650000000000000e-04
20,5.508258495439963e-02,-3.755467053757484e-02,5.700000000000000e-04
20,5.688605877547705e-02,-3.476234689196652e-02,5.750000000000000e-04
20,5.854810489134855e-02,-3.188359857475456e-02,5.800000000000000e-04
20,6.006459119349460e-02,-2.892558260783721e-02,5.850000000000000e-04
20,6.143174745802717e-02,-2.589565308497965e-02,5.900000000000000e-04
20,6.264617471906053e-02,-2.280134288837796e-02,5.950000000000000e-04
20,6.370485371907603e-02,-1.965034496072697e-02,5.999999999999999e-04
20,6.460515241527184e-02,-1.645049317935293e-02,6.050000000000000e-04
20,6.534483252323625e-02,-1.320974287995985e-02,6.100000000000000e-04
20,6.592205508167523e-02,-9.936151078411623e-03,6.150000000000000e-04
20,6.633538502436008e-02,-6.637856439721151e-03,6.200000000000000e-04
20,6.658379474792814e-02,-3.323059044046506e-03,6.250000000000000e-04
