TR,Kx,Ky,time
1,0.000000000000000e+00,0.000000000000000e+00,0.000000000000000e+00
1,0.000000000000000e+00,0.000000000000000e+00,5.000000000000000e-06
1,0.000000000000000e+00,0.000000000000000e+00,1.000000000000000e-05
1,0.000000000000000e+00,0.000000000000000e+00,1.500000000000000e-05
1,0.000000000000000e+00,0.000000000000000e+00,2.000000000000000e-05
1,0.000000000000000e+00,0.000000000000000e+00,2.500000000000000e-05
1,0.000000000000000e+00,0.000000000000000e+00,3.000000000000000e-05
1,0.000000000000000e+00,0.000000000000000e+00,3.500000000000000e-05
1,0.000000000000000e+00,0.000000000000000e+00,4.000000000000000e-05
1,0.000000000000000e+00,0.000000000000000e+00,4.500000000000000e-05
1,0.000000000000000e+00,0.000000000000000e+00,5.000000000000000e-05
1,0.000000000000000e+00,0.000000000000000e+00,5.500000000000000e-05
1,0.000000000000000e+00,0.000000000000000e+00,6.000000000000001e-05
1,0.000000000000000e+00,0.000000000000000e+00,6.500000000000001e-05
1,0.000000000000000e+00,0.000000000000000e+00,7.000000000000001e-05
1,0.000000000000000e+00,0.000000000000000e+00,7.500000000000001e-05
1,0.000000000000000e+00,0.000000000000000e+00,8.000000000000001e-05
1,0.000000000000000e+00,0.000000000000000e+00,8.500000000000001e-05
1,0.000000000000000e+00,0.000000000000000e+00,9.000000000000001e-05
1,0.000000000000000e+00,0.000000000000000e+00,9.500000000000001e-05
1,0.000000000000000e+00,0.000000000000000e+00,1.000000000000000e-04
1,0.000000000000000e+00,0.000000000000000e+00,1.050000000000000e-04
1,0.000000000000000e+00,0.000000000000000e+00,1.100000000000000e-04
1,0.000000000000000e+00,0.000000000000000e+00,1.150000000000000e-04
1,0.000000000000000e+00,0.000000000000000e+00,1.200000000000000e-04
1,0.000000000000000e+00,0.000000000000000e+00,1.250000000000000e-04
1,0.000000000000000e+00,0.000000000000000e+00,1.300000000000000e-04
1,0.000000000000000e+00,0.000000000000000e+00,1.350000000000000e-04
1,0.000000000000000e+00,0.000000000000000e+00,1.400000000000000e-04
1,0.000000000000000e+00,0.000000000000000e+00,1.450000000000000e-04
1,0.000000000000000e+00,0.000000000000000e+00,1.500000000000000e-04
1,0.000000000000000e+00,0.000000000000000e+00,1.550000000000000e-04
1,0.000000000000000e+00,0.000000000000000e+00,1.600000000000000e-04
1,0.000000000000000e+00,0.000000000000000e+00,1.650000000000000e-04
1,0.000000000000000e+00,0.000000000000000e+00,1.700000000000000e-04
1,0.000000000000000e+00,0.000000000000000e+00,1.750000000000000e-04
1,0.000000000000000e+00,0.000000000000000e+00,1.800000000000000e-04
1,0.000000000000000e+00,0.000000000000000e+00,1.850000000000000e-04
1,0.000000000000000e+00,0.000000000000000e+00,1.900000000000000e-04
1,0.000000000000000e+00,0.000000000000000e+00,1.950000000000000e-04
1,0.000000000000000e+00,0.000000000000000e+00,2.000000000000000e-04
1,0.000000000000000e+00,0.000000000000000e+00,2.050000000000000e-04
1,0.000000000000000e+00,0.000000000000000e+00,2.100000000000000e-04
1,0.000000000000000e+00,0.000000000000000e+00,2.150000000000000e-04
1,0.000000000000000e+00,0.000000000000000e+00,2.200000000000000e-04
1,0.000000000000000e+00,0.000000000000000e+00,2.250000000000000e-04
1,0.000000000000000e+00,0.000000000000000e+00,2.300000000000000e-04
1,0.000000000000000e+00,0.000000000000000e+00,2.350000000000000e-04
1,0.000000000000000e+00,0.000000000000000e+00,2.400000000000000e-04
1,0.000000000000000e+00,0.000000000000000e+00,2.450000000000000e-04
1,0.000000000000000e+00,0.000000000000000e+00,2.500000000000000e-04
1,0.000000000000000e+00,0.000000000000000e+00,2.550000000000000e-04
1,0.000000000000000e+00,0.000000000000000e+00,2.600000000000000e-04
1,0.000000000000000e+00,0.000000000000000e+00,2.650000000000000e-04
1,0.000000000000000e+00,0.000000000000000e+00,2.700000000000000e-04
1,0.000000000000000e+00,0.000000000000000e+00,2.750000000000000e-04
1,0.000000000000000e+00,0.000000000000000e+00,2.800000000000000e-04
1,0.000000000000000e+00,0.000000000000000e+00,2.850000000000000e-04
1,0.000000000000000e+00,0.000000000000000e+00,2.900000000000000e-04
1,0.000000000000000e+00,0.000000000000000e+00,2.950000000000000e-04
1,0.000000000000000e+00,0.000000000000000e+00,3.000000000000000e-04
1,0.000000000000000e+00,0.000000000000000e+00,3.050000000000000e-04
1,0.000000000000000e+00,0.000000000000000e+00,3.100000000000000e-04
1,0.000000000000000e+00,0.000000000000000e+00,3.150000000000000e-04
1,0.000000000000000e+00,0.000000000000000e+00,3.200000000000000e-04
1,0.000000000000000e+00,0.000000000000000e+00,3.250000000000000e-04
1,0.000000000000000e+00,0.000000000000000e+00,3.300000000000001e-04
1,0.000000000000000e+00,0.000000000000000e+00,3.350000000000000e-04
1,0.000000000000000e+00,0.000000000000000e+00,3.400000000000000e-04
1,0.000000000000000e+00,0.000000000000000e+00,3.450000000000000e-04
1,0.000000000000000e+00,0.000000000000000e+00,3.500000000000001e-04
1,0.000000000000000e+00,0.000000000000000e+00,3.550000000000000e-04
1,0.000000000000000e+00,0.000000000000000e+00,3.600000000000000e-04
1,0.000000000000000e+00,0.000000000000000e+00,3.650000000000000e-04
1,0.000000000000000e+00,0.000000000000000e+00,3.700000000000000e-04
1,0.000000000000000e+00,0.000000000000000e+00,3.750000000000000e-04
1,0.000000000000000e+00,0.000000000000000e+00,3.800000000000000e-04
1,0.000000000000000e+00,0.000000000000000e+00,3.850000000000000e-04
1,0.000000000000000e+00,0.000000000000000e+00,3.900000000000000e-04
1,0.000000000000000e+00,0.000000000000000e+00,3.950000000000000e-04
1,0.000000000000000e+00,0.000000000000000e+00,4.000000000000000e-04
1,0.000000000000000e+00,0.000000000000000e+00,4.050000000000000e-04
1,0.000000000000000e+00,0.000000000000000e+00,4.100000000000000e-04
1,0.000000000000000e+00,0.000000000000000e+00,4.150000000000001e-04
1,0.000000000000000e+00,0.000000000000000e+00,4.200000000000000e-04
1,0.000000000000000e+00,0.000000000000000e+00,4.250000000000000e-04
1,0.000000000000000e+00,0.000000000000000e+00,4.300000000000000e-04
1,0.000000000000000e+00,0.000000000000000e+00,4.350000000000001e-04
1,0.000000000000000e+00,0.000000000000000e+00,4.400000000000000e-04
1,0.000000000000000e+00,0.000000000000000e+00,4.450000000000000e-04
1,0.000000000000000e+00,0.000000000000000e+00,4.500000000000000e-04
1,0.000000000000000e+00,0.000000000000000e+00,4.550000000000001e-04
1,0.000000000000000e+00,0.000000000000000e+00,4.600000000000000e-04
1,0.000000000000000e+00,0.000000000000000e+00,4.650000000000000e-04
1,0.000000000000000e+00,0.000000000000000e+00,4.700000000000000e-04
1,0.000000000000000e+00,0.000000000000000e+00,4.750000000000001e-04
1,0.000000000000000e+00,0.000000000000000e+00,4.800000000000001e-04
1,0.000000000000000e+00,0.000000000000000e+00,4.850000000000000e-04
1,0.000000000000000e+00,0.000000000000000e+00,4.900000000000001e-04
1,0.000000000000000e+00,0.000000000000000e+00,4.950000000000000e-04
1,0.000000000000000e+00,0.000000000000000e+00,5.000000000000000e-04
1,0.000000000000000e+00,0.000000000000000e+00,5.050000000000000e-04
1,0.000000000000000e+00,0.000000000000000e+00,5.100000000000000e-04
1,0.000000000000000e+00,0.000000000000000e+00,5.150000000000000e-04
1,0.000000000000000e+00,0.000000000000000e+00,5.200000000000001e-04
1,0.000000000000000e+00,0.000000000000000e+00,5.250000000000001e-04
1,0.000000000000000e+00,0.000000000000000e+00,5.300000000000001e-04
1,0.000000000000000e+00,0.000000000000000e+00,5.350000000000000e-04
1,0.000000000000000e+00,0.000000000000000e+00,5.400000000000000e-04
1,0.000000000000000e+00,0.000000000000000e+00,5.450000000000000e-04
1,0.000000000000000e+00,0.000000000000000e+00,5.500000000000000e-04
1,0.000000000000000e+00,0.000000000000000e+00,5.550000000000000e-04
1,0.000000000000000e+00,0.000000000000000e+00,5.600000000000001e-04
1,0.000000000000000e+00,0.000000000000000e+00,5.650000000000001e-04
1,0.000000000000000e+00,0.000000000000000e+00,5.700000000000001e-04
1,0.000000000000000e+00,0.000000000000000e+00,5.750000000000001e-04
1,0.000000000000000e+00,0.000000000000000e+00,5.800000000000000e-04
1,0.000000000000000e+00,0.000000000000000e+00,5.850000000000000e-04
1,0.000000000000000e+00,0.000000000000000e+00,5.900000000000000e-04
1,0.000000000000000e+00,0.000000000000000e+00,5.950000000000000e-04
1,0.000000000000000e+00,0.000000000000000e+00,6.000000000000001e-04
1,0.000000000000000e+00,0.000000000000000e+00,6.050000000000001e-04
1,0.000000000000000e+00,0.000000000000000e+00,6.100000000000001e-04
1,0.000000000000000e+00,0.000000000000000e+00,6.150000000000001e-04
1,0.000000000000000e+00,0.000000000000000e+00,6.200000000000000e-04
1,0.000000000000000e+00,0.000000000000000e+00,6.250000000000000e-04
2,0.000000000000000e+00,4.444444444444444e-03,0.000000000000000e+00
2,-2.215372696030981e-04,4.438919649861877e-03,5.000000000000000e-06
2,-4.425237626480735e-04,4.422359001624006e-03,1.000000000000000e-05
2,-6.624100718941081e-04,4.394803672111682e-03,1.500000000000000e-05
2,-8.806495253306551e-04,4.356322168215751e-03,2.000000000000000e-05
2,-1.096699545290194e-03,4.307010161018124e-03,2.500000000000000e-05
2,-1.310022997381796e-03,4.246990247938403e-03,3.000000000000000e-05
2,-1.520089525891861e-03,4.176411647937371e-03,3.500000000000000e-05
2,-1.726376872331976e-03,4.095449830535145e-03,4.000000000000000e-05
2,-1.928372173855814e-03,4.004306079566308e-03,4.500000000000000e-05
2,-2.125573238316970e-03,3.903206992756571e-03,5.000000000000000e-05
2,-2.317489792797769e-03,3.792403918365137e-03,5.500000000000000e-05
2,-2.503644702504987e-03,3.672172330293310e-03,6.000000000000001e-05
2,-2.683575157002121e-03,3.542811143212990e-03,6.500000000000001e-05
2,-2.856833820829064e-03,3.404641969417680e-03,7.000000000000001e-05
2,-3.022989945648530e-03,3.258008319243673e-03,7.500000000000001e-05
2,-3.181630441154304e-03,3.103274747049212e-03,8.000000000000001e-05
2,-3.332360902078818e-03,2.940825944874932e-03,8.500000000000001e-05
2,-3.474806588746799e-03,2.771065786038816e-03,9.000000000000001e-05
2,-3.608613358737140e-03,2.594416321043510e-03,9.500000000000001e-05
2,-3.733448547336762e-03,2.411316728292265e-03,1.000000000000000e-04
2,-3.849001794597505e-03,2.222222222222222e-03,1.050000000000000e-04
2,-3.954985816939860e-03,2.027602921569614e-03,1.100000000000000e-04
2,-4.051137121385214e-03,1.827942680580496e-03,1.150000000000000e-04
2,-4.137216660640908e-03,1.623737886072866e-03,1.200000000000000e-04
2,-4.213010427409474e-03,1.415496223340820e-03,1.250000000000000e-04
2,-4.278329986444498e-03,1.203735413968913e-03,1.300000000000000e-04
2,-4.333012943030327e-03,9.889819286947310e-04,1.350000000000000e-04
2,-4.376923346720924e-03,7.717696785196901e-04,1.400000000000000e-04
2,-4.409952029334098e-03,5.526386873221570e-04,1.450000000000000e-04
2,-4.432016876360800e-03,3.321337492729985e-04,1.500000000000000e-04
2,-4.443063031114739e-03,1.108030743914360e-04,1.550000000000000e-04
2,-4.443063031114739e-03,-1.108030743914349e-04,1.600000000000000e-04
2,-4.432016876360800e-03,-3.321337492729974e-04,1.650000000000000e-04
2,-4.409952029334098e-03,-5.526386873221559e-04,1.700000000000000e-04
2,-4.376923346720925e-03,-7.717696785196890e-04,1.750000000000000e-04
2,-4.333012943030327e-03,-9.889819286947302e-04,1.800000000000000e-04
2,-4.278329986444498e-03,-1.203735413968912e-03,1.850000000000000e-04
2,-4.213010427409475e-03,-1.415496223340819e-03,1.900000000000000e-04
2,-4.137216660640909e-03,-1.623737886072865e-03,1.950000000000000e-04
2,-4.051137121385214e-03,-1.827942680580495e-03,2.000000000000000e-04
2,-3.954985816939862e-03,-2.027602921569611e-03,2.050000000000000e-04
2,-3.849001794597505e-03,-2.222222222222223e-03,2.100000000000000e-04
2,-3.733448547336762e-03,-2.411316728292263e-03,2.150000000000000e-04
2,-3.608613358737141e-03,-2.594416321043509e-03,2.200000000000000e-04
2,-3.474806588746800e-03,-2.771065786038815e-03,2.250000000000000e-04
2,-3.332360902078820e-03,-2.940825944874930e-03,2.300000000000000e-04
2,-3.181630441154305e-03,-3.103274747049212e-03,2.350000000000000e-04
2,-3.022989945648531e-03,-3.258008319243672e-03,2.400000000000000e-04
2,-2.856833820829064e-03,-3.404641969417680e-03,2.450000000000000e-04
2,-2.683575157002121e-03,-3.542811143212988e-03,2.500000000000000e-04
2,-2.503644702504989e-03,-3.672172330293309e-03,2.550000000000000e-04
2,-2.317489792797771e-03,-3.792403918365135e-03,2.600000000000000e-04
2,-2.125573238316971e-03,-3.903206992756570e-03,2.650000000000000e-04
2,-1.928372173855815e-03,-4.004306079566307e-03,2.700000000000000e-04
2,-1.726376872331976e-03,-4.095449830535145e-03,2.750000000000000e-04
2,-1.520089525891860e-03,-4.176411647937371e-03,2.800000000000000e-04
2,-1.310022997381799e-03,-4.246990247938402e-03,2.850000000000000e-04
2,-1.096699545290195e-03,-4.307010161018124e-03,2.900000000000000e-04
2,-8.806495253306563e-04,-4.356322168215751e-03,2.950000000000000e-04
2,-6.624100718941121e-04,-4.394803672111681e-03,3.000000000000000e-04
2,-4.425237626480766e-04,-4.422359001624005e-03,3.050000000000000e-04
2,-2.215372696031002e-04,-4.438919649861877e-03,3.100000000000000e-04
2,-8.164311994315688e-19,-4.444444444444444e-03,3.150000000000000e-04
2,2.215372696030986e-04,-4.438919649861877e-03,3.200000000000000e-04
2,4.425237626480750e-04,-4.422359001624006e-03,3.250000000000000e-04
2,6.624100718941103e-04,-4.394803672111682e-03,3.300000000000001e-04
2,8.806495253306547e-04,-4.356322168215751e-03,3.350000000000000e-04
2,1.096699545290193e-03,-4.307010161018124e-03,3.400000000000000e-04
2,1.310022997381793e-03,-4.246990247938404e-03,3.450000000000000e-04
2,1.520089525891859e-03,-4.176411647937371e-03,3.500000000000001e-04
2,1.726376872331975e-03,-4.095449830535146e-03,3.550000000000000e-04
2,1.928372173855813e-03,-4.004306079566308e-03,3.600000000000000e-04
2,2.125573238316970e-03,-3.903206992756571e-03,3.650000000000000e-04
2,2.317489792797770e-03,-3.792403918365136e-03,3.700000000000000e-04
2,2.503644702504988e-03,-3.672172330293310e-03,3.750000000000000e-04
2,2.683575157002121e-03,-3.542811143212990e-03,3.800000000000000e-04
2,2.856833820829063e-03,-3.404641969417681e-03,3.850000000000000e-04
2,3.022989945648528e-03,-3.258008319243675e-03,3.900000000000000e-04
2,3.181630441154302e-03,-3.103274747049215e-03,3.950000000000000e-04
2,3.332360902078817e-03,-2.940825944874932e-03,4.000000000000000e-04
2,3.474806588746799e-03,-2.771065786038817e-03,4.050000000000000e-04
2,3.608613358737138e-03,-2.594416321043514e-03,4.100000000000000e-04
2,3.733448547336762e-03,-2.411316728292263e-03,4.150000000000001e-04
2,3.849001794597506e-03,-2.222222222222221e-03,4.200000000000000e-04
2,3.954985816939860e-03,-2.027602921569614e-03,4.250000000000000e-04
2,4.051137121385214e-03,-1.827942680580496e-03,4.300000000000000e-04
2,4.137216660640907e-03,-1.623737886072870e-03,4.350000000000001e-04
2,4.213010427409474e-03,-1.415496223340822e-03,4.400000000000000e-04
2,4.278329986444499e-03,-1.203735413968910e-03,4.450000000000000e-04
2,4.333012943030326e-03,-9.889819286947317e-04,4.500000000000000e-04
2,4.376923346720924e-03,-7.717696785196906e-04,4.550000000000001e-04
2,4.409952029334098e-03,-5.526386873221595e-04,4.600000000000000e-04
2,4.432016876360800e-03,-3.321337492729991e-04,4.650000000000000e-04
2,4.443063031114739e-03,-1.108030743914365e-04,4.700000000000000e-04
2,4.443063031114739e-03,1.108030743914344e-04,4.750000000000001e-04
2,4.432016876360800e-03,3.321337492729969e-04,4.800000000000001e-04
2,4.409952029334098e-03,5.526386873221534e-04,4.850000000000000e-04
2,4.376923346720925e-03,7.717696785196885e-04,4.900000000000001e-04
2,4.333012943030327e-03,9.889819286947297e-04,4.950000000000000e-04
2,4.278329986444498e-03,1.203735413968911e-03,5.000000000000000e-04
2,4.213010427409474e-03,1.415496223340820e-03,5.050000000000000e-04
2,4.137216660640909e-03,1.623737886072864e-03,5.100000000000000e-04
2,4.051137121385214e-03,1.827942680580494e-03,5.150000000000000e-04
2,3.954985816939861e-03,2.027602921569613e-03,5.200000000000001e-04
2,3.849001794597505e-03,2.222222222222222e-03,5.250000000000001e-04
2,3.733448547336761e-03,2.411316728292265e-03,5.300000000000001e-04
2,3.608613358737141e-03,2.594416321043509e-03,5.350000000000000e-04
2,3.474806588746800e-03,2.771065786038815e-03,5.400000000000000e-04
2,3.332360902078821e-03,2.940825944874928e-03,5.450000000000000e-04
2,3.181630441154304e-03,3.103274747049213e-03,5.500000000000000e-04
2,3.022989945648529e-03,3.258008319243674e-03,5.550000000000000e-04
2,2.856833820829065e-03,3.404641969417679e-03,5.600000000000001e-04
2,2.683575157002122e-03,3.542811143212988e-03,5.650000000000001e-04
2,2.503644702504990e-03,3.672172330293308e-03,5.700000000000001e-04
2,2.317489792797768e-03,3.792403918365137e-03,5.750000000000001e-04
2,2.125573238316972e-03,3.903206992756570e-03,5.800000000000000e-04
2,1.928372173855815e-03,4.004306079566307e-03,5.850000000000000e-04
2,1.726376872331977e-03,4.095449830535145e-03,5.900000000000000e-04
2,1.520089525891864e-03,4.176411647937369e-03,5.950000000000000e-04
2,1.310022997381799e-03,4.246990247938402e-03,6.000000000000001e-04
2,1.096699545290196e-03,4.307010161018124e-03,6.050000000000001e-04
2,8.806495253306567e-04,4.356322168215751e-03,6.100000000000001e-04
2,6.624100718941086e-04,4.394803672111682e-03,6.150000000000001e-04
2,4.425237626480771e-04,4.422359001624005e-03,6.200000000000000e-04
2,2.215372696031007e-04,4.438919649861877e-03,6.250000000000000e-04
3,0.000000000000000e+00,8.888888888888889e-03,0.000000000000000e+00
3,-4.430745392061962e-04,8.877839299723755e-03,5.000000000000000e-06
3,-8.850475252961470e-04,8.844718003248013e-03,1.000000000000000e-05
3,-1.324820143788216e-03,8.789607344223365e-03,1.500000000000000e-05
3,-1.761299050661310e-03,8.712644336431501e-03,2.000000000000000e-05
3,-2.193399090580388e-03,8.614020322036248e-03,2.500000000000000e-05
3,-2.620045994763593e-03,8.493980495876807e-03,3.000000000000000e-05
3,-3.040179051783722e-03,8.352823295874742e-03,3.500000000000000e-05
3,-3.452753744663953e-03,8.190899661070290e-03,4.000000000000000e-05
3,-3.856744347711627e-03,8.008612159132615e-03,4.500000000000000e-05
3,-4.251146476633941e-03,7.806413985513141e-03,5.000000000000000e-05
3,-4.634979585595538e-03,7.584807836730273e-03,5.500000000000000e-05
3,-5.007289405009974e-03,7.344344660586620e-03,6.000000000000001e-05
3,-5.367150314004242e-03,7.085622286425979e-03,6.500000000000001e-05
3,-5.713667641658128e-03,6.809283938835360e-03,7.000000000000001e-05
3,-6.045979891297060e-03,6.516016638487346e-03,7.500000000000001e-05
3,-6.363260882308608e-03,6.206549494098425e-03,8.000000000000001e-05
3,-6.664721804157636e-03,5.881651889749863e-03,8.500000000000001e-05
3,-6.949613177493598e-03,5.542131572077632e-03,9.000000000000001e-05
3,-7.217226717474280e-03,5.188832642087020e-03,9.500000000000001e-05
3,-7.466897094673523e-03,4.822633456584530e-03,1.000000000000000e-04
3,-7.698003589195011e-03,4.444444444444444e-03,1.050000000000000e-04
3,-7.909971633879720e-03,4.055205843139228e-03,1.100000000000000e-04
3,-8.102274242770428e-03,3.655885361160992e-03,1.150000000000000e-04
3,-8.274433321281817e-03,3.247475772145732e-03,1.200000000000000e-04
3,-8.426020854818948e-03,2.830992446681640e-03,1.250000000000000e-04
3,-8.556659972888996e-03,2.407470827937826e-03,1.300000000000000e-04
3,-8.666025886060654e-03,1.977963857389462e-03,1.350000000000000e-04
3,-8.753846693441848e-03,1.543539357039380e-03,1.400000000000000e-04
3,-8.819904058668197e-03,1.105277374644314e-03,1.450000000000000e-04
3,-8.864033752721601e-03,6.642674985459971e-04,1.500000000000000e-04
3,-8.886126062229478e-03,2.216061487828720e-04,1.550000000000000e-04
3,-8.886126062229478e-03,-2.216061487828698e-04,1.600000000000000e-04
3,-8.864033752721601e-03,-6.642674985459948e-04,1.650000000000000e-04
3,-8.819904058668197e-03,-1.105277374644312e-03,1.700000000000000e-04
3,-8.753846693441850e-03,-1.543539357039378e-03,1.750000000000000e-04
3,-8.666025886060654e-03,-1.977963857389460e-03,1.800000000000000e-04
3,-8.556659972888996e-03,-2.407470827937824e-03,1.850000000000000e-04
3,-8.426020854818949e-03,-2.830992446681638e-03,1.900000000000000e-04
3,-8.274433321281818e-03,-3.247475772145730e-03,1.950000000000000e-04
3,-8.102274242770428e-03,-3.655885361160990e-03,2.000000000000000e-04
3,-7.909971633879723e-03,-4.055205843139223e-03,2.050000000000000e-04
3,-7.698003589195010e-03,-4.444444444444445e-03,2.100000000000000e-04
3,-7.466897094673524e-03,-4.822633456584527e-03,2.150000000000000e-04
3,-7.217226717474282e-03,-5.188832642087019e-03,2.200000000000000e-04
3,-6.949613177493599e-03,-5.542131572077630e-03,2.250000000000000e-04
3,-6.664721804157639e-03,-5.881651889749860e-03,2.300000000000000e-04
3,-6.363260882308610e-03,-6.206549494098423e-03,2.350000000000000e-04
3,-6.045979891297061e-03,-6.516016638487345e-03,2.400000000000000e-04
3,-5.713667641658129e-03,-6.809283938835359e-03,2.450000000000000e-04
3,-5.367150314004243e-03,-7.085622286425976e-03,2.500000000000000e-04
3,-5.007289405009979e-03,-7.344344660586618e-03,2.550000000000000e-04
3,-4.634979585595543e-03,-7.584807836730270e-03,2.600000000000000e-04
3,-4.251146476633942e-03,-7.806413985513141e-03,2.650000000000000e-04
3,-3.856744347711629e-03,-8.008612159132613e-03,2.700000000000000e-04
3,-3.452753744663953e-03,-8.190899661070290e-03,2.750000000000000e-04
3,-3.040179051783721e-03,-8.352823295874742e-03,2.800000000000000e-04
3,-2.620045994763597e-03,-8.493980495876805e-03,2.850000000000000e-04
3,-2.193399090580390e-03,-8.614020322036248e-03,2.900000000000000e-04
3,-1.761299050661313e-03,-8.712644336431501e-03,2.950000000000000e-04
3,-1.324820143788224e-03,-8.789607344223363e-03,3.000000000000000e-04
3,-8.850475252961532e-04,-8.844718003248011e-03,3.050000000000000e-04
3,-4.430745392062004e-04,-8.877839299723755e-03,3.100000000000000e-04
3,-1.632862398863138e-18,-8.888888888888889e-03,3.150000000000000e-04
3,4.430745392061971e-04,-8.877839299723755e-03,3.200000000000000e-04
3,8.850475252961499e-04,-8.844718003248013e-03,3.250000000000000e-04
3,1.324820143788221e-03,-8.789607344223365e-03,3.300000000000001e-04
3,1.761299050661309e-03,-8.712644336431501e-03,3.350000000000000e-04
3,2.193399090580387e-03,-8.614020322036248e-03,3.400000000000000e-04
3,2.620045994763587e-03,-8.493980495876808e-03,3.450000000000000e-04
3,3.040179051783717e-03,-8.352823295874742e-03,3.500000000000001e-04
3,3.452753744663950e-03,-8.190899661070292e-03,3.550000000000000e-04
3,3.856744347711626e-03,-8.008612159132615e-03,3.600000000000000e-04
3,4.251146476633940e-03,-7.806413985513142e-03,3.650000000000000e-04
3,4.634979585595540e-03,-7.584807836730272e-03,3.700000000000000e-04
3,5.007289405009977e-03,-7.344344660586619e-03,3.750000000000000e-04
3,5.367150314004241e-03,-7.085622286425979e-03,3.800000000000000e-04
3,5.713667641658126e-03,-6.809283938835361e-03,3.850000000000000e-04
3,6.045979891297056e-03,-6.516016638487350e-03,3.900000000000000e-04
3,6.363260882308605e-03,-6.206549494098429e-03,3.950000000000000e-04
3,6.664721804157635e-03,-5.881651889749864e-03,4.000000000000000e-04
3,6.949613177493597e-03,-5.542131572077633e-03,4.050000000000000e-04
3,7.217226717474276e-03,-5.188832642087028e-03,4.100000000000000e-04
3,7.466897094673524e-03,-4.822633456584526e-03,4.150000000000001e-04
3,7.698003589195011e-03,-4.444444444444442e-03,4.200000000000000e-04
3,7.909971633879720e-03,-4.055205843139229e-03,4.250000000000000e-04
3,8.102274242770428e-03,-3.655885361160993e-03,4.300000000000000e-04
3,8.274433321281813e-03,-3.247475772145740e-03,4.350000000000001e-04
3,8.426020854818948e-03,-2.830992446681645e-03,4.400000000000000e-04
3,8.556659972888998e-03,-2.407470827937819e-03,4.450000000000000e-04
3,8.666025886060653e-03,-1.977963857389463e-03,4.500000000000000e-04
3,8.753846693441848e-03,-1.543539357039381e-03,4.550000000000001e-04
3,8.819904058668195e-03,-1.105277374644319e-03,4.600000000000000e-04
3,8.864033752721601e-03,-6.642674985459982e-04,4.650000000000000e-04
3,8.886126062229478e-03,-2.216061487828730e-04,4.700000000000000e-04
3,8.886126062229478e-03,2.216061487828687e-04,4.750000000000001e-04
3,8.864033752721601e-03,6.642674985459937e-04,4.800000000000001e-04
3,8.819904058668197e-03,1.105277374644307e-03,4.850000000000000e-04
3,8.753846693441850e-03,1.543539357039377e-03,4.900000000000001e-04
3,8.666025886060654e-03,1.977963857389459e-03,4.950000000000000e-04
3,8.556659972888996e-03,2.407470827937823e-03,5.000000000000000e-04
3,8.426020854818948e-03,2.830992446681641e-03,5.050000000000000e-04
3,8.274433321281818e-03,3.247475772145729e-03,5.100000000000000e-04
3,8.102274242770428e-03,3.655885361160989e-03,5.150000000000000e-04
3,7.909971633879721e-03,4.055205843139225e-03,5.200000000000001e-04
3,7.698003589195010e-03,4.444444444444444e-03,5.250000000000001e-04
3,7.466897094673523e-03,4.822633456584530e-03,5.300000000000001e-04
3,7.217226717474282e-03,5.188832642087018e-03,5.350000000000000e-04
3,6.949613177493600e-03,5.542131572077630e-03,5.400000000000000e-04
3,6.664721804157643e-03,5.881651889749855e-03,5.450000000000000e-04
3,6.363260882308607e-03,6.206549494098427e-03,5.500000000000000e-04
3,6.045979891297059e-03,6.516016638487348e-03,5.550000000000000e-04
3,5.713667641658130e-03,6.809283938835358e-03,5.600000000000001e-04
3,5.367150314004245e-03,7.085622286425976e-03,5.650000000000001e-04
3,5.007289405009980e-03,7.344344660586617e-03,5.700000000000001e-04
3,4.634979585595536e-03,7.584807836730273e-03,5.750000000000001e-04
3,4.251146476633943e-03,7.806413985513141e-03,5.800000000000000e-04
3,3.856744347711630e-03,8.008612159132613e-03,5.850000000000000e-04
3,3.452753744663954e-03,8.190899661070290e-03,5.900000000000000e-04
3,3.040179051783729e-03,8.352823295874738e-03,5.950000000000000e-04
3,2.620045994763598e-03,8.493980495876805e-03,6.000000000000001e-04
3,2.193399090580391e-03,8.614020322036248e-03,6.050000000000001e-04
3,1.761299050661313e-03,8.712644336431501e-03,6.100000000000001e-04
3,1.324820143788217e-03,8.789607344223365e-03,6.150000000000001e-04
3,8.850475252961543e-04,8.844718003248011e-03,6.200000000000000e-04
3,4.430745392062015e-04,8.877839299723755e-03,6.250000000000000e-04
4,0.000000000000000e+00,1.333333333333333e-02,0.000000000000000e+00
4,-6.646118088092943e-04,1.331675894958563e-02,5.000000000000000e-06
4,-1.327571287944221e-03,1.326707700487202e-02,1.000000000000000e-05
4,-1.987230215682324e-03,1.318441101633505e-02,1.500000000000000e-05
4,-2.641948575991966e-03,1.306896650464725e-02,2.000000000000000e-05
4,-3.290098635870583e-03,1.292103048305437e-02,2.500000000000000e-05
4,-3.930068992145389e-03,1.274097074381521e-02,3.000000000000000e-05
4,-4.560268577675583e-03,1.252923494381211e-02,3.500000000000000e-05
4,-5.179130616995930e-03,1.228634949160544e-02,4.000000000000000e-05
4,-5.785116521567441e-03,1.201291823869892e-02,4.500000000000000e-05
4,-6.376719714950911e-03,1.170962097826971e-02,5.000000000000000e-05
4,-6.952469378393307e-03,1.137721175509541e-02,5.500000000000000e-05
4,-7.510934107514962e-03,1.101651699087993e-02,6.000000000000001e-05
4,-8.050725471006364e-03,1.062843342963897e-02,6.500000000000001e-05
4,-8.570501462487192e-03,1.021392590825304e-02,7.000000000000001e-05
4,-9.068969836945591e-03,9.774024957731020e-03,7.500000000000001e-05
4,-9.544891323462912e-03,9.309824241147638e-03,8.000000000000001e-05
4,-9.997082706236454e-03,8.822477834624795e-03,8.500000000000001e-05
4,-1.042441976624040e-02,8.313197358116449e-03,9.000000000000001e-05
4,-1.082584007621142e-02,7.783248963130531e-03,9.500000000000001e-05
4,-1.120034564201029e-02,7.233950184876795e-03,1.000000000000000e-04
4,-1.154700538379252e-02,6.666666666666666e-03,1.050000000000000e-04
4,-1.186495745081958e-02,6.082808764708842e-03,1.100000000000000e-04
4,-1.215341136415564e-02,5.483828041741487e-03,1.150000000000000e-04
4,-1.241164998192273e-02,4.871213658218598e-03,1.200000000000000e-04
4,-1.263903128222842e-02,4.246488670022460e-03,1.250000000000000e-04
4,-1.283498995933349e-02,3.611206241906739e-03,1.300000000000000e-04
4,-1.299903882909098e-02,2.966945786084194e-03,1.350000000000000e-04
4,-1.313077004016277e-02,2.315309035559071e-03,1.400000000000000e-04
4,-1.322985608800229e-02,1.657916061966471e-03,1.450000000000000e-04
4,-1.329605062908240e-02,9.964012478189956e-04,1.500000000000000e-04
4,-1.332918909334422e-02,3.324092231743080e-04,1.550000000000000e-04
4,-1.332918909334422e-02,-3.324092231743047e-04,1.600000000000000e-04
4,-1.329605062908240e-02,-9.964012478189924e-04,1.650000000000000e-04
4,-1.322985608800229e-02,-1.657916061966468e-03,1.700000000000000e-04
4,-1.313077004016278e-02,-2.315309035559067e-03,1.750000000000000e-04
4,-1.299903882909098e-02,-2.966945786084191e-03,1.800000000000000e-04
4,-1.283498995933349e-02,-3.611206241906736e-03,1.850000000000000e-04
4,-1.263903128222842e-02,-4.246488670022457e-03,1.900000000000000e-04
4,-1.241164998192273e-02,-4.871213658218595e-03,1.950000000000000e-04
4,-1.215341136415564e-02,-5.483828041741485e-03,2.000000000000000e-04
4,-1.186495745081959e-02,-6.082808764708834e-03,2.050000000000000e-04
4,-1.154700538379252e-02,-6.666666666666669e-03,2.100000000000000e-04
4,-1.120034564201029e-02,-7.233950184876791e-03,2.150000000000000e-04
4,-1.082584007621142e-02,-7.783248963130529e-03,2.200000000000000e-04
4,-1.042441976624040e-02,-8.313197358116446e-03,2.250000000000000e-04
4,-9.997082706236459e-03,-8.822477834624790e-03,2.300000000000000e-04
4,-9.544891323462914e-03,-9.309824241147636e-03,2.350000000000000e-04
4,-9.068969836945592e-03,-9.774024957731019e-03,2.400000000000000e-04
4,-8.570501462487194e-03,-1.021392590825304e-02,2.450000000000000e-04
4,-8.050725471006366e-03,-1.062843342963897e-02,2.500000000000000e-04
4,-7.510934107514969e-03,-1.101651699087993e-02,2.550000000000000e-04
4,-6.952469378393314e-03,-1.137721175509541e-02,2.600000000000000e-04
4,-6.376719714950914e-03,-1.170962097826971e-02,2.650000000000000e-04
4,-5.785116521567444e-03,-1.201291823869892e-02,2.700000000000000e-04
4,-5.179130616995930e-03,-1.228634949160544e-02,2.750000000000000e-04
4,-4.560268577675581e-03,-1.252923494381211e-02,2.800000000000000e-04
4,-3.930068992145395e-03,-1.274097074381521e-02,2.850000000000000e-04
4,-3.290098635870585e-03,-1.292103048305437e-02,2.900000000000000e-04
4,-2.641948575991969e-03,-1.306896650464725e-02,2.950000000000000e-04
4,-1.987230215682337e-03,-1.318441101633505e-02,3.000000000000000e-04
4,-1.327571287944230e-03,-1.326707700487202e-02,3.050000000000000e-04
4,-6.646118088093006e-04,-1.331675894958563e-02,3.100000000000000e-04
4,-2.449293598294706e-18,-1.333333333333333e-02,3.150000000000000e-04
4,6.646118088092958e-04,-1.331675894958563e-02,3.200000000000000e-04
4,1.327571287944225e-03,-1.326707700487202e-02,3.250000000000000e-04
4,1.987230215682331e-03,-1.318441101633505e-02,3.300000000000001e-04
4,2.641948575991964e-03,-1.306896650464725e-02,3.350000000000000e-04
4,3.290098635870581e-03,-1.292103048305437e-02,3.400000000000000e-04
4,3.930068992145380e-03,-1.274097074381522e-02,3.450000000000000e-04
4,4.560268577675576e-03,-1.252923494381212e-02,3.500000000000001e-04
4,5.179130616995925e-03,-1.228634949160544e-02,3.550000000000000e-04
4,5.785116521567440e-03,-1.201291823869892e-02,3.600000000000000e-04
4,6.376719714950910e-03,-1.170962097826971e-02,3.650000000000000e-04
4,6.952469378393310e-03,-1.137721175509541e-02,3.700000000000000e-04
4,7.510934107514966e-03,-1.101651699087993e-02,3.750000000000000e-04
4,8.050725471006362e-03,-1.062843342963897e-02,3.800000000000000e-04
4,8.570501462487190e-03,-1.021392590825304e-02,3.850000000000000e-04
4,9.068969836945585e-03,-9.774024957731026e-03,3.900000000000000e-04
4,9.544891323462907e-03,-9.309824241147645e-03,3.950000000000000e-04
4,9.997082706236452e-03,-8.822477834624797e-03,4.000000000000000e-04
4,1.042441976624040e-02,-8.313197358116449e-03,4.050000000000000e-04
4,1.082584007621141e-02,-7.783248963130542e-03,4.100000000000000e-04
4,1.120034564201029e-02,-7.233950184876790e-03,4.150000000000001e-04
4,1.154700538379252e-02,-6.666666666666663e-03,4.200000000000000e-04
4,1.186495745081958e-02,-6.082808764708843e-03,4.250000000000000e-04
4,1.215341136415564e-02,-5.483828041741489e-03,4.300000000000000e-04
4,1.241164998192272e-02,-4.871213658218611e-03,4.350000000000001e-04
4,1.263903128222842e-02,-4.246488670022468e-03,4.400000000000000e-04
4,1.283498995933350e-02,-3.611206241906729e-03,4.450000000000000e-04
4,1.299903882909098e-02,-2.966945786084195e-03,4.500000000000000e-04
4,1.313077004016277e-02,-2.315309035559072e-03,4.550000000000001e-04
4,1.322985608800229e-02,-1.657916061966479e-03,4.600000000000000e-04
4,1.329605062908240e-02,-9.964012478189974e-04,4.650000000000000e-04
4,1.332918909334422e-02,-3.324092231743096e-04,4.700000000000000e-04
4,1.332918909334422e-02,3.324092231743031e-04,4.750000000000001e-04
4,1.329605062908240e-02,9.964012478189906e-04,4.800000000000001e-04
4,1.322985608800230e-02,1.657916061966461e-03,4.850000000000000e-04
4,1.313077004016278e-02,2.315309035559066e-03,4.900000000000001e-04
4,1.299903882909098e-02,2.966945786084189e-03,4.950000000000000e-04
4,1.283498995933350e-02,3.611206241906734e-03,5.000000000000000e-04
4,1.263903128222842e-02,4.246488670022461e-03,5.050000000000000e-04
4,1.241164998192273e-02,4.871213658218593e-03,5.100000000000000e-04
4,1.215341136415564e-02,5.483828041741483e-03,5.150000000000000e-04
4,1.186495745081958e-02,6.082808764708837e-03,5.200000000000001e-04
4,1.154700538379252e-02,6.666666666666667e-03,5.250000000000001e-04
4,1.120034564201028e-02,7.233950184876795e-03,5.300000000000001e-04
4,1.082584007621142e-02,7.783248963130527e-03,5.350000000000000e-04
4,1.042441976624040e-02,8.313197358116446e-03,5.400000000000000e-04
4,9.997082706236464e-03,8.822477834624783e-03,5.450000000000000e-04
4,9.544891323462912e-03,9.309824241147640e-03,5.500000000000000e-04
4,9.068969836945589e-03,9.774024957731022e-03,5.550000000000000e-04
4,8.570501462487196e-03,1.021392590825304e-02,5.600000000000001e-04
4,8.050725471006367e-03,1.062843342963897e-02,5.650000000000001e-04
4,7.510934107514970e-03,1.101651699087993e-02,5.700000000000001e-04
4,6.952469378393306e-03,1.137721175509541e-02,5.750000000000001e-04
4,6.376719714950916e-03,1.170962097826971e-02,5.800000000000000e-04
4,5.785116521567445e-03,1.201291823869892e-02,5.850000000000000e-04
4,5.179130616995931e-03,1.228634949160544e-02,5.900000000000000e-04
4,4.560268577675593e-03,1.252923494381211e-02,5.950000000000000e-04
4,3.930068992145397e-03,1.274097074381521e-02,6.000000000000001e-04
4,3.290098635870588e-03,1.292103048305437e-02,6.050000000000001e-04
4,2.641948575991971e-03,1.306896650464725e-02,6.100000000000001e-04
4,1.987230215682326e-03,1.318441101633505e-02,6.150000000000001e-04
4,1.327571287944231e-03,1.326707700487202e-02,6.200000000000000e-04
4,6.646118088093023e-04,1.331675894958563e-02,6.250000000000000e-04
5,0.000000000000000e+00,1.777777777777778e-02,0.000000000000000e+00
5,-8.861490784123924e-04,1.775567859944751e-02,5.000000000000000e-06
5,-1.770095050592294e-03,1.768943600649603e-02,1.000000000000000e-05
5,-2.649640287576432e-03,1.757921468844673e-02,1.500000000000000e-05
5,-3.522598101322620e-03,1.742528867286300e-02,2.000000000000000e-05
5,-4.386798181160776e-03,1.722804064407250e-02,2.500000000000000e-05
5,-5.240091989527186e-03,1.698796099175361e-02,3.000000000000000e-05
5,-6.080358103567444e-03,1.670564659174948e-02,3.500000000000000e-05
5,-6.905507489327905e-03,1.638179932214058e-02,4.000000000000000e-05
5,-7.713488695423255e-03,1.601722431826523e-02,4.500000000000000e-05
5,-8.502292953267881e-03,1.561282797102628e-02,5.000000000000000e-05
5,-9.269959171191076e-03,1.516961567346055e-02,5.500000000000000e-05
5,-1.001457881001995e-02,1.468868932117324e-02,6.000000000000001e-05
5,-1.073430062800848e-02,1.417124457285196e-02,6.500000000000001e-05
5,-1.142733528331626e-02,1.361856787767072e-02,7.000000000000001e-05
5,-1.209195978259412e-02,1.303203327697469e-02,7.500000000000001e-05
5,-1.272652176461722e-02,1.241309898819685e-02,8.000000000000001e-05
5,-1.332944360831527e-02,1.176330377949973e-02,8.500000000000001e-05
5,-1.389922635498720e-02,1.108426314415526e-02,9.000000000000001e-05
5,-1.443445343494856e-02,1.037766528417404e-02,9.500000000000001e-05
5,-1.493379418934705e-02,9.645266913169059e-03,1.000000000000000e-04
5,-1.539600717839002e-02,8.888888888888887e-03,1.050000000000000e-04
5,-1.581994326775944e-02,8.110411686278456e-03,1.100000000000000e-04
5,-1.620454848554086e-02,7.311770722321983e-03,1.150000000000000e-04
5,-1.654886664256363e-02,6.494951544291463e-03,1.200000000000000e-04
5,-1.685204170963790e-02,5.661984893363280e-03,1.250000000000000e-04
5,-1.711331994577799e-02,4.814941655875652e-03,1.300000000000000e-04
5,-1.733205177212131e-02,3.955927714778924e-03,1.350000000000000e-04
5,-1.750769338688370e-02,3.087078714078761e-03,1.400000000000000e-04
5,-1.763980811733639e-02,2.210554749288628e-03,1.450000000000000e-04
5,-1.772806750544320e-02,1.328534997091994e-03,1.500000000000000e-04
5,-1.777225212445896e-02,4.432122975657439e-04,1.550000000000000e-04
5,-1.777225212445896e-02,-4.432122975657396e-04,1.600000000000000e-04
5,-1.772806750544320e-02,-1.328534997091990e-03,1.650000000000000e-04
5,-1.763980811733639e-02,-2.210554749288624e-03,1.700000000000000e-04
5,-1.750769338688370e-02,-3.087078714078756e-03,1.750000000000000e-04
5,-1.733205177212131e-02,-3.955927714778921e-03,1.800000000000000e-04
5,-1.711331994577799e-02,-4.814941655875648e-03,1.850000000000000e-04
5,-1.685204170963790e-02,-5.661984893363276e-03,1.900000000000000e-04
5,-1.654886664256364e-02,-6.494951544291460e-03,1.950000000000000e-04
5,-1.620454848554086e-02,-7.311770722321980e-03,2.000000000000000e-04
5,-1.581994326775945e-02,-8.110411686278445e-03,2.050000000000000e-04
5,-1.539600717839002e-02,-8.888888888888891e-03,2.100000000000000e-04
5,-1.493379418934705e-02,-9.645266913169054e-03,2.150000000000000e-04
5,-1.443445343494856e-02,-1.037766528417404e-02,2.200000000000000e-04
5,-1.389922635498720e-02,-1.108426314415526e-02,2.250000000000000e-04
5,-1.332944360831528e-02,-1.176330377949972e-02,2.300000000000000e-04
5,-1.272652176461722e-02,-1.241309898819685e-02,2.350000000000000e-04
5,-1.209195978259412e-02,-1.303203327697469e-02,2.400000000000000e-04
5,-1.142733528331626e-02,-1.361856787767072e-02,2.450000000000000e-04
5,-1.073430062800849e-02,-1.417124457285195e-02,2.500000000000000e-04
5,-1.001457881001996e-02,-1.468868932117324e-02,2.550000000000000e-04
5,-9.269959171191085e-03,-1.516961567346054e-02,2.600000000000000e-04
5,-8.502292953267885e-03,-1.561282797102628e-02,2.650000000000000e-04
5,-7.713488695423258e-03,-1.601722431826523e-02,2.700000000000000e-04
5,-6.905507489327905e-03,-1.638179932214058e-02,2.750000000000000e-04
5,-6.080358103567441e-03,-1.670564659174948e-02,2.800000000000000e-04
5,-5.240091989527194e-03,-1.698796099175361e-02,2.850000000000000e-04
5,-4.386798181160781e-03,-1.722804064407250e-02,2.900000000000000e-04
5,-3.522598101322625e-03,-1.742528867286300e-02,2.950000000000000e-04
5,-2.649640287576448e-03,-1.757921468844673e-02,3.000000000000000e-04
5,-1.770095050592306e-03,-1.768943600649602e-02,3.050000000000000e-04
5,-8.861490784124008e-04,-1.775567859944751e-02,3.100000000000000e-04
5,-3.265724797726275e-18,-1.777777777777778e-02,3.150000000000000e-04
5,8.861490784123942e-04,-1.775567859944751e-02,3.200000000000000e-04
5,1.770095050592300e-03,-1.768943600649603e-02,3.250000000000000e-04
5,2.649640287576441e-03,-1.757921468844673e-02,3.300000000000001e-04
5,3.522598101322619e-03,-1.742528867286300e-02,3.350000000000000e-04
5,4.386798181160774e-03,-1.722804064407250e-02,3.400000000000000e-04
5,5.240091989527173e-03,-1.698796099175362e-02,3.450000000000000e-04
5,6.080358103567434e-03,-1.670564659174948e-02,3.500000000000001e-04
5,6.905507489327899e-03,-1.638179932214058e-02,3.550000000000000e-04
5,7.713488695423252e-03,-1.601722431826523e-02,3.600000000000000e-04
5,8.502292953267879e-03,-1.561282797102628e-02,3.650000000000000e-04
5,9.269959171191080e-03,-1.516961567346054e-02,3.700000000000000e-04
5,1.001457881001995e-02,-1.468868932117324e-02,3.750000000000000e-04
5,1.073430062800848e-02,-1.417124457285196e-02,3.800000000000000e-04
5,1.142733528331625e-02,-1.361856787767072e-02,3.850000000000000e-04
5,1.209195978259411e-02,-1.303203327697470e-02,3.900000000000000e-04
5,1.272652176461721e-02,-1.241309898819686e-02,3.950000000000000e-04
5,1.332944360831527e-02,-1.176330377949973e-02,4.000000000000000e-04
5,1.389922635498719e-02,-1.108426314415527e-02,4.050000000000000e-04
5,1.443445343494855e-02,-1.037766528417406e-02,4.100000000000000e-04
5,1.493379418934705e-02,-9.645266913169052e-03,4.150000000000001e-04
5,1.539600717839002e-02,-8.888888888888884e-03,4.200000000000000e-04
5,1.581994326775944e-02,-8.110411686278457e-03,4.250000000000000e-04
5,1.620454848554086e-02,-7.311770722321986e-03,4.300000000000000e-04
5,1.654886664256363e-02,-6.494951544291480e-03,4.350000000000001e-04
5,1.685204170963790e-02,-5.661984893363290e-03,4.400000000000000e-04
5,1.711331994577800e-02,-4.814941655875638e-03,4.450000000000000e-04
5,1.733205177212131e-02,-3.955927714778927e-03,4.500000000000000e-04
5,1.750769338688370e-02,-3.087078714078762e-03,4.550000000000001e-04
5,1.763980811733639e-02,-2.210554749288638e-03,4.600000000000000e-04
5,1.772806750544320e-02,-1.328534997091996e-03,4.650000000000000e-04
5,1.777225212445896e-02,-4.432122975657461e-04,4.700000000000000e-04
5,1.777225212445896e-02,4.432122975657374e-04,4.750000000000001e-04
5,1.772806750544320e-02,1.328534997091987e-03,4.800000000000001e-04
5,1.763980811733639e-02,2.210554749288614e-03,4.850000000000000e-04
5,1.750769338688370e-02,3.087078714078754e-03,4.900000000000001e-04
5,1.733205177212131e-02,3.955927714778919e-03,4.950000000000000e-04
5,1.711331994577799e-02,4.814941655875645e-03,5.000000000000000e-04
5,1.685204170963790e-02,5.661984893363281e-03,5.050000000000000e-04
5,1.654886664256364e-02,6.494951544291457e-03,5.100000000000000e-04
5,1.620454848554086e-02,7.311770722321978e-03,5.150000000000000e-04
5,1.581994326775944e-02,8.110411686278450e-03,5.200000000000001e-04
5,1.539600717839002e-02,8.888888888888889e-03,5.250000000000001e-04
5,1.493379418934705e-02,9.645266913169059e-03,5.300000000000001e-04
5,1.443445343494856e-02,1.037766528417404e-02,5.350000000000000e-04
5,1.389922635498720e-02,1.108426314415526e-02,5.400000000000000e-04
5,1.332944360831529e-02,1.176330377949971e-02,5.450000000000000e-04
5,1.272652176461721e-02,1.241309898819685e-02,5.500000000000000e-04
5,1.209195978259412e-02,1.303203327697470e-02,5.550000000000000e-04
5,1.142733528331626e-02,1.361856787767072e-02,5.600000000000001e-04
5,1.073430062800849e-02,1.417124457285195e-02,5.650000000000001e-04
5,1.001457881001996e-02,1.468868932117323e-02,5.700000000000001e-04
5,9.269959171191073e-03,1.516961567346055e-02,5.750000000000001e-04
5,8.502292953267886e-03,1.561282797102628e-02,5.800000000000000e-04
5,7.713488695423261e-03,1.601722431826523e-02,5.850000000000000e-04
5,6.905507489327907e-03,1.638179932214058e-02,5.900000000000000e-04
5,6.080358103567458e-03,1.670564659174948e-02,5.950000000000000e-04
5,5.240091989527196e-03,1.698796099175361e-02,6.000000000000001e-04
5,4.386798181160782e-03,1.722804064407250e-02,6.050000000000001e-04
5,3.522598101322627e-03,1.742528867286300e-02,6.100000000000001e-04
5,2.649640287576434e-03,1.757921468844673e-02,6.150000000000001e-04
5,1.770095050592309e-03,1.768943600649602e-02,6.200000000000000e-04
5,8.861490784124029e-04,1.775567859944751e-02,6.250000000000000e-04
6,0.000000000000000e+00,2.222222222222222e-02,0.000000000000000e+00
6,-1.107686348015490e-03,2.219459824930938e-02,5.000000000000000e-06
6,-2.212618813240367e-03,2.211179500812003e-02,1.000000000000000e-05
6,-3.312050359470540e-03,2.197401836055841e-02,1.500000000000000e-05
6,-4.403247626653275e-03,2.178161084107875e-02,2.000000000000000e-05
6,-5.483497726450970e-03,2.153505080509062e-02,2.500000000000000e-05
6,-6.550114986908982e-03,2.123495123969201e-02,3.000000000000000e-05
6,-7.600447629459304e-03,2.088205823968685e-02,3.500000000000000e-05
6,-8.631884361659880e-03,2.047724915267572e-02,4.000000000000000e-05
6,-9.641860869279067e-03,2.002153039783153e-02,4.500000000000000e-05
6,-1.062786619158485e-02,1.951603496378285e-02,5.000000000000000e-05
6,-1.158744896398884e-02,1.896201959182568e-02,5.500000000000000e-05
6,-1.251822351252493e-02,1.836086165146655e-02,6.000000000000001e-05
6,-1.341787578501060e-02,1.771405571606495e-02,6.500000000000001e-05
6,-1.428416910414532e-02,1.702320984708840e-02,7.000000000000001e-05
6,-1.511494972824265e-02,1.629004159621836e-02,7.500000000000001e-05
6,-1.590815220577152e-02,1.551637373524606e-02,8.000000000000001e-05
6,-1.666180451039409e-02,1.470412972437466e-02,8.500000000000001e-05
6,-1.737403294373399e-02,1.385532893019408e-02,9.000000000000001e-05
6,-1.804306679368570e-02,1.297208160521755e-02,9.500000000000001e-05
6,-1.866724273668381e-02,1.205658364146132e-02,1.000000000000000e-04
6,-1.924500897298752e-02,1.111111111111111e-02,1.050000000000000e-04
6,-1.977492908469930e-02,1.013801460784807e-02,1.100000000000000e-04
6,-2.025568560692607e-02,9.139713402902478e-03,1.150000000000000e-04
6,-2.068608330320454e-02,8.118689430364328e-03,1.200000000000000e-04
6,-2.106505213704737e-02,7.077481116704099e-03,1.250000000000000e-04
6,-2.139164993222249e-02,6.018677069844565e-03,1.300000000000000e-04
6,-2.166506471515163e-02,4.944909643473655e-03,1.350000000000000e-04
6,-2.188461673360462e-02,3.858848392598450e-03,1.400000000000000e-04
6,-2.204976014667049e-02,2.763193436610785e-03,1.450000000000000e-04
6,-2.216008438180400e-02,1.660668746364993e-03,1.500000000000000e-04
6,-2.221531515557369e-02,5.540153719571798e-04,1.550000000000000e-04
6,-2.221531515557369e-02,-5.540153719571744e-04,1.600000000000000e-04
6,-2.216008438180400e-02,-1.660668746364987e-03,1.650000000000000e-04
6,-2.204976014667049e-02,-2.763193436610779e-03,1.700000000000000e-04
6,-2.188461673360462e-02,-3.858848392598444e-03,1.750000000000000e-04
6,-2.166506471515163e-02,-4.944909643473650e-03,1.800000000000000e-04
6,-2.139164993222249e-02,-6.018677069844558e-03,1.850000000000000e-04
6,-2.106505213704737e-02,-7.077481116704094e-03,1.900000000000000e-04
6,-2.068608330320454e-02,-8.118689430364324e-03,1.950000000000000e-04
6,-2.025568560692607e-02,-9.139713402902472e-03,2.000000000000000e-04
6,-1.977492908469931e-02,-1.013801460784806e-02,2.050000000000000e-04
6,-1.924500897298752e-02,-1.111111111111111e-02,2.100000000000000e-04
6,-1.866724273668381e-02,-1.205658364146132e-02,2.150000000000000e-04
6,-1.804306679368570e-02,-1.297208160521755e-02,2.200000000000000e-04
6,-1.737403294373399e-02,-1.385532893019407e-02,2.250000000000000e-04
6,-1.666180451039410e-02,-1.470412972437465e-02,2.300000000000000e-04
6,-1.590815220577152e-02,-1.551637373524606e-02,2.350000000000000e-04
6,-1.511494972824265e-02,-1.629004159621836e-02,2.400000000000000e-04
6,-1.428416910414532e-02,-1.702320984708840e-02,2.450000000000000e-04
6,-1.341787578501061e-02,-1.771405571606494e-02,2.500000000000000e-04
6,-1.251822351252495e-02,-1.836086165146654e-02,2.550000000000000e-04
6,-1.158744896398886e-02,-1.896201959182567e-02,2.600000000000000e-04
6,-1.062786619158486e-02,-1.951603496378285e-02,2.650000000000000e-04
6,-9.641860869279073e-03,-2.002153039783153e-02,2.700000000000000e-04
6,-8.631884361659880e-03,-2.047724915267572e-02,2.750000000000000e-04
6,-7.600447629459300e-03,-2.088205823968685e-02,2.800000000000000e-04
6,-6.550114986908991e-03,-2.123495123969201e-02,2.850000000000000e-04
6,-5.483497726450974e-03,-2.153505080509062e-02,2.900000000000000e-04
6,-4.403247626653281e-03,-2.178161084107875e-02,2.950000000000000e-04
6,-3.312050359470560e-03,-2.197401836055841e-02,3.000000000000000e-04
6,-2.212618813240383e-03,-2.211179500812003e-02,3.050000000000000e-04
6,-1.107686348015501e-03,-2.219459824930938e-02,3.100000000000000e-04
6,-4.082155997157843e-18,-2.222222222222222e-02,3.150000000000000e-04
6,1.107686348015493e-03,-2.219459824930938e-02,3.200000000000000e-04
6,2.212618813240375e-03,-2.211179500812003e-02,3.250000000000000e-04
6,3.312050359470551e-03,-2.197401836055841e-02,3.300000000000001e-04
6,4.403247626653273e-03,-2.178161084107875e-02,3.350000000000000e-04
6,5.483497726450967e-03,-2.153505080509062e-02,3.400000000000000e-04
6,6.550114986908965e-03,-2.123495123969202e-02,3.450000000000000e-04
6,7.600447629459292e-03,-2.088205823968686e-02,3.500000000000001e-04
6,8.631884361659873e-03,-2.047724915267573e-02,3.550000000000000e-04
6,9.641860869279064e-03,-2.002153039783154e-02,3.600000000000000e-04
6,1.062786619158485e-02,-1.951603496378285e-02,3.650000000000000e-04
6,1.158744896398885e-02,-1.896201959182568e-02,3.700000000000000e-04
6,1.251822351252494e-02,-1.836086165146655e-02,3.750000000000000e-04
6,1.341787578501060e-02,-1.771405571606495e-02,3.800000000000000e-04
6,1.428416910414531e-02,-1.702320984708840e-02,3.850000000000000e-04
6,1.511494972824264e-02,-1.629004159621837e-02,3.900000000000000e-04
6,1.590815220577151e-02,-1.551637373524607e-02,3.950000000000000e-04
6,1.666180451039408e-02,-1.470412972437466e-02,4.000000000000000e-04
6,1.737403294373399e-02,-1.385532893019408e-02,4.050000000000000e-04
6,1.804306679368569e-02,-1.297208160521757e-02,4.100000000000000e-04
6,1.866724273668381e-02,-1.205658364146131e-02,4.150000000000001e-04
6,1.924500897298753e-02,-1.111111111111110e-02,4.200000000000000e-04
6,1.977492908469930e-02,-1.013801460784807e-02,4.250000000000000e-04
6,2.025568560692607e-02,-9.139713402902481e-03,4.300000000000000e-04
6,2.068608330320453e-02,-8.118689430364348e-03,4.350000000000001e-04
6,2.106505213704737e-02,-7.077481116704111e-03,4.400000000000000e-04
6,2.139164993222249e-02,-6.018677069844548e-03,4.450000000000000e-04
6,2.166506471515163e-02,-4.944909643473658e-03,4.500000000000000e-04
6,2.188461673360462e-02,-3.858848392598453e-03,4.550000000000001e-04
6,2.204976014667049e-02,-2.763193436610798e-03,4.600000000000000e-04
6,2.216008438180400e-02,-1.660668746364995e-03,4.650000000000000e-04
6,2.221531515557369e-02,-5.540153719571825e-04,4.700000000000000e-04
6,2.221531515557369e-02,5.540153719571717e-04,4.750000000000001e-04
6,2.216008438180400e-02,1.660668746364984e-03,4.800000000000001e-04
6,2.204976014667049e-02,2.763193436610767e-03,4.850000000000000e-04
6,2.188461673360462e-02,3.858848392598442e-03,4.900000000000001e-04
6,2.166506471515163e-02,4.944909643473648e-03,4.950000000000000e-04
6,2.139164993222249e-02,6.018677069844556e-03,5.000000000000000e-04
6,2.106505213704737e-02,7.077481116704100e-03,5.050000000000000e-04
6,2.068608330320454e-02,8.118689430364321e-03,5.100000000000000e-04
6,2.025568560692607e-02,9.139713402902471e-03,5.150000000000000e-04
6,1.977492908469930e-02,1.013801460784806e-02,5.200000000000001e-04
6,1.924500897298752e-02,1.111111111111111e-02,5.250000000000001e-04
6,1.866724273668380e-02,1.205658364146132e-02,5.300000000000001e-04
6,1.804306679368570e-02,1.297208160521754e-02,5.350000000000000e-04
6,1.737403294373400e-02,1.385532893019407e-02,5.400000000000000e-04
6,1.666180451039410e-02,1.470412972437464e-02,5.450000000000000e-04
6,1.590815220577152e-02,1.551637373524606e-02,5.500000000000000e-04
6,1.511494972824265e-02,1.629004159621836e-02,5.550000000000000e-04
6,1.428416910414532e-02,1.702320984708839e-02,5.600000000000001e-04
6,1.341787578501061e-02,1.771405571606494e-02,5.650000000000001e-04
6,1.251822351252495e-02,1.836086165146654e-02,5.700000000000001e-04
6,1.158744896398884e-02,1.896201959182568e-02,5.750000000000001e-04
6,1.062786619158486e-02,1.951603496378285e-02,5.800000000000000e-04
6,9.641860869279074e-03,2.002153039783153e-02,5.850000000000000e-04
6,8.631884361659884e-03,2.047724915267572e-02,5.900000000000000e-04
6,7.600447629459321e-03,2.088205823968685e-02,5.950000000000000e-04
6,6.550114986908994e-03,2.123495123969201e-02,6.000000000000001e-04
6,5.483497726450978e-03,2.153505080509062e-02,6.050000000000001e-04
6,4.403247626653283e-03,2.178161084107875e-02,6.100000000000001e-04
6,3.312050359470543e-03,2.197401836055841e-02,6.150000000000001e-04
6,2.212618813240386e-03,2.211179500812003e-02,6.200000000000000e-04
6,1.107686348015503e-03,2.219459824930938e-02,6.250000000000000e-04
7,0.000000000000000e+00,2.666666666666667e-02,0.000000000000000e+00
7,-1.329223617618589e-03,2.663351789917126e-02,5.000000000000000e-06
7,-2.655142575888441e-03,2.653415400974404e-02,1.000000000000000e-05
7,-3.974460431364648e-03,2.636882203267010e-02,1.500000000000000e-05
7,-5.283897151983932e-03,2.613793300929450e-02,2.000000000000000e-05
7,-6.580197271741165e-03,2.584206096610875e-02,2.500000000000000e-05
7,-7.860137984290779e-03,2.548194148763042e-02,3.000000000000000e-05
7,-9.120537155351166e-03,2.505846988762423e-02,3.500000000000000e-05
7,-1.035826123399186e-02,2.457269898321087e-02,4.000000000000000e-05
7,-1.157023304313488e-02,2.402583647739785e-02,4.500000000000000e-05
7,-1.275343942990182e-02,2.341924195653943e-02,5.000000000000000e-05
7,-1.390493875678661e-02,2.275442351019082e-02,5.500000000000000e-05
7,-1.502186821502992e-02,2.203303398175986e-02,6.000000000000001e-05
7,-1.610145094201273e-02,2.125686685927794e-02,6.500000000000001e-05
7,-1.714100292497438e-02,2.042785181650608e-02,7.000000000000001e-05
7,-1.813793967389118e-02,1.954804991546204e-02,7.500000000000001e-05
7,-1.908978264692582e-02,1.861964848229528e-02,8.000000000000001e-05
7,-1.999416541247291e-02,1.764495566924959e-02,8.500000000000001e-05
7,-2.084883953248080e-02,1.662639471623290e-02,9.000000000000001e-05
7,-2.165168015242284e-02,1.556649792626106e-02,9.500000000000001e-05
7,-2.240069128402057e-02,1.446790036975359e-02,1.000000000000000e-04
7,-2.309401076758504e-02,1.333333333333333e-02,1.050000000000000e-04
7,-2.372991490163916e-02,1.216561752941768e-02,1.100000000000000e-04
7,-2.430682272831129e-02,1.096765608348297e-02,1.150000000000000e-04
7,-2.482329996384545e-02,9.742427316437196e-03,1.200000000000000e-04
7,-2.527806256445685e-02,8.492977340044920e-03,1.250000000000000e-04
7,-2.566997991866699e-02,7.222412483813479e-03,1.300000000000000e-04
7,-2.599807765818197e-02,5.933891572168387e-03,1.350000000000000e-04
7,-2.626154008032555e-02,4.630618071118141e-03,1.400000000000000e-04
7,-2.645971217600459e-02,3.315832123932943e-03,1.450000000000000e-04
7,-2.659210125816481e-02,1.992802495637991e-03,1.500000000000000e-04
7,-2.665837818668844e-02,6.648184463486160e-04,1.550000000000000e-04
7,-2.665837818668844e-02,-6.648184463486094e-04,1.600000000000000e-04
7,-2.659210125816481e-02,-1.992802495637985e-03,1.650000000000000e-04
7,-2.645971217600459e-02,-3.315832123932936e-03,1.700000000000000e-04
7,-2.626154008032555e-02,-4.630618071118134e-03,1.750000000000000e-04
7,-2.599807765818197e-02,-5.933891572168381e-03,1.800000000000000e-04
7,-2.566997991866699e-02,-7.222412483813471e-03,1.850000000000000e-04
7,-2.527806256445685e-02,-8.492977340044915e-03,1.900000000000000e-04
7,-2.482329996384545e-02,-9.742427316437190e-03,1.950000000000000e-04
7,-2.430682272831129e-02,-1.096765608348297e-02,2.000000000000000e-04
7,-2.372991490163917e-02,-1.216561752941767e-02,2.050000000000000e-04
7,-2.309401076758503e-02,-1.333333333333334e-02,2.100000000000000e-04
7,-2.240069128402057e-02,-1.446790036975358e-02,2.150000000000000e-04
7,-2.165168015242285e-02,-1.556649792626106e-02,2.200000000000000e-04
7,-2.084883953248080e-02,-1.662639471623289e-02,2.250000000000000e-04
7,-1.999416541247292e-02,-1.764495566924958e-02,2.300000000000000e-04
7,-1.908978264692583e-02,-1.861964848229527e-02,2.350000000000000e-04
7,-1.813793967389118e-02,-1.954804991546204e-02,2.400000000000000e-04
7,-1.714100292497439e-02,-2.042785181650608e-02,2.450000000000000e-04
7,-1.610145094201273e-02,-2.125686685927793e-02,2.500000000000000e-04
7,-1.502186821502994e-02,-2.203303398175985e-02,2.550000000000000e-04
7,-1.390493875678663e-02,-2.275442351019081e-02,2.600000000000000e-04
7,-1.275343942990183e-02,-2.341924195653942e-02,2.650000000000000e-04
7,-1.157023304313489e-02,-2.402583647739784e-02,2.700000000000000e-04
7,-1.035826123399186e-02,-2.457269898321087e-02,2.750000000000000e-04
7,-9.120537155351162e-03,-2.505846988762423e-02,2.800000000000000e-04
7,-7.860137984290791e-03,-2.548194148763042e-02,2.850000000000000e-04
7,-6.580197271741171e-03,-2.584206096610875e-02,2.900000000000000e-04
7,-5.283897151983938e-03,-2.613793300929450e-02,2.950000000000000e-04
7,-3.974460431364673e-03,-2.636882203267009e-02,3.000000000000000e-04
7,-2.655142575888460e-03,-2.653415400974404e-02,3.050000000000000e-04
7,-1.329223617618601e-03,-2.663351789917126e-02,3.100000000000000e-04
7,-4.898587196589413e-18,-2.666666666666667e-02,3.150000000000000e-04
7,1.329223617618592e-03,-2.663351789917126e-02,3.200000000000000e-04
7,2.655142575888450e-03,-2.653415400974404e-02,3.250000000000000e-04
7,3.974460431364663e-03,-2.636882203267010e-02,3.300000000000001e-04
7,5.283897151983928e-03,-2.613793300929451e-02,3.350000000000000e-04
7,6.580197271741161e-03,-2.584206096610875e-02,3.400000000000000e-04
7,7.860137984290760e-03,-2.548194148763043e-02,3.450000000000000e-04
7,9.120537155351152e-03,-2.505846988762423e-02,3.500000000000001e-04
7,1.035826123399185e-02,-2.457269898321088e-02,3.550000000000000e-04
7,1.157023304313488e-02,-2.402583647739785e-02,3.600000000000000e-04
7,1.275343942990182e-02,-2.341924195653943e-02,3.650000000000000e-04
7,1.390493875678662e-02,-2.275442351019082e-02,3.700000000000000e-04
7,1.502186821502993e-02,-2.203303398175986e-02,3.750000000000000e-04
7,1.610145094201272e-02,-2.125686685927794e-02,3.800000000000000e-04
7,1.714100292497438e-02,-2.042785181650609e-02,3.850000000000000e-04
7,1.813793967389117e-02,-1.954804991546205e-02,3.900000000000000e-04
7,1.908978264692581e-02,-1.861964848229529e-02,3.950000000000000e-04
7,1.999416541247290e-02,-1.764495566924959e-02,4.000000000000000e-04
7,2.084883953248079e-02,-1.662639471623290e-02,4.050000000000000e-04
7,2.165168015242283e-02,-1.556649792626108e-02,4.100000000000000e-04
7,2.240069128402057e-02,-1.446790036975358e-02,4.150000000000001e-04
7,2.309401076758504e-02,-1.333333333333333e-02,4.200000000000000e-04
7,2.372991490163916e-02,-1.216561752941769e-02,4.250000000000000e-04
7,2.430682272831129e-02,-1.096765608348298e-02,4.300000000000000e-04
7,2.482329996384544e-02,-9.742427316437222e-03,4.350000000000001e-04
7,2.527806256445684e-02,-8.492977340044935e-03,4.400000000000000e-04
7,2.566997991866700e-02,-7.222412483813458e-03,4.450000000000000e-04
7,2.599807765818196e-02,-5.933891572168391e-03,4.500000000000000e-04
7,2.626154008032555e-02,-4.630618071118144e-03,4.550000000000001e-04
7,2.645971217600459e-02,-3.315832123932958e-03,4.600000000000000e-04
7,2.659210125816481e-02,-1.992802495637995e-03,4.650000000000000e-04
7,2.665837818668844e-02,-6.648184463486192e-04,4.700000000000000e-04
7,2.665837818668844e-02,6.648184463486062e-04,4.750000000000001e-04
7,2.659210125816481e-02,1.992802495637981e-03,4.800000000000001e-04
7,2.645971217600459e-02,3.315832123932921e-03,4.850000000000000e-04
7,2.626154008032555e-02,4.630618071118132e-03,4.900000000000001e-04
7,2.599807765818197e-02,5.933891572168378e-03,4.950000000000000e-04
7,2.566997991866699e-02,7.222412483813469e-03,5.000000000000000e-04
7,2.527806256445685e-02,8.492977340044922e-03,5.050000000000000e-04
7,2.482329996384545e-02,9.742427316437187e-03,5.100000000000000e-04
7,2.430682272831129e-02,1.096765608348297e-02,5.150000000000000e-04
7,2.372991490163917e-02,1.216561752941767e-02,5.200000000000001e-04
7,2.309401076758503e-02,1.333333333333333e-02,5.250000000000001e-04
7,2.240069128402057e-02,1.446790036975359e-02,5.300000000000001e-04
7,2.165168015242285e-02,1.556649792626105e-02,5.350000000000000e-04
7,2.084883953248080e-02,1.662639471623289e-02,5.400000000000000e-04
7,1.999416541247293e-02,1.764495566924957e-02,5.450000000000000e-04
7,1.908978264692582e-02,1.861964848229528e-02,5.500000000000000e-04
7,1.813793967389118e-02,1.954804991546204e-02,5.550000000000000e-04
7,1.714100292497439e-02,2.042785181650607e-02,5.600000000000001e-04
7,1.610145094201273e-02,2.125686685927793e-02,5.650000000000001e-04
7,1.502186821502994e-02,2.203303398175985e-02,5.700000000000001e-04
7,1.390493875678661e-02,2.275442351019082e-02,5.750000000000001e-04
7,1.275343942990183e-02,2.341924195653942e-02,5.800000000000000e-04
7,1.157023304313489e-02,2.402583647739784e-02,5.850000000000000e-04
7,1.035826123399186e-02,2.457269898321087e-02,5.900000000000000e-04
7,9.120537155351187e-03,2.505846988762422e-02,5.950000000000000e-04
7,7.860137984290794e-03,2.548194148763042e-02,6.000000000000001e-04
7,6.580197271741175e-03,2.584206096610875e-02,6.050000000000001e-04
7,5.283897151983941e-03,2.613793300929450e-02,6.100000000000001e-04
7,3.974460431364652e-03,2.636882203267010e-02,6.150000000000001e-04
7,2.655142575888463e-03,2.653415400974404e-02,6.200000000000000e-04
7,1.329223617618605e-03,2.663351789917126e-02,6.250000000000000e-04
8,0.000000000000000e+00,3.111111111111111e-02,0.000000000000000e+00
8,-1.550760887221687e-03,3.107243754903314e-02,5.000000000000000e-06
8,-3.097666338536515e-03,3.095651301136804e-02,1.000000000000000e-05
8,-4.636870503258756e-03,3.076362570478177e-02,1.500000000000000e-05
8,-6.164546677314586e-03,3.049425517751025e-02,2.000000000000000e-05
8,-7.676896817031358e-03,3.014907112712687e-02,2.500000000000000e-05
8,-9.170160981672575e-03,2.972893173556882e-02,3.000000000000000e-05
8,-1.064062668124303e-02,2.923488153556160e-02,3.500000000000000e-05
8,-1.208463810632383e-02,2.866814881374601e-02,4.000000000000000e-05
8,-1.349860521699069e-02,2.803014255696415e-02,4.500000000000000e-05
8,-1.487901266821879e-02,2.732244894929600e-02,5.000000000000000e-05
8,-1.622242854958438e-02,2.654682742855596e-02,5.500000000000000e-05
8,-1.752551291753491e-02,2.570520631205317e-02,6.000000000000001e-05
8,-1.878502609901485e-02,2.479967800249093e-02,6.500000000000001e-05
8,-1.999783674580344e-02,2.383249378592376e-02,7.000000000000001e-05
8,-2.116092961953971e-02,2.280605823470571e-02,7.500000000000001e-05
8,-2.227141308808013e-02,2.172292322934449e-02,8.000000000000001e-05
8,-2.332652631455172e-02,2.058578161412452e-02,8.500000000000001e-05
8,-2.432364612122759e-02,1.939746050227171e-02,9.000000000000001e-05
8,-2.526029351115998e-02,1.816091424730457e-02,9.500000000000001e-05
8,-2.613413983135733e-02,1.687921709804585e-02,1.000000000000000e-04
8,-2.694301256218254e-02,1.555555555555555e-02,1.050000000000000e-04
8,-2.768490071857902e-02,1.419322045098730e-02,1.100000000000000e-04
8,-2.835795984969650e-02,1.279559876406347e-02,1.150000000000000e-04
8,-2.896051662448636e-02,1.136616520251006e-02,1.200000000000000e-04
8,-2.949107299186632e-02,9.908473563385740e-03,1.250000000000000e-04
8,-2.994830990511149e-02,8.426147897782392e-03,1.300000000000000e-04
8,-3.033109060121229e-02,6.922873500863118e-03,1.350000000000000e-04
8,-3.063846342704647e-02,5.402387749637831e-03,1.400000000000000e-04
8,-3.086966420533869e-02,3.868470811255099e-03,1.450000000000000e-04
8,-3.102411813452560e-02,2.324936244910990e-03,1.500000000000000e-04
8,-3.110144121780317e-02,7.756215207400519e-04,1.550000000000000e-04
8,-3.110144121780317e-02,-7.756215207400442e-04,1.600000000000000e-04
8,-3.102411813452560e-02,-2.324936244910982e-03,1.650000000000000e-04
8,-3.086966420533869e-02,-3.868470811255091e-03,1.700000000000000e-04
8,-3.063846342704648e-02,-5.402387749637823e-03,1.750000000000000e-04
8,-3.033109060121229e-02,-6.922873500863111e-03,1.800000000000000e-04
8,-2.994830990511149e-02,-8.426147897782383e-03,1.850000000000000e-04
8,-2.949107299186632e-02,-9.908473563385733e-03,1.900000000000000e-04
8,-2.896051662448636e-02,-1.136616520251005e-02,1.950000000000000e-04
8,-2.835795984969650e-02,-1.279559876406346e-02,2.000000000000000e-04
8,-2.768490071857903e-02,-1.419322045098728e-02,2.050000000000000e-04
8,-2.694301256218253e-02,-1.555555555555556e-02,2.100000000000000e-04
8,-2.613413983135733e-02,-1.687921709804584e-02,2.150000000000000e-04
8,-2.526029351115999e-02,-1.816091424730457e-02,2.200000000000000e-04
8,-2.432364612122760e-02,-1.939746050227171e-02,2.250000000000000e-04
8,-2.332652631455174e-02,-2.058578161412451e-02,2.300000000000000e-04
8,-2.227141308808013e-02,-2.172292322934448e-02,2.350000000000000e-04
8,-2.116092961953971e-02,-2.280605823470571e-02,2.400000000000000e-04
8,-1.999783674580345e-02,-2.383249378592376e-02,2.450000000000000e-04
8,-1.878502609901485e-02,-2.479967800249092e-02,2.500000000000000e-04
8,-1.752551291753493e-02,-2.570520631205316e-02,2.550000000000000e-04
8,-1.622242854958440e-02,-2.654682742855595e-02,2.600000000000000e-04
8,-1.487901266821880e-02,-2.732244894929599e-02,2.650000000000000e-04
8,-1.349860521699070e-02,-2.803014255696415e-02,2.700000000000000e-04
8,-1.208463810632383e-02,-2.866814881374601e-02,2.750000000000000e-04
8,-1.064062668124302e-02,-2.923488153556160e-02,2.800000000000000e-04
8,-9.170160981672589e-03,-2.972893173556882e-02,2.850000000000000e-04
8,-7.676896817031365e-03,-3.014907112712686e-02,2.900000000000000e-04
8,-6.164546677314594e-03,-3.049425517751025e-02,2.950000000000000e-04
8,-4.636870503258785e-03,-3.076362570478177e-02,3.000000000000000e-04
8,-3.097666338536536e-03,-3.095651301136804e-02,3.050000000000000e-04
8,-1.550760887221701e-03,-3.107243754903314e-02,3.100000000000000e-04
8,-5.715018396020981e-18,-3.111111111111111e-02,3.150000000000000e-04
8,1.550760887221690e-03,-3.107243754903314e-02,3.200000000000000e-04
8,3.097666338536525e-03,-3.095651301136804e-02,3.250000000000000e-04
8,4.636870503258773e-03,-3.076362570478177e-02,3.300000000000001e-04
8,6.164546677314583e-03,-3.049425517751025e-02,3.350000000000000e-04
8,7.676896817031354e-03,-3.014907112712687e-02,3.400000000000000e-04
8,9.170160981672552e-03,-2.972893173556883e-02,3.450000000000000e-04
8,1.064062668124301e-02,-2.923488153556160e-02,3.500000000000001e-04
8,1.208463810632382e-02,-2.866814881374602e-02,3.550000000000000e-04
8,1.349860521699069e-02,-2.803014255696415e-02,3.600000000000000e-04
8,1.487901266821879e-02,-2.732244894929600e-02,3.650000000000000e-04
8,1.622242854958439e-02,-2.654682742855595e-02,3.700000000000000e-04
8,1.752551291753492e-02,-2.570520631205317e-02,3.750000000000000e-04
8,1.878502609901484e-02,-2.479967800249093e-02,3.800000000000000e-04
8,1.999783674580344e-02,-2.383249378592376e-02,3.850000000000000e-04
8,2.116092961953970e-02,-2.280605823470572e-02,3.900000000000000e-04
8,2.227141308808012e-02,-2.172292322934450e-02,3.950000000000000e-04
8,2.332652631455172e-02,-2.058578161412452e-02,4.000000000000000e-04
8,2.432364612122759e-02,-1.939746050227172e-02,4.050000000000000e-04
8,2.526029351115996e-02,-1.816091424730460e-02,4.100000000000000e-04
8,2.613413983135733e-02,-1.687921709804584e-02,4.150000000000001e-04
8,2.694301256218254e-02,-1.555555555555554e-02,4.200000000000000e-04
8,2.768490071857902e-02,-1.419322045098730e-02,4.250000000000000e-04
8,2.835795984969650e-02,-1.279559876406347e-02,4.300000000000000e-04
8,2.896051662448634e-02,-1.136616520251009e-02,4.350000000000001e-04
8,2.949107299186631e-02,-9.908473563385757e-03,4.400000000000000e-04
8,2.994830990511149e-02,-8.426147897782368e-03,4.450000000000000e-04
8,3.033109060121229e-02,-6.922873500863122e-03,4.500000000000000e-04
8,3.063846342704647e-02,-5.402387749637834e-03,4.550000000000001e-04
8,3.086966420533868e-02,-3.868470811255117e-03,4.600000000000000e-04
8,3.102411813452560e-02,-2.324936244910993e-03,4.650000000000000e-04
8,3.110144121780317e-02,-7.756215207400557e-04,4.700000000000000e-04
8,3.110144121780317e-02,7.756215207400405e-04,4.750000000000001e-04
8,3.102411813452560e-02,2.324936244910978e-03,4.800000000000001e-04
8,3.086966420533869e-02,3.868470811255075e-03,4.850000000000000e-04
8,3.063846342704648e-02,5.402387749637820e-03,4.900000000000001e-04
8,3.033109060121229e-02,6.922873500863107e-03,4.950000000000000e-04
8,2.994830990511149e-02,8.426147897782380e-03,5.000000000000000e-04
8,2.949107299186632e-02,9.908473563385742e-03,5.050000000000000e-04
8,2.896051662448636e-02,1.136616520251005e-02,5.100000000000000e-04
8,2.835795984969650e-02,1.279559876406346e-02,5.150000000000000e-04
8,2.768490071857902e-02,1.419322045098729e-02,5.200000000000001e-04
8,2.694301256218253e-02,1.555555555555556e-02,5.250000000000001e-04
8,2.613413983135733e-02,1.687921709804585e-02,5.300000000000001e-04
8,2.526029351115999e-02,1.816091424730456e-02,5.350000000000000e-04
8,2.432364612122760e-02,1.939746050227171e-02,5.400000000000000e-04
8,2.332652631455175e-02,2.058578161412449e-02,5.450000000000000e-04
8,2.227141308808013e-02,2.172292322934449e-02,5.500000000000000e-04
8,2.116092961953971e-02,2.280605823470571e-02,5.550000000000000e-04
8,1.999783674580345e-02,2.383249378592375e-02,5.600000000000001e-04
8,1.878502609901486e-02,2.479967800249092e-02,5.650000000000001e-04
8,1.752551291753493e-02,2.570520631205316e-02,5.700000000000001e-04
8,1.622242854958438e-02,2.654682742855596e-02,5.750000000000001e-04
8,1.487901266821880e-02,2.732244894929599e-02,5.800000000000000e-04
8,1.349860521699071e-02,2.803014255696415e-02,5.850000000000000e-04
8,1.208463810632384e-02,2.866814881374601e-02,5.900000000000000e-04
8,1.064062668124305e-02,2.923488153556159e-02,5.950000000000000e-04
8,9.170160981672592e-03,2.972893173556882e-02,6.000000000000001e-04
8,7.676896817031370e-03,3.014907112712686e-02,6.050000000000001e-04
8,6.164546677314598e-03,3.049425517751025e-02,6.100000000000001e-04
8,4.636870503258761e-03,3.076362570478177e-02,6.150000000000001e-04
8,3.097666338536540e-03,3.095651301136804e-02,6.200000000000000e-04
8,1.550760887221705e-03,3.107243754903314e-02,6.250000000000000e-04
9,0.000000000000000e+00,3.555555555555556e-02,0.000000000000000e+00
9,-1.772298156824785e-03,3.551135719889502e-02,5.000000000000000e-06
9,-3.540190101184588e-03,3.537887201299205e-02,1.000000000000000e-05
9,-5.299280575152865e-03,3.515842937689346e-02,1.500000000000000e-05
9,-7.045196202645241e-03,3.485057734572600e-02,2.000000000000000e-05
9,-8.773596362321553e-03,3.445608128814499e-02,2.500000000000000e-05
9,-1.048018397905437e-02,3.397592198350723e-02,3.000000000000000e-05
9,-1.216071620713489e-02,3.341129318349897e-02,3.500000000000000e-05
9,-1.381101497865581e-02,3.276359864428116e-02,4.000000000000000e-05
9,-1.542697739084651e-02,3.203444863653046e-02,4.500000000000000e-05
9,-1.700458590653576e-02,3.122565594205257e-02,5.000000000000000e-05
9,-1.853991834238215e-02,3.033923134692109e-02,5.500000000000000e-05
9,-2.002915762003990e-02,2.937737864234648e-02,6.000000000000001e-05
9,-2.146860125601697e-02,2.834248914570392e-02,6.500000000000001e-05
9,-2.285467056663251e-02,2.723713575534144e-02,7.000000000000001e-05
9,-2.418391956518824e-02,2.606406655394938e-02,7.500000000000001e-05
9,-2.545304352923443e-02,2.482619797639370e-02,8.000000000000001e-05
9,-2.665888721663054e-02,2.352660755899945e-02,8.500000000000001e-05
9,-2.779845270997439e-02,2.216852628831053e-02,9.000000000000001e-05
9,-2.886890686989712e-02,2.075533056834808e-02,9.500000000000001e-05
9,-2.986758837869409e-02,1.929053382633812e-02,1.000000000000000e-04
9,-3.079201435678004e-02,1.777777777777777e-02,1.050000000000000e-04
9,-3.163988653551888e-02,1.622082337255691e-02,1.100000000000000e-04
9,-3.240909697108171e-02,1.462354144464397e-02,1.150000000000000e-04
9,-3.309773328512727e-02,1.298990308858293e-02,1.200000000000000e-04
9,-3.370408341927579e-02,1.132396978672656e-02,1.250000000000000e-04
9,-3.422663989155598e-02,9.629883311751304e-03,1.300000000000000e-04
9,-3.466410354424262e-02,7.911855429557848e-03,1.350000000000000e-04
9,-3.501538677376739e-02,6.174157428157521e-03,1.400000000000000e-04
9,-3.527961623467279e-02,4.421109498577256e-03,1.450000000000000e-04
9,-3.545613501088640e-02,2.657069994183988e-03,1.500000000000000e-04
9,-3.554450424891791e-02,8.864245951314878e-04,1.550000000000000e-04
9,-3.554450424891791e-02,-8.864245951314792e-04,1.600000000000000e-04
9,-3.545613501088640e-02,-2.657069994183979e-03,1.650000000000000e-04
9,-3.527961623467279e-02,-4.421109498577248e-03,1.700000000000000e-04
9,-3.501538677376740e-02,-6.174157428157512e-03,1.750000000000000e-04
9,-3.466410354424262e-02,-7.911855429557841e-03,1.800000000000000e-04
9,-3.422663989155598e-02,-9.629883311751295e-03,1.850000000000000e-04
9,-3.370408341927580e-02,-1.132396978672655e-02,1.900000000000000e-04
9,-3.309773328512727e-02,-1.298990308858292e-02,1.950000000000000e-04
9,-3.240909697108171e-02,-1.462354144464396e-02,2.000000000000000e-04
9,-3.163988653551889e-02,-1.622082337255689e-02,2.050000000000000e-04
9,-3.079201435678004e-02,-1.777777777777778e-02,2.100000000000000e-04
9,-2.986758837869410e-02,-1.929053382633811e-02,2.150000000000000e-04
9,-2.886890686989713e-02,-2.075533056834808e-02,2.200000000000000e-04
9,-2.779845270997440e-02,-2.216852628831052e-02,2.250000000000000e-04
9,-2.665888721663056e-02,-2.352660755899944e-02,2.300000000000000e-04
9,-2.545304352923444e-02,-2.482619797639369e-02,2.350000000000000e-04
9,-2.418391956518825e-02,-2.606406655394938e-02,2.400000000000000e-04
9,-2.285467056663252e-02,-2.723713575534144e-02,2.450000000000000e-04
9,-2.146860125601697e-02,-2.834248914570391e-02,2.500000000000000e-04
9,-2.002915762003991e-02,-2.937737864234647e-02,2.550000000000000e-04
9,-1.853991834238217e-02,-3.033923134692108e-02,2.600000000000000e-04
9,-1.700458590653577e-02,-3.122565594205256e-02,2.650000000000000e-04
9,-1.542697739084652e-02,-3.203444863653045e-02,2.700000000000000e-04
9,-1.381101497865581e-02,-3.276359864428116e-02,2.750000000000000e-04
9,-1.216071620713488e-02,-3.341129318349897e-02,2.800000000000000e-04
9,-1.048018397905439e-02,-3.397592198350722e-02,2.850000000000000e-04
9,-8.773596362321561e-03,-3.445608128814499e-02,2.900000000000000e-04
9,-7.045196202645251e-03,-3.485057734572600e-02,2.950000000000000e-04
9,-5.299280575152897e-03,-3.515842937689345e-02,3.000000000000000e-04
9,-3.540190101184613e-03,-3.537887201299204e-02,3.050000000000000e-04
9,-1.772298156824802e-03,-3.551135719889502e-02,3.100000000000000e-04
9,-6.531449595452550e-18,-3.555555555555556e-02,3.150000000000000e-04
9,1.772298156824788e-03,-3.551135719889502e-02,3.200000000000000e-04
9,3.540190101184600e-03,-3.537887201299205e-02,3.250000000000000e-04
9,5.299280575152883e-03,-3.515842937689346e-02,3.300000000000001e-04
9,7.045196202645237e-03,-3.485057734572600e-02,3.350000000000000e-04
9,8.773596362321548e-03,-3.445608128814499e-02,3.400000000000000e-04
9,1.048018397905435e-02,-3.397592198350723e-02,3.450000000000000e-04
9,1.216071620713487e-02,-3.341129318349897e-02,3.500000000000001e-04
9,1.381101497865580e-02,-3.276359864428117e-02,3.550000000000000e-04
9,1.542697739084650e-02,-3.203444863653046e-02,3.600000000000000e-04
9,1.700458590653576e-02,-3.122565594205257e-02,3.650000000000000e-04
9,1.853991834238216e-02,-3.033923134692109e-02,3.700000000000000e-04
9,2.002915762003991e-02,-2.937737864234648e-02,3.750000000000000e-04
9,2.146860125601696e-02,-2.834248914570392e-02,3.800000000000000e-04
9,2.285467056663251e-02,-2.723713575534144e-02,3.850000000000000e-04
9,2.418391956518822e-02,-2.606406655394940e-02,3.900000000000000e-04
9,2.545304352923442e-02,-2.482619797639372e-02,3.950000000000000e-04
9,2.665888721663054e-02,-2.352660755899946e-02,4.000000000000000e-04
9,2.779845270997439e-02,-2.216852628831053e-02,4.050000000000000e-04
9,2.886890686989710e-02,-2.075533056834811e-02,4.100000000000000e-04
9,2.986758837869410e-02,-1.929053382633810e-02,4.150000000000001e-04
9,3.079201435678005e-02,-1.777777777777777e-02,4.200000000000000e-04
9,3.163988653551888e-02,-1.622082337255691e-02,4.250000000000000e-04
9,3.240909697108171e-02,-1.462354144464397e-02,4.300000000000000e-04
9,3.309773328512725e-02,-1.298990308858296e-02,4.350000000000001e-04
9,3.370408341927579e-02,-1.132396978672658e-02,4.400000000000000e-04
9,3.422663989155599e-02,-9.629883311751276e-03,4.450000000000000e-04
9,3.466410354424261e-02,-7.911855429557853e-03,4.500000000000000e-04
9,3.501538677376739e-02,-6.174157428157525e-03,4.550000000000001e-04
9,3.527961623467278e-02,-4.421109498577276e-03,4.600000000000000e-04
9,3.545613501088640e-02,-2.657069994183993e-03,4.650000000000000e-04
9,3.554450424891791e-02,-8.864245951314922e-04,4.700000000000000e-04
9,3.554450424891791e-02,8.864245951314748e-04,4.750000000000001e-04
9,3.545613501088640e-02,2.657069994183975e-03,4.800000000000001e-04
9,3.527961623467279e-02,4.421109498577228e-03,4.850000000000000e-04
9,3.501538677376740e-02,6.174157428157508e-03,4.900000000000001e-04
9,3.466410354424262e-02,7.911855429557838e-03,4.950000000000000e-04
9,3.422663989155598e-02,9.629883311751290e-03,5.000000000000000e-04
9,3.370408341927579e-02,1.132396978672656e-02,5.050000000000000e-04
9,3.309773328512727e-02,1.298990308858291e-02,5.100000000000000e-04
9,3.240909697108171e-02,1.462354144464396e-02,5.150000000000000e-04
9,3.163988653551889e-02,1.622082337255690e-02,5.200000000000001e-04
9,3.079201435678004e-02,1.777777777777778e-02,5.250000000000001e-04
9,2.986758837869409e-02,1.929053382633812e-02,5.300000000000001e-04
9,2.886890686989713e-02,2.075533056834807e-02,5.350000000000000e-04
9,2.779845270997440e-02,2.216852628831052e-02,5.400000000000000e-04
9,2.665888721663057e-02,2.352660755899942e-02,5.450000000000000e-04
9,2.545304352923443e-02,2.482619797639371e-02,5.500000000000000e-04
9,2.418391956518823e-02,2.606406655394939e-02,5.550000000000000e-04
9,2.285467056663252e-02,2.723713575534143e-02,5.600000000000001e-04
9,2.146860125601698e-02,2.834248914570391e-02,5.650000000000001e-04
9,2.002915762003992e-02,2.937737864234647e-02,5.700000000000001e-04
9,1.853991834238215e-02,3.033923134692109e-02,5.750000000000001e-04
9,1.700458590653577e-02,3.122565594205256e-02,5.800000000000000e-04
9,1.542697739084652e-02,3.203444863653045e-02,5.850000000000000e-04
9,1.381101497865581e-02,3.276359864428116e-02,5.900000000000000e-04
9,1.216071620713492e-02,3.341129318349895e-02,5.950000000000000e-04
9,1.048018397905439e-02,3.397592198350722e-02,6.000000000000001e-04
9,8.773596362321565e-03,3.445608128814499e-02,6.050000000000001e-04
9,7.045196202645254e-03,3.485057734572600e-02,6.100000000000001e-04
9,5.299280575152869e-03,3.515842937689346e-02,6.150000000000001e-04
9,3.540190101184617e-03,3.537887201299204e-02,6.200000000000000e-04
9,1.772298156824806e-03,3.551135719889502e-02,6.250000000000000e-04
10,0.000000000000000e+00,4.000000000000000e-02,0.000000000000000e+00
10,-1.993835426427883e-03,3.995027684875690e-02,5.000000000000000e-06
10,-3.982713863832661e-03,3.980123101461606e-02,1.000000000000000e-05
10,-5.961690647046972e-03,3.955323304900514e-02,1.500000000000000e-05
10,-7.925845727975897e-03,3.920689951394175e-02,2.000000000000000e-05
10,-9.870295907611747e-03,3.876309144916312e-02,2.500000000000000e-05
10,-1.179020697643617e-02,3.822291223144563e-02,3.000000000000000e-05
10,-1.368080573302675e-02,3.758770483143634e-02,3.500000000000000e-05
10,-1.553739185098779e-02,3.685904847481630e-02,4.000000000000000e-05
10,-1.735534956470232e-02,3.603875471609676e-02,4.500000000000000e-05
10,-1.913015914485273e-02,3.512886293480914e-02,5.000000000000000e-05
10,-2.085740813517992e-02,3.413163526528623e-02,5.500000000000000e-05
10,-2.253280232254488e-02,3.304955097263979e-02,6.000000000000001e-05
10,-2.415217641301909e-02,3.188530028891690e-02,6.500000000000001e-05
10,-2.571150438746158e-02,3.064177772475912e-02,7.000000000000001e-05
10,-2.720690951083677e-02,2.932207487319306e-02,7.500000000000001e-05
10,-2.863467397038874e-02,2.792947272344291e-02,8.000000000000001e-05
10,-2.999124811870936e-02,2.646743350387439e-02,8.500000000000001e-05
10,-3.127325929872119e-02,2.493959207434934e-02,9.000000000000001e-05
10,-3.247752022863426e-02,2.334974688939159e-02,9.500000000000001e-05
10,-3.360103692603086e-02,2.170185055463038e-02,1.000000000000000e-04
10,-3.464101615137755e-02,2.000000000000000e-02,1.050000000000000e-04
10,-3.559487235245874e-02,1.824842629412653e-02,1.100000000000000e-04
10,-3.646023409246692e-02,1.645148412522446e-02,1.150000000000000e-04
10,-3.723494994576818e-02,1.461364097465579e-02,1.200000000000000e-04
10,-3.791709384668527e-02,1.273946601006738e-02,1.250000000000000e-04
10,-3.850496987800048e-02,1.083361872572022e-02,1.300000000000000e-04
10,-3.899711648727294e-02,8.900837358252580e-03,1.350000000000000e-04
10,-3.939231012048832e-02,6.945927106677212e-03,1.400000000000000e-04
10,-3.968956826400688e-02,4.973748185899414e-03,1.450000000000000e-04
10,-3.988815188724720e-02,2.989203743456987e-03,1.500000000000000e-04
10,-3.998756728003265e-02,9.972276695229239e-04,1.550000000000000e-04
10,-3.998756728003265e-02,-9.972276695229139e-04,1.600000000000000e-04
10,-3.988815188724720e-02,-2.989203743456977e-03,1.650000000000000e-04
10,-3.968956826400688e-02,-4.973748185899404e-03,1.700000000000000e-04
10,-3.939231012048833e-02,-6.945927106677201e-03,1.750000000000000e-04
10,-3.899711648727294e-02,-8.900837358252572e-03,1.800000000000000e-04
10,-3.850496987800048e-02,-1.083361872572021e-02,1.850000000000000e-04
10,-3.791709384668528e-02,-1.273946601006737e-02,1.900000000000000e-04
10,-3.723494994576818e-02,-1.461364097465578e-02,1.950000000000000e-04
10,-3.646023409246693e-02,-1.645148412522445e-02,2.000000000000000e-04
10,-3.559487235245876e-02,-1.824842629412650e-02,2.050000000000000e-04
10,-3.464101615137755e-02,-2.000000000000000e-02,2.100000000000000e-04
10,-3.360103692603086e-02,-2.170185055463037e-02,2.150000000000000e-04
10,-3.247752022863427e-02,-2.334974688939159e-02,2.200000000000000e-04
10,-3.127325929872120e-02,-2.493959207434934e-02,2.250000000000000e-04
10,-2.999124811870938e-02,-2.646743350387437e-02,2.300000000000000e-04
10,-2.863467397038874e-02,-2.792947272344291e-02,2.350000000000000e-04
10,-2.720690951083677e-02,-2.932207487319305e-02,2.400000000000000e-04
10,-2.571150438746158e-02,-3.064177772475912e-02,2.450000000000000e-04
10,-2.415217641301910e-02,-3.188530028891690e-02,2.500000000000000e-04
10,-2.253280232254491e-02,-3.304955097263978e-02,2.550000000000000e-04
10,-2.085740813517994e-02,-3.413163526528622e-02,2.600000000000000e-04
10,-1.913015914485274e-02,-3.512886293480914e-02,2.650000000000000e-04
10,-1.735534956470233e-02,-3.603875471609676e-02,2.700000000000000e-04
10,-1.553739185098779e-02,-3.685904847481630e-02,2.750000000000000e-04
10,-1.368080573302674e-02,-3.758770483143634e-02,2.800000000000000e-04
10,-1.179020697643619e-02,-3.822291223144562e-02,2.850000000000000e-04
10,-9.870295907611756e-03,-3.876309144916312e-02,2.900000000000000e-04
10,-7.925845727975906e-03,-3.920689951394175e-02,2.950000000000000e-04
10,-5.961690647047009e-03,-3.955323304900514e-02,3.000000000000000e-04
10,-3.982713863832689e-03,-3.980123101461605e-02,3.050000000000000e-04
10,-1.993835426427902e-03,-3.995027684875690e-02,3.100000000000000e-04
10,-7.347880794884118e-18,-4.000000000000000e-02,3.150000000000000e-04
10,1.993835426427887e-03,-3.995027684875690e-02,3.200000000000000e-04
10,3.982713863832675e-03,-3.980123101461606e-02,3.250000000000000e-04
10,5.961690647046994e-03,-3.955323304900514e-02,3.300000000000001e-04
10,7.925845727975892e-03,-3.920689951394176e-02,3.350000000000000e-04
10,9.870295907611742e-03,-3.876309144916312e-02,3.400000000000000e-04
10,1.179020697643614e-02,-3.822291223144564e-02,3.450000000000000e-04
10,1.368080573302673e-02,-3.758770483143634e-02,3.500000000000001e-04
10,1.553739185098777e-02,-3.685904847481632e-02,3.550000000000000e-04
10,1.735534956470232e-02,-3.603875471609677e-02,3.600000000000000e-04
10,1.913015914485273e-02,-3.512886293480914e-02,3.650000000000000e-04
10,2.085740813517993e-02,-3.413163526528622e-02,3.700000000000000e-04
10,2.253280232254489e-02,-3.304955097263979e-02,3.750000000000000e-04
10,2.415217641301909e-02,-3.188530028891690e-02,3.800000000000000e-04
10,2.571150438746157e-02,-3.064177772475913e-02,3.850000000000000e-04
10,2.720690951083675e-02,-2.932207487319308e-02,3.900000000000000e-04
10,2.863467397038872e-02,-2.792947272344293e-02,3.950000000000000e-04
10,2.999124811870936e-02,-2.646743350387439e-02,4.000000000000000e-04
10,3.127325929872119e-02,-2.493959207434935e-02,4.050000000000000e-04
10,3.247752022863424e-02,-2.334974688939162e-02,4.100000000000000e-04
10,3.360103692603086e-02,-2.170185055463037e-02,4.150000000000001e-04
10,3.464101615137755e-02,-1.999999999999999e-02,4.200000000000000e-04
10,3.559487235245874e-02,-1.824842629412653e-02,4.250000000000000e-04
10,3.646023409246692e-02,-1.645148412522447e-02,4.300000000000000e-04
10,3.723494994576815e-02,-1.461364097465583e-02,4.350000000000001e-04
10,3.791709384668526e-02,-1.273946601006740e-02,4.400000000000000e-04
10,3.850496987800049e-02,-1.083361872572019e-02,4.450000000000000e-04
10,3.899711648727294e-02,-8.900837358252586e-03,4.500000000000000e-04
10,3.939231012048832e-02,-6.945927106677216e-03,4.550000000000001e-04
10,3.968956826400688e-02,-4.973748185899436e-03,4.600000000000000e-04
10,3.988815188724720e-02,-2.989203743456992e-03,4.650000000000000e-04
10,3.998756728003265e-02,-9.972276695229287e-04,4.700000000000000e-04
10,3.998756728003265e-02,9.972276695229092e-04,4.750000000000001e-04
10,3.988815188724720e-02,2.989203743456972e-03,4.800000000000001e-04
10,3.968956826400689e-02,4.973748185899382e-03,4.850000000000000e-04
10,3.939231012048833e-02,6.945927106677197e-03,4.900000000000001e-04
10,3.899711648727294e-02,8.900837358252566e-03,4.950000000000000e-04
10,3.850496987800048e-02,1.083361872572020e-02,5.000000000000000e-04
10,3.791709384668527e-02,1.273946601006738e-02,5.050000000000000e-04
10,3.723494994576818e-02,1.461364097465578e-02,5.100000000000000e-04
10,3.646023409246693e-02,1.645148412522445e-02,5.150000000000000e-04
10,3.559487235245875e-02,1.824842629412651e-02,5.200000000000001e-04
10,3.464101615137755e-02,2.000000000000000e-02,5.250000000000001e-04
10,3.360103692603085e-02,2.170185055463038e-02,5.300000000000001e-04
10,3.247752022863427e-02,2.334974688939158e-02,5.350000000000000e-04
10,3.127325929872120e-02,2.493959207434934e-02,5.400000000000000e-04
10,2.999124811870939e-02,2.646743350387435e-02,5.450000000000000e-04
10,2.863467397038873e-02,2.792947272344292e-02,5.500000000000000e-04
10,2.720690951083677e-02,2.932207487319306e-02,5.550000000000000e-04
10,2.571150438746158e-02,3.064177772475911e-02,5.600000000000001e-04
10,2.415217641301910e-02,3.188530028891690e-02,5.650000000000001e-04
10,2.253280232254491e-02,3.304955097263977e-02,5.700000000000001e-04
10,2.085740813517992e-02,3.413163526528623e-02,5.750000000000001e-04
10,1.913015914485275e-02,3.512886293480914e-02,5.800000000000000e-04
10,1.735534956470234e-02,3.603875471609676e-02,5.850000000000000e-04
10,1.553739185098779e-02,3.685904847481630e-02,5.900000000000000e-04
10,1.368080573302678e-02,3.758770483143632e-02,5.950000000000000e-04
10,1.179020697643619e-02,3.822291223144562e-02,6.000000000000001e-04
10,9.870295907611761e-03,3.876309144916312e-02,6.050000000000001e-04
10,7.925845727975911e-03,3.920689951394175e-02,6.100000000000001e-04
10,5.961690647046978e-03,3.955323304900514e-02,6.150000000000001e-04
10,3.982713863832694e-03,3.980123101461605e-02,6.200000000000000e-04
10,1.993835426427907e-03,3.995027684875690e-02,6.250000000000000e-04
11,0.000000000000000e+00,4.444444444444444e-02,0.000000000000000e+00
11,-2.215372696030981e-03,4.438919649861876e-02,5.000000000000000e-06
11,-4.425237626480735e-03,4.422359001624006e-02,1.000000000000000e-05
11,-6.624100718941079e-03,4.394803672111681e-02,1.500000000000000e-05
11,-8.806495253306550e-03,4.356322168215750e-02,2.000000000000000e-05
11,-1.096699545290194e-02,4.307010161018124e-02,2.500000000000000e-05
11,-1.310022997381796e-02,4.246990247938402e-02,3.000000000000000e-05
11,-1.520089525891861e-02,4.176411647937370e-02,3.500000000000000e-05
11,-1.726376872331976e-02,4.095449830535144e-02,4.000000000000000e-05
11,-1.928372173855813e-02,4.004306079566307e-02,4.500000000000000e-05
11,-2.125573238316970e-02,3.903206992756570e-02,5.000000000000000e-05
11,-2.317489792797769e-02,3.792403918365136e-02,5.500000000000000e-05
11,-2.503644702504987e-02,3.672172330293310e-02,6.000000000000001e-05
11,-2.683575157002121e-02,3.542811143212989e-02,6.500000000000001e-05
11,-2.856833820829063e-02,3.404641969417679e-02,7.000000000000001e-05
11,-3.022989945648530e-02,3.258008319243673e-02,7.500000000000001e-05
11,-3.181630441154304e-02,3.103274747049212e-02,8.000000000000001e-05
11,-3.332360902078817e-02,2.940825944874931e-02,8.500000000000001e-05
11,-3.474806588746799e-02,2.771065786038816e-02,9.000000000000001e-05
11,-3.608613358737139e-02,2.594416321043510e-02,9.500000000000001e-05
11,-3.733448547336762e-02,2.411316728292264e-02,1.000000000000000e-04
11,-3.849001794597505e-02,2.222222222222222e-02,1.050000000000000e-04
11,-3.954985816939860e-02,2.027602921569614e-02,1.100000000000000e-04
11,-4.051137121385213e-02,1.827942680580496e-02,1.150000000000000e-04
11,-4.137216660640908e-02,1.623737886072866e-02,1.200000000000000e-04
11,-4.213010427409473e-02,1.415496223340820e-02,1.250000000000000e-04
11,-4.278329986444497e-02,1.203735413968913e-02,1.300000000000000e-04
11,-4.333012943030327e-02,9.889819286947311e-03,1.350000000000000e-04
11,-4.376923346720924e-02,7.717696785196900e-03,1.400000000000000e-04
11,-4.409952029334097e-02,5.526386873221570e-03,1.450000000000000e-04
11,-4.432016876360800e-02,3.321337492729985e-03,1.500000000000000e-04
11,-4.443063031114738e-02,1.108030743914360e-03,1.550000000000000e-04
11,-4.443063031114738e-02,-1.108030743914349e-03,1.600000000000000e-04
11,-4.432016876360800e-02,-3.321337492729974e-03,1.650000000000000e-04
11,-4.409952029334097e-02,-5.526386873221559e-03,1.700000000000000e-04
11,-4.376923346720925e-02,-7.717696785196889e-03,1.750000000000000e-04
11,-4.333012943030327e-02,-9.889819286947300e-03,1.800000000000000e-04
11,-4.278329986444497e-02,-1.203735413968912e-02,1.850000000000000e-04
11,-4.213010427409474e-02,-1.415496223340819e-02,1.900000000000000e-04
11,-4.137216660640908e-02,-1.623737886072865e-02,1.950000000000000e-04
11,-4.051137121385214e-02,-1.827942680580494e-02,2.000000000000000e-04
11,-3.954985816939861e-02,-2.027602921569611e-02,2.050000000000000e-04
11,-3.849001794597504e-02,-2.222222222222222e-02,2.100000000000000e-04
11,-3.733448547336762e-02,-2.411316728292263e-02,2.150000000000000e-04
11,-3.608613358737141e-02,-2.594416321043509e-02,2.200000000000000e-04
11,-3.474806588746799e-02,-2.771065786038815e-02,2.250000000000000e-04
11,-3.332360902078819e-02,-2.940825944874929e-02,2.300000000000000e-04
11,-3.181630441154305e-02,-3.103274747049211e-02,2.350000000000000e-04
11,-3.022989945648530e-02,-3.258008319243672e-02,2.400000000000000e-04
11,-2.856833820829064e-02,-3.404641969417679e-02,2.450000000000000e-04
11,-2.683575157002121e-02,-3.542811143212988e-02,2.500000000000000e-04
11,-2.503644702504989e-02,-3.672172330293309e-02,2.550000000000000e-04
11,-2.317489792797771e-02,-3.792403918365134e-02,2.600000000000000e-04
11,-2.125573238316971e-02,-3.903206992756570e-02,2.650000000000000e-04
11,-1.928372173855815e-02,-4.004306079566306e-02,2.700000000000000e-04
11,-1.726376872331976e-02,-4.095449830535144e-02,2.750000000000000e-04
11,-1.520089525891860e-02,-4.176411647937370e-02,2.800000000000000e-04
11,-1.310022997381798e-02,-4.246990247938402e-02,2.850000000000000e-04
11,-1.096699545290195e-02,-4.307010161018123e-02,2.900000000000000e-04
11,-8.806495253306562e-03,-4.356322168215750e-02,2.950000000000000e-04
11,-6.624100718941120e-03,-4.394803672111681e-02,3.000000000000000e-04
11,-4.425237626480765e-03,-4.422359001624005e-02,3.050000000000000e-04
11,-2.215372696031002e-03,-4.438919649861876e-02,3.100000000000000e-04
11,-8.164311994315686e-18,-4.444444444444444e-02,3.150000000000000e-04
11,2.215372696030985e-03,-4.438919649861876e-02,3.200000000000000e-04
11,4.425237626480749e-03,-4.422359001624006e-02,3.250000000000000e-04
11,6.624100718941103e-03,-4.394803672111681e-02,3.300000000000001e-04
11,8.806495253306545e-03,-4.356322168215750e-02,3.350000000000000e-04
11,1.096699545290193e-02,-4.307010161018124e-02,3.400000000000000e-04
11,1.310022997381793e-02,-4.246990247938404e-02,3.450000000000000e-04
11,1.520089525891858e-02,-4.176411647937371e-02,3.500000000000001e-04
11,1.726376872331975e-02,-4.095449830535146e-02,3.550000000000000e-04
11,1.928372173855813e-02,-4.004306079566308e-02,3.600000000000000e-04
11,2.125573238316969e-02,-3.903206992756571e-02,3.650000000000000e-04
11,2.317489792797769e-02,-3.792403918365136e-02,3.700000000000000e-04
11,2.503644702504988e-02,-3.672172330293309e-02,3.750000000000000e-04
11,2.683575157002121e-02,-3.542811143212989e-02,3.800000000000000e-04
11,2.856833820829063e-02,-3.404641969417680e-02,3.850000000000000e-04
11,3.022989945648528e-02,-3.258008319243675e-02,3.900000000000000e-04
11,3.181630441154302e-02,-3.103274747049214e-02,3.950000000000000e-04
11,3.332360902078817e-02,-2.940825944874932e-02,4.000000000000000e-04
11,3.474806588746798e-02,-2.771065786038816e-02,4.050000000000000e-04
11,3.608613358737137e-02,-2.594416321043514e-02,4.100000000000000e-04
11,3.733448547336762e-02,-2.411316728292263e-02,4.150000000000001e-04
11,3.849001794597506e-02,-2.222222222222221e-02,4.200000000000000e-04
11,3.954985816939859e-02,-2.027602921569614e-02,4.250000000000000e-04
11,4.051137121385213e-02,-1.827942680580496e-02,4.300000000000000e-04
11,4.137216660640906e-02,-1.623737886072870e-02,4.350000000000001e-04
11,4.213010427409473e-02,-1.415496223340822e-02,4.400000000000000e-04
11,4.278329986444498e-02,-1.203735413968910e-02,4.450000000000000e-04
11,4.333012943030326e-02,-9.889819286947316e-03,4.500000000000000e-04
11,4.376923346720924e-02,-7.717696785196905e-03,4.550000000000001e-04
11,4.409952029334097e-02,-5.526386873221595e-03,4.600000000000000e-04
11,4.432016876360800e-02,-3.321337492729991e-03,4.650000000000000e-04
11,4.443063031114738e-02,-1.108030743914365e-03,4.700000000000000e-04
11,4.443063031114738e-02,1.108030743914343e-03,4.750000000000001e-04
11,4.432016876360800e-02,3.321337492729968e-03,4.800000000000001e-04
11,4.409952029334098e-02,5.526386873221534e-03,4.850000000000000e-04
11,4.376923346720925e-02,7.717696785196885e-03,4.900000000000001e-04
11,4.333012943030327e-02,9.889819286947295e-03,4.950000000000000e-04
11,4.278329986444498e-02,1.203735413968911e-02,5.000000000000000e-04
11,4.213010427409473e-02,1.415496223340820e-02,5.050000000000000e-04
11,4.137216660640908e-02,1.623737886072864e-02,5.100000000000000e-04
11,4.051137121385214e-02,1.827942680580494e-02,5.150000000000000e-04
11,3.954985816939860e-02,2.027602921569612e-02,5.200000000000001e-04
11,3.849001794597504e-02,2.222222222222222e-02,5.250000000000001e-04
11,3.733448547336761e-02,2.411316728292264e-02,5.300000000000001e-04
11,3.608613358737141e-02,2.594416321043509e-02,5.350000000000000e-04
11,3.474806588746800e-02,2.771065786038815e-02,5.400000000000000e-04
11,3.332360902078821e-02,2.940825944874927e-02,5.450000000000000e-04
11,3.181630441154303e-02,3.103274747049213e-02,5.500000000000000e-04
11,3.022989945648529e-02,3.258008319243673e-02,5.550000000000000e-04
11,2.856833820829064e-02,3.404641969417679e-02,5.600000000000001e-04
11,2.683575157002122e-02,3.542811143212988e-02,5.650000000000001e-04
11,2.503644702504990e-02,3.672172330293308e-02,5.700000000000001e-04
11,2.317489792797768e-02,3.792403918365136e-02,5.750000000000001e-04
11,2.125573238316971e-02,3.903206992756570e-02,5.800000000000000e-04
11,1.928372173855815e-02,4.004306079566306e-02,5.850000000000000e-04
11,1.726376872331977e-02,4.095449830535144e-02,5.900000000000000e-04
11,1.520089525891864e-02,4.176411647937369e-02,5.950000000000000e-04
11,1.310022997381799e-02,4.246990247938402e-02,6.000000000000001e-04
11,1.096699545290196e-02,4.307010161018123e-02,6.050000000000001e-04
11,8.806495253306566e-03,4.356322168215750e-02,6.100000000000001e-04
11,6.624100718941085e-03,4.394803672111681e-02,6.150000000000001e-04
11,4.425237626480771e-03,4.422359001624005e-02,6.200000000000000e-04
11,2.215372696031007e-03,4.438919649861876e-02,6.250000000000000e-04
12,0.000000000000000e+00,4.888888888888888e-02,0.000000000000000e+00
12,-2.436909965634079e-03,4.882811614848064e-02,5.000000000000000e-06
12,-4.867761389128808e-03,4.864594901786407e-02,1.000000000000000e-05
12,-7.286510790835188e-03,4.834284039322850e-02,1.500000000000000e-05
12,-9.687144778637207e-03,4.791954385037325e-02,2.000000000000000e-05
12,-1.206369499819213e-02,4.737711177119936e-02,2.500000000000000e-05
12,-1.441025297119976e-02,4.671689272732243e-02,3.000000000000000e-05
12,-1.672098478481047e-02,4.594052812731107e-02,3.500000000000000e-05
12,-1.899014559565174e-02,4.504994813588659e-02,4.000000000000000e-05
12,-2.121209391241395e-02,4.404736687522938e-02,4.500000000000000e-05
12,-2.338130562148667e-02,4.293527692032228e-02,5.000000000000000e-05
12,-2.549238772077545e-02,4.171644310201650e-02,5.500000000000000e-05
12,-2.754009172755485e-02,4.039389563322641e-02,6.000000000000001e-05
12,-2.951932672702333e-02,3.897092257534288e-02,6.500000000000001e-05
12,-3.142517202911970e-02,3.745106166359448e-02,7.000000000000001e-05
12,-3.325288940213383e-02,3.583809151168040e-02,7.500000000000001e-05
12,-3.499793485269734e-02,3.413602221754133e-02,8.000000000000001e-05
12,-3.665596992286699e-02,3.234908539362424e-02,8.500000000000001e-05
12,-3.822287247621479e-02,3.048172364642697e-02,9.000000000000001e-05
12,-3.969474694610853e-02,2.853857953147861e-02,9.500000000000001e-05
12,-4.106793402070438e-02,2.652448401121491e-02,1.000000000000000e-04
12,-4.233901974057255e-02,2.444444444444444e-02,1.050000000000000e-04
12,-4.350484398633846e-02,2.230363213726575e-02,1.100000000000000e-04
12,-4.456250833523735e-02,2.010736948638545e-02,1.150000000000000e-04
12,-4.550938326704999e-02,1.786111674680152e-02,1.200000000000000e-04
12,-4.634311470150421e-02,1.557045845674902e-02,1.250000000000000e-04
12,-4.706162985088947e-02,1.324108955365804e-02,1.300000000000000e-04
12,-4.766314237333359e-02,1.087880121564204e-02,1.350000000000000e-04
12,-4.814615681393017e-02,8.489466463716590e-03,1.400000000000000e-04
12,-4.850947232267507e-02,6.079025560543727e-03,1.450000000000000e-04
12,-4.875218563996880e-02,3.653471242002983e-03,1.500000000000000e-04
12,-4.887369334226212e-02,1.218833818305796e-03,1.550000000000000e-04
12,-4.887369334226212e-02,-1.218833818305784e-03,1.600000000000000e-04
12,-4.875218563996880e-02,-3.653471242002971e-03,1.650000000000000e-04
12,-4.850947232267507e-02,-6.079025560543715e-03,1.700000000000000e-04
12,-4.814615681393017e-02,-8.489466463716578e-03,1.750000000000000e-04
12,-4.766314237333359e-02,-1.087880121564203e-02,1.800000000000000e-04
12,-4.706162985088947e-02,-1.324108955365803e-02,1.850000000000000e-04
12,-4.634311470150422e-02,-1.557045845674901e-02,1.900000000000000e-04
12,-4.550938326704999e-02,-1.786111674680151e-02,1.950000000000000e-04
12,-4.456250833523735e-02,-2.010736948638544e-02,2.000000000000000e-04
12,-4.350484398633848e-02,-2.230363213726572e-02,2.050000000000000e-04
12,-4.233901974057255e-02,-2.444444444444445e-02,2.100000000000000e-04
12,-4.106793402070438e-02,-2.652448401121490e-02,2.150000000000000e-04
12,-3.969474694610855e-02,-2.853857953147860e-02,2.200000000000000e-04
12,-3.822287247621479e-02,-3.048172364642696e-02,2.250000000000000e-04
12,-3.665596992286702e-02,-3.234908539362422e-02,2.300000000000000e-04
12,-3.499793485269735e-02,-3.413602221754133e-02,2.350000000000000e-04
12,-3.325288940213383e-02,-3.583809151168039e-02,2.400000000000000e-04
12,-3.142517202911971e-02,-3.745106166359447e-02,2.450000000000000e-04
12,-2.951932672702334e-02,-3.897092257534287e-02,2.500000000000000e-04
12,-2.754009172755488e-02,-4.039389563322639e-02,2.550000000000000e-04
12,-2.549238772077548e-02,-4.171644310201648e-02,2.600000000000000e-04
12,-2.338130562148668e-02,-4.293527692032227e-02,2.650000000000000e-04
12,-2.121209391241396e-02,-4.404736687522937e-02,2.700000000000000e-04
12,-1.899014559565174e-02,-4.504994813588659e-02,2.750000000000000e-04
12,-1.672098478481046e-02,-4.594052812731107e-02,2.800000000000000e-04
12,-1.441025297119978e-02,-4.671689272732242e-02,2.850000000000000e-04
12,-1.206369499819215e-02,-4.737711177119935e-02,2.900000000000000e-04
12,-9.687144778637219e-03,-4.791954385037325e-02,2.950000000000000e-04
12,-7.286510790835233e-03,-4.834284039322850e-02,3.000000000000000e-04
12,-4.867761389128842e-03,-4.864594901786406e-02,3.050000000000000e-04
12,-2.436909965634102e-03,-4.882811614848064e-02,3.100000000000000e-04
12,-8.980743193747256e-18,-4.888888888888888e-02,3.150000000000000e-04
12,2.436909965634084e-03,-4.882811614848064e-02,3.200000000000000e-04
12,4.867761389128825e-03,-4.864594901786407e-02,3.250000000000000e-04
12,7.286510790835214e-03,-4.834284039322850e-02,3.300000000000001e-04
12,9.687144778637200e-03,-4.791954385037325e-02,3.350000000000000e-04
12,1.206369499819213e-02,-4.737711177119936e-02,3.400000000000000e-04
12,1.441025297119972e-02,-4.671689272732245e-02,3.450000000000000e-04
12,1.672098478481044e-02,-4.594052812731108e-02,3.500000000000001e-04
12,1.899014559565172e-02,-4.504994813588660e-02,3.550000000000000e-04
12,2.121209391241394e-02,-4.404736687522938e-02,3.600000000000000e-04
12,2.338130562148667e-02,-4.293527692032228e-02,3.650000000000000e-04
12,2.549238772077547e-02,-4.171644310201649e-02,3.700000000000000e-04
12,2.754009172755487e-02,-4.039389563322640e-02,3.750000000000000e-04
12,2.951932672702333e-02,-3.897092257534288e-02,3.800000000000000e-04
12,3.142517202911969e-02,-3.745106166359449e-02,3.850000000000000e-04
12,3.325288940213381e-02,-3.583809151168042e-02,3.900000000000000e-04
12,3.499793485269732e-02,-3.413602221754135e-02,3.950000000000000e-04
12,3.665596992286699e-02,-3.234908539362425e-02,4.000000000000000e-04
12,3.822287247621478e-02,-3.048172364642698e-02,4.050000000000000e-04
12,3.969474694610851e-02,-2.853857953147865e-02,4.100000000000000e-04
12,4.106793402070438e-02,-2.652448401121489e-02,4.150000000000001e-04
12,4.233901974057256e-02,-2.444444444444442e-02,4.200000000000000e-04
12,4.350484398633845e-02,-2.230363213726576e-02,4.250000000000000e-04
12,4.456250833523735e-02,-2.010736948638546e-02,4.300000000000000e-04
12,4.550938326704997e-02,-1.786111674680157e-02,4.350000000000001e-04
12,4.634311470150421e-02,-1.557045845674905e-02,4.400000000000000e-04
12,4.706162985088948e-02,-1.324108955365800e-02,4.450000000000000e-04
12,4.766314237333359e-02,-1.087880121564205e-02,4.500000000000000e-04
12,4.814615681393017e-02,-8.489466463716596e-03,4.550000000000001e-04
12,4.850947232267507e-02,-6.079025560543755e-03,4.600000000000000e-04
12,4.875218563996880e-02,-3.653471242002990e-03,4.650000000000000e-04
12,4.887369334226212e-02,-1.218833818305802e-03,4.700000000000000e-04
12,4.887369334226212e-02,1.218833818305778e-03,4.750000000000001e-04
12,4.875218563996880e-02,3.653471242002965e-03,4.800000000000001e-04
12,4.850947232267508e-02,6.079025560543688e-03,4.850000000000000e-04
12,4.814615681393017e-02,8.489466463716573e-03,4.900000000000001e-04
12,4.766314237333359e-02,1.087880121564203e-02,4.950000000000000e-04
12,4.706162985088948e-02,1.324108955365802e-02,5.000000000000000e-04
12,4.634311470150421e-02,1.557045845674902e-02,5.050000000000000e-04
12,4.550938326704999e-02,1.786111674680151e-02,5.100000000000000e-04
12,4.456250833523735e-02,2.010736948638544e-02,5.150000000000000e-04
12,4.350484398633846e-02,2.230363213726573e-02,5.200000000000001e-04
12,4.233901974057255e-02,2.444444444444444e-02,5.250000000000001e-04
12,4.106793402070437e-02,2.652448401121491e-02,5.300000000000001e-04
12,3.969474694610855e-02,2.853857953147860e-02,5.350000000000000e-04
12,3.822287247621479e-02,3.048172364642696e-02,5.400000000000000e-04
12,3.665596992286703e-02,3.234908539362420e-02,5.450000000000000e-04
12,3.499793485269734e-02,3.413602221754134e-02,5.500000000000000e-04
12,3.325288940213382e-02,3.583809151168041e-02,5.550000000000000e-04
12,3.142517202911971e-02,3.745106166359446e-02,5.600000000000001e-04
12,2.951932672702334e-02,3.897092257534287e-02,5.650000000000001e-04
12,2.754009172755489e-02,4.039389563322639e-02,5.700000000000001e-04
12,2.549238772077545e-02,4.171644310201650e-02,5.750000000000001e-04
12,2.338130562148669e-02,4.293527692032227e-02,5.800000000000000e-04
12,2.121209391241397e-02,4.404736687522937e-02,5.850000000000000e-04
12,1.899014559565174e-02,4.504994813588659e-02,5.900000000000000e-04
12,1.672098478481051e-02,4.594052812731106e-02,5.950000000000000e-04
12,1.441025297119979e-02,4.671689272732242e-02,6.000000000000001e-04
12,1.206369499819215e-02,4.737711177119935e-02,6.050000000000001e-04
12,9.687144778637224e-03,4.791954385037325e-02,6.100000000000001e-04
12,7.286510790835195e-03,4.834284039322850e-02,6.150000000000001e-04
12,4.867761389128848e-03,4.864594901786406e-02,6.200000000000000e-04
12,2.436909965634108e-03,4.882811614848064e-02,6.250000000000000e-04
13,0.000000000000000e+00,5.333333333333334e-02,0.000000000000000e+00
13,-2.658447235237177e-03,5.326703579834253e-02,5.000000000000000e-06
13,-5.310285151776882e-03,5.306830801948808e-02,1.000000000000000e-05
13,-7.948920862729296e-03,5.273764406534019e-02,1.500000000000000e-05
13,-1.056779430396786e-02,5.227586601858901e-02,2.000000000000000e-05
13,-1.316039454348233e-02,5.168412193221750e-02,2.500000000000000e-05
13,-1.572027596858156e-02,5.096388297526084e-02,3.000000000000000e-05
13,-1.824107431070233e-02,5.011693977524845e-02,3.500000000000000e-05
13,-2.071652246798372e-02,4.914539796642174e-02,4.000000000000000e-05
13,-2.314046608626976e-02,4.805167295479569e-02,4.500000000000000e-05
13,-2.550687885980365e-02,4.683848391307886e-02,5.000000000000000e-05
13,-2.780987751357323e-02,4.550884702038164e-02,5.500000000000000e-05
13,-3.004373643005985e-02,4.406606796351972e-02,6.000000000000001e-05
13,-3.220290188402546e-02,4.251373371855587e-02,6.500000000000001e-05
13,-3.428200584994877e-02,4.085570363301216e-02,7.000000000000001e-05
13,-3.627587934778236e-02,3.909609983092408e-02,7.500000000000001e-05
13,-3.817956529385165e-02,3.723929696459055e-02,8.000000000000001e-05
13,-3.998833082494582e-02,3.528991133849918e-02,8.500000000000001e-05
13,-4.169767906496159e-02,3.325278943246580e-02,9.000000000000001e-05
13,-4.330336030484568e-02,3.113299585252212e-02,9.500000000000001e-05
13,-4.480138256804114e-02,2.893580073950718e-02,1.000000000000000e-04
13,-4.618802153517007e-02,2.666666666666666e-02,1.050000000000000e-04
13,-4.745982980327833e-02,2.433123505883537e-02,1.100000000000000e-04
13,-4.861364545662257e-02,2.193531216696595e-02,1.150000000000000e-04
13,-4.964659992769090e-02,1.948485463287439e-02,1.200000000000000e-04
13,-5.055612512891369e-02,1.698595468008984e-02,1.250000000000000e-04
13,-5.133995983733398e-02,1.444482496762696e-02,1.300000000000000e-04
13,-5.199615531636393e-02,1.186778314433677e-02,1.350000000000000e-04
13,-5.252308016065110e-02,9.261236142236283e-03,1.400000000000000e-04
13,-5.291942435200918e-02,6.631664247865886e-03,1.450000000000000e-04
13,-5.318420251632961e-02,3.985604991275983e-03,1.500000000000000e-04
13,-5.331675637337687e-02,1.329636892697232e-03,1.550000000000000e-04
13,-5.331675637337687e-02,-1.329636892697219e-03,1.600000000000000e-04
13,-5.318420251632961e-02,-3.985604991275970e-03,1.650000000000000e-04
13,-5.291942435200918e-02,-6.631664247865872e-03,1.700000000000000e-04
13,-5.252308016065110e-02,-9.261236142236269e-03,1.750000000000000e-04
13,-5.199615531636393e-02,-1.186778314433676e-02,1.800000000000000e-04
13,-5.133995983733398e-02,-1.444482496762694e-02,1.850000000000000e-04
13,-5.055612512891370e-02,-1.698595468008983e-02,1.900000000000000e-04
13,-4.964659992769091e-02,-1.948485463287438e-02,1.950000000000000e-04
13,-4.861364545662258e-02,-2.193531216696594e-02,2.000000000000000e-04
13,-4.745982980327834e-02,-2.433123505883534e-02,2.050000000000000e-04
13,-4.618802153517006e-02,-2.666666666666668e-02,2.100000000000000e-04
13,-4.480138256804115e-02,-2.893580073950716e-02,2.150000000000000e-04
13,-4.330336030484570e-02,-3.113299585252212e-02,2.200000000000000e-04
13,-4.169767906496160e-02,-3.325278943246578e-02,2.250000000000000e-04
13,-3.998833082494584e-02,-3.528991133849916e-02,2.300000000000000e-04
13,-3.817956529385166e-02,-3.723929696459054e-02,2.350000000000000e-04
13,-3.627587934778237e-02,-3.909609983092407e-02,2.400000000000000e-04
13,-3.428200584994878e-02,-4.085570363301216e-02,2.450000000000000e-04
13,-3.220290188402546e-02,-4.251373371855587e-02,2.500000000000000e-04
13,-3.004373643005987e-02,-4.406606796351971e-02,2.550000000000000e-04
13,-2.780987751357326e-02,-4.550884702038163e-02,2.600000000000000e-04
13,-2.550687885980366e-02,-4.683848391307885e-02,2.650000000000000e-04
13,-2.314046608626978e-02,-4.805167295479568e-02,2.700000000000000e-04
13,-2.071652246798372e-02,-4.914539796642174e-02,2.750000000000000e-04
13,-1.824107431070232e-02,-5.011693977524845e-02,2.800000000000000e-04
13,-1.572027596858158e-02,-5.096388297526083e-02,2.850000000000000e-04
13,-1.316039454348234e-02,-5.168412193221749e-02,2.900000000000000e-04
13,-1.056779430396788e-02,-5.227586601858901e-02,2.950000000000000e-04
13,-7.948920862729346e-03,-5.273764406534018e-02,3.000000000000000e-04
13,-5.310285151776920e-03,-5.306830801948807e-02,3.050000000000000e-04
13,-2.658447235237203e-03,-5.326703579834253e-02,3.100000000000000e-04
13,-9.797174393178826e-18,-5.333333333333334e-02,3.150000000000000e-04
13,2.658447235237183e-03,-5.326703579834253e-02,3.200000000000000e-04
13,5.310285151776900e-03,-5.306830801948808e-02,3.250000000000000e-04
13,7.948920862729325e-03,-5.273764406534019e-02,3.300000000000001e-04
13,1.056779430396786e-02,-5.227586601858902e-02,3.350000000000000e-04
13,1.316039454348232e-02,-5.168412193221750e-02,3.400000000000000e-04
13,1.572027596858152e-02,-5.096388297526086e-02,3.450000000000000e-04
13,1.824107431070230e-02,-5.011693977524846e-02,3.500000000000001e-04
13,2.071652246798370e-02,-4.914539796642176e-02,3.550000000000000e-04
13,2.314046608626976e-02,-4.805167295479570e-02,3.600000000000000e-04
13,2.550687885980364e-02,-4.683848391307886e-02,3.650000000000000e-04
13,2.780987751357324e-02,-4.550884702038163e-02,3.700000000000000e-04
13,3.004373643005986e-02,-4.406606796351972e-02,3.750000000000000e-04
13,3.220290188402545e-02,-4.251373371855587e-02,3.800000000000000e-04
13,3.428200584994876e-02,-4.085570363301217e-02,3.850000000000000e-04
13,3.627587934778234e-02,-3.909609983092410e-02,3.900000000000000e-04
13,3.817956529385163e-02,-3.723929696459058e-02,3.950000000000000e-04
13,3.998833082494581e-02,-3.528991133849919e-02,4.000000000000000e-04
13,4.169767906496159e-02,-3.325278943246580e-02,4.050000000000000e-04
13,4.330336030484565e-02,-3.113299585252217e-02,4.100000000000000e-04
13,4.480138256804115e-02,-2.893580073950716e-02,4.150000000000001e-04
13,4.618802153517007e-02,-2.666666666666665e-02,4.200000000000000e-04
13,4.745982980327832e-02,-2.433123505883537e-02,4.250000000000000e-04
13,4.861364545662257e-02,-2.193531216696596e-02,4.300000000000000e-04
13,4.964659992769088e-02,-1.948485463287444e-02,4.350000000000001e-04
13,5.055612512891369e-02,-1.698595468008987e-02,4.400000000000000e-04
13,5.133995983733399e-02,-1.444482496762692e-02,4.450000000000000e-04
13,5.199615531636392e-02,-1.186778314433678e-02,4.500000000000000e-04
13,5.252308016065110e-02,-9.261236142236288e-03,4.550000000000001e-04
13,5.291942435200917e-02,-6.631664247865915e-03,4.600000000000000e-04
13,5.318420251632961e-02,-3.985604991275989e-03,4.650000000000000e-04
13,5.331675637337687e-02,-1.329636892697238e-03,4.700000000000000e-04
13,5.331675637337687e-02,1.329636892697212e-03,4.750000000000001e-04
13,5.318420251632961e-02,3.985604991275963e-03,4.800000000000001e-04
13,5.291942435200919e-02,6.631664247865842e-03,4.850000000000000e-04
13,5.252308016065110e-02,9.261236142236264e-03,4.900000000000001e-04
13,5.199615531636393e-02,1.186778314433676e-02,4.950000000000000e-04
13,5.133995983733398e-02,1.444482496762694e-02,5.000000000000000e-04
13,5.055612512891369e-02,1.698595468008984e-02,5.050000000000000e-04
13,4.964659992769091e-02,1.948485463287437e-02,5.100000000000000e-04
13,4.861364545662258e-02,2.193531216696593e-02,5.150000000000000e-04
13,4.745982980327833e-02,2.433123505883535e-02,5.200000000000001e-04
13,4.618802153517006e-02,2.666666666666667e-02,5.250000000000001e-04
13,4.480138256804114e-02,2.893580073950718e-02,5.300000000000001e-04
13,4.330336030484570e-02,3.113299585252211e-02,5.350000000000000e-04
13,4.169767906496161e-02,3.325278943246578e-02,5.400000000000000e-04
13,3.998833082494586e-02,3.528991133849913e-02,5.450000000000000e-04
13,3.817956529385165e-02,3.723929696459056e-02,5.500000000000000e-04
13,3.627587934778236e-02,3.909609983092409e-02,5.550000000000000e-04
13,3.428200584994878e-02,4.085570363301215e-02,5.600000000000001e-04
13,3.220290188402547e-02,4.251373371855587e-02,5.650000000000001e-04
13,3.004373643005988e-02,4.406606796351970e-02,5.700000000000001e-04
13,2.780987751357322e-02,4.550884702038164e-02,5.750000000000001e-04
13,2.550687885980366e-02,4.683848391307885e-02,5.800000000000000e-04
13,2.314046608626978e-02,4.805167295479568e-02,5.850000000000000e-04
13,2.071652246798372e-02,4.914539796642174e-02,5.900000000000000e-04
13,1.824107431070237e-02,5.011693977524843e-02,5.950000000000000e-04
13,1.572027596858159e-02,5.096388297526083e-02,6.000000000000001e-04
13,1.316039454348235e-02,5.168412193221749e-02,6.050000000000001e-04
13,1.056779430396788e-02,5.227586601858901e-02,6.100000000000001e-04
13,7.948920862729305e-03,5.273764406534019e-02,6.150000000000001e-04
13,5.310285151776926e-03,5.306830801948807e-02,6.200000000000000e-04
13,2.658447235237209e-03,5.326703579834253e-02,6.250000000000000e-04
14,0.000000000000000e+00,5.777777777777778e-02,0.000000000000000e+00
14,-2.879984504840275e-03,5.770595544820441e-02,5.000000000000000e-06
14,-5.752808914424956e-03,5.749066702111209e-02,1.000000000000000e-05
14,-8.611330934623405e-03,5.713244773745187e-02,1.500000000000000e-05
14,-1.144844382929852e-02,5.663218818680476e-02,2.000000000000000e-05
14,-1.425709408877252e-02,5.599113209323562e-02,2.500000000000000e-05
14,-1.703029896596336e-02,5.521087322319924e-02,3.000000000000000e-05
14,-1.976116383659419e-02,5.429335142318582e-02,3.500000000000000e-05
14,-2.244289934031569e-02,5.324084779695689e-02,4.000000000000000e-05
14,-2.506883826012558e-02,5.205597903436200e-02,4.500000000000000e-05
14,-2.763245209812061e-02,5.074169090583543e-02,5.000000000000000e-05
14,-3.012736730637100e-02,4.930125093874678e-02,5.500000000000000e-05
14,-3.254738113256483e-02,4.773824029381304e-02,6.000000000000001e-05
14,-3.488647704102758e-02,4.605654486176886e-02,6.500000000000001e-05
14,-3.713883967077784e-02,4.426034560242984e-02,7.000000000000001e-05
14,-3.929886929343089e-02,4.235410815016775e-02,7.500000000000001e-05
14,-4.136119573500596e-02,4.034257171163977e-02,8.000000000000001e-05
14,-4.332069172702464e-02,3.823073728337412e-02,8.500000000000001e-05
14,-4.517248565370839e-02,3.602385521850461e-02,9.000000000000001e-05
14,-4.691197366358282e-02,3.372741217356563e-02,9.500000000000001e-05
14,-4.853483111537791e-02,3.134711746779945e-02,1.000000000000000e-04
14,-5.003702332976757e-02,2.888888888888889e-02,1.050000000000000e-04
14,-5.141481562021818e-02,2.635883798040498e-02,1.100000000000000e-04
14,-5.266478257800779e-02,2.376325484754645e-02,1.150000000000000e-04
14,-5.378381658833181e-02,2.110859251894726e-02,1.200000000000000e-04
14,-5.476913555632317e-02,1.840145090343066e-02,1.250000000000000e-04
14,-5.561828982377848e-02,1.564856038159587e-02,1.300000000000000e-04
14,-5.632916825939425e-02,1.285676507303151e-02,1.350000000000000e-04
14,-5.690000350737202e-02,1.003300582075597e-02,1.400000000000000e-04
14,-5.732937638134328e-02,7.184302935188043e-03,1.450000000000000e-04
14,-5.761621939269041e-02,4.317738740548981e-03,1.500000000000000e-04
14,-5.775981940449161e-02,1.440439967088668e-03,1.550000000000000e-04
14,-5.775981940449161e-02,-1.440439967088654e-03,1.600000000000000e-04
14,-5.761621939269041e-02,-4.317738740548967e-03,1.650000000000000e-04
14,-5.732937638134328e-02,-7.184302935188028e-03,1.700000000000000e-04
14,-5.690000350737203e-02,-1.003300582075596e-02,1.750000000000000e-04
14,-5.632916825939425e-02,-1.285676507303149e-02,1.800000000000000e-04
14,-5.561828982377848e-02,-1.564856038159585e-02,1.850000000000000e-04
14,-5.476913555632318e-02,-1.840145090343065e-02,1.900000000000000e-04
14,-5.378381658833182e-02,-2.110859251894725e-02,1.950000000000000e-04
14,-5.266478257800779e-02,-2.376325484754643e-02,2.000000000000000e-04
14,-5.141481562021821e-02,-2.635883798040495e-02,2.050000000000000e-04
14,-5.003702332976757e-02,-2.888888888888890e-02,2.100000000000000e-04
14,-4.853483111537792e-02,-3.134711746779943e-02,2.150000000000000e-04
14,-4.691197366358284e-02,-3.372741217356563e-02,2.200000000000000e-04
14,-4.517248565370840e-02,-3.602385521850460e-02,2.250000000000000e-04
14,-4.332069172702466e-02,-3.823073728337409e-02,2.300000000000000e-04
14,-4.136119573500596e-02,-4.034257171163975e-02,2.350000000000000e-04
14,-3.929886929343090e-02,-4.235410815016775e-02,2.400000000000000e-04
14,-3.713883967077784e-02,-4.426034560242983e-02,2.450000000000000e-04
14,-3.488647704102758e-02,-4.605654486176886e-02,2.500000000000000e-04
14,-3.254738113256486e-02,-4.773824029381302e-02,2.550000000000000e-04
14,-3.012736730637103e-02,-4.930125093874676e-02,2.600000000000000e-04
14,-2.763245209812063e-02,-5.074169090583542e-02,2.650000000000000e-04
14,-2.506883826012559e-02,-5.205597903436199e-02,2.700000000000000e-04
14,-2.244289934031569e-02,-5.324084779695689e-02,2.750000000000000e-04
14,-1.976116383659418e-02,-5.429335142318582e-02,2.800000000000000e-04
14,-1.703029896596338e-02,-5.521087322319924e-02,2.850000000000000e-04
14,-1.425709408877254e-02,-5.599113209323561e-02,2.900000000000000e-04
14,-1.144844382929853e-02,-5.663218818680476e-02,2.950000000000000e-04
14,-8.611330934623457e-03,-5.713244773745187e-02,3.000000000000000e-04
14,-5.752808914424996e-03,-5.749066702111208e-02,3.050000000000000e-04
14,-2.879984504840303e-03,-5.770595544820441e-02,3.100000000000000e-04
14,-1.061360559261040e-17,-5.777777777777778e-02,3.150000000000000e-04
14,2.879984504840281e-03,-5.770595544820441e-02,3.200000000000000e-04
14,5.752808914424975e-03,-5.749066702111209e-02,3.250000000000000e-04
14,8.611330934623435e-03,-5.713244773745187e-02,3.300000000000001e-04
14,1.144844382929851e-02,-5.663218818680477e-02,3.350000000000000e-04
14,1.425709408877252e-02,-5.599113209323562e-02,3.400000000000000e-04
14,1.703029896596332e-02,-5.521087322319927e-02,3.450000000000000e-04
14,1.976116383659416e-02,-5.429335142318583e-02,3.500000000000001e-04
14,2.244289934031567e-02,-5.324084779695690e-02,3.550000000000000e-04
14,2.506883826012557e-02,-5.205597903436201e-02,3.600000000000000e-04
14,2.763245209812061e-02,-5.074169090583543e-02,3.650000000000000e-04
14,3.012736730637101e-02,-4.930125093874677e-02,3.700000000000000e-04
14,3.254738113256486e-02,-4.773824029381303e-02,3.750000000000000e-04
14,3.488647704102757e-02,-4.605654486176886e-02,3.800000000000000e-04
14,3.713883967077783e-02,-4.426034560242985e-02,3.850000000000000e-04
14,3.929886929343087e-02,-4.235410815016778e-02,3.900000000000000e-04
14,4.136119573500593e-02,-4.034257171163980e-02,3.950000000000000e-04
14,4.332069172702463e-02,-3.823073728337412e-02,4.000000000000000e-04
14,4.517248565370838e-02,-3.602385521850462e-02,4.050000000000000e-04
14,4.691197366358279e-02,-3.372741217356568e-02,4.100000000000000e-04
14,4.853483111537792e-02,-3.134711746779942e-02,4.150000000000001e-04
14,5.003702332976758e-02,-2.888888888888887e-02,4.200000000000000e-04
14,5.141481562021818e-02,-2.635883798040499e-02,4.250000000000000e-04
14,5.266478257800779e-02,-2.376325484754645e-02,4.300000000000000e-04
14,5.378381658833178e-02,-2.110859251894731e-02,4.350000000000001e-04
14,5.476913555632316e-02,-1.840145090343069e-02,4.400000000000000e-04
14,5.561828982377849e-02,-1.564856038159583e-02,4.450000000000000e-04
14,5.632916825939425e-02,-1.285676507303151e-02,4.500000000000000e-04
14,5.690000350737202e-02,-1.003300582075598e-02,4.550000000000001e-04
14,5.732937638134327e-02,-7.184302935188075e-03,4.600000000000000e-04
14,5.761621939269041e-02,-4.317738740548988e-03,4.650000000000000e-04
14,5.775981940449161e-02,-1.440439967088675e-03,4.700000000000000e-04
14,5.775981940449161e-02,1.440439967088647e-03,4.750000000000001e-04
14,5.761621939269041e-02,4.317738740548960e-03,4.800000000000001e-04
14,5.732937638134328e-02,7.184302935187996e-03,4.850000000000000e-04
14,5.690000350737203e-02,1.003300582075595e-02,4.900000000000001e-04
14,5.632916825939425e-02,1.285676507303149e-02,4.950000000000000e-04
14,5.561828982377848e-02,1.564856038159585e-02,5.000000000000000e-04
14,5.476913555632317e-02,1.840145090343066e-02,5.050000000000000e-04
14,5.378381658833182e-02,2.110859251894724e-02,5.100000000000000e-04
14,5.266478257800779e-02,2.376325484754643e-02,5.150000000000000e-04
14,5.141481562021819e-02,2.635883798040497e-02,5.200000000000001e-04
14,5.003702332976757e-02,2.888888888888889e-02,5.250000000000001e-04
14,4.853483111537790e-02,3.134711746779945e-02,5.300000000000001e-04
14,4.691197366358284e-02,3.372741217356562e-02,5.350000000000000e-04
14,4.517248565370841e-02,3.602385521850460e-02,5.400000000000000e-04
14,4.332069172702468e-02,3.823073728337406e-02,5.450000000000000e-04
14,4.136119573500595e-02,4.034257171163978e-02,5.500000000000000e-04
14,3.929886929343088e-02,4.235410815016776e-02,5.550000000000000e-04
14,3.713883967077784e-02,4.426034560242983e-02,5.600000000000001e-04
14,3.488647704102759e-02,4.605654486176886e-02,5.650000000000001e-04
14,3.254738113256487e-02,4.773824029381301e-02,5.700000000000001e-04
14,3.012736730637099e-02,4.930125093874678e-02,5.750000000000001e-04
14,2.763245209812063e-02,5.074169090583542e-02,5.800000000000000e-04
14,2.506883826012560e-02,5.205597903436199e-02,5.850000000000000e-04
14,2.244289934031570e-02,5.324084779695689e-02,5.900000000000000e-04
14,1.976116383659424e-02,5.429335142318580e-02,5.950000000000000e-04
14,1.703029896596339e-02,5.521087322319924e-02,6.000000000000001e-04
14,1.425709408877254e-02,5.599113209323561e-02,6.050000000000001e-04
14,1.144844382929854e-02,5.663218818680476e-02,6.100000000000001e-04
14,8.611330934623412e-03,5.713244773745187e-02,6.150000000000001e-04
14,5.752808914425003e-03,5.749066702111208e-02,6.200000000000000e-04
14,2.879984504840310e-03,5.770595544820441e-02,6.250000000000000e-04
15,0.000000000000000e+00,6.222222222222222e-02,0.000000000000000e+00
15,-3.101521774443373e-03,6.214487509806628e-02,5.000000000000000e-06
15,-6.195332677073029e-03,6.191302602273609e-02,1.000000000000000e-05
15,-9.273741006517513e-03,6.152725140956355e-02,1.500000000000000e-05
15,-1.232909335462917e-02,6.098851035502050e-02,2.000000000000000e-05
15,-1.535379363406272e-02,6.029814225425374e-02,2.500000000000000e-05
15,-1.834032196334515e-02,5.945786347113764e-02,3.000000000000000e-05
15,-2.128125336248605e-02,5.846976307112319e-02,3.500000000000000e-05
15,-2.416927621264767e-02,5.733629762749202e-02,4.000000000000000e-05
15,-2.699721043398139e-02,5.606028511392830e-02,4.500000000000000e-05
15,-2.975802533643758e-02,5.464489789859199e-02,5.000000000000000e-05
15,-3.244485709916876e-02,5.309365485711191e-02,5.500000000000000e-05
15,-3.505102583506982e-02,5.141041262410634e-02,6.000000000000001e-05
15,-3.757005219802970e-02,4.959935600498185e-02,6.500000000000001e-05
15,-3.999567349160689e-02,4.766498757184752e-02,7.000000000000001e-05
15,-4.232185923907942e-02,4.561211646941142e-02,7.500000000000001e-05
15,-4.454282617616026e-02,4.344584645868898e-02,8.000000000000001e-05
15,-4.665305262910344e-02,4.117156322824904e-02,8.500000000000001e-05
15,-4.864729224245519e-02,3.879492100454342e-02,9.000000000000001e-05
15,-5.052058702231996e-02,3.632182849460914e-02,9.500000000000001e-05
15,-5.226827966271466e-02,3.375843419609170e-02,1.000000000000000e-04
15,-5.388602512436507e-02,3.111111111111111e-02,1.050000000000000e-04
15,-5.536980143715804e-02,2.838644090197459e-02,1.100000000000000e-04
15,-5.671591969939299e-02,2.559119752812694e-02,1.150000000000000e-04
15,-5.792103324897271e-02,2.273233040502012e-02,1.200000000000000e-04
15,-5.898214598373264e-02,1.981694712677148e-02,1.250000000000000e-04
15,-5.989661981022297e-02,1.685229579556478e-02,1.300000000000000e-04
15,-6.066218120242458e-02,1.384574700172624e-02,1.350000000000000e-04
15,-6.127692685409294e-02,1.080477549927566e-02,1.400000000000000e-04
15,-6.173932841067737e-02,7.736941622510199e-03,1.450000000000000e-04
15,-6.204823626905120e-02,4.649872489821979e-03,1.500000000000000e-04
15,-6.220288243560634e-02,1.551243041480104e-03,1.550000000000000e-04
15,-6.220288243560634e-02,-1.551243041480088e-03,1.600000000000000e-04
15,-6.204823626905120e-02,-4.649872489821964e-03,1.650000000000000e-04
15,-6.173932841067737e-02,-7.736941622510183e-03,1.700000000000000e-04
15,-6.127692685409295e-02,-1.080477549927565e-02,1.750000000000000e-04
15,-6.066218120242458e-02,-1.384574700172622e-02,1.800000000000000e-04
15,-5.989661981022297e-02,-1.685229579556477e-02,1.850000000000000e-04
15,-5.898214598373264e-02,-1.981694712677147e-02,1.900000000000000e-04
15,-5.792103324897272e-02,-2.273233040502011e-02,1.950000000000000e-04
15,-5.671591969939300e-02,-2.559119752812693e-02,2.000000000000000e-04
15,-5.536980143715806e-02,-2.838644090197456e-02,2.050000000000000e-04
15,-5.388602512436506e-02,-3.111111111111112e-02,2.100000000000000e-04
15,-5.226827966271467e-02,-3.375843419609169e-02,2.150000000000000e-04
15,-5.052058702231997e-02,-3.632182849460913e-02,2.200000000000000e-04
15,-4.864729224245520e-02,-3.879492100454341e-02,2.250000000000000e-04
15,-4.665305262910347e-02,-4.117156322824901e-02,2.300000000000000e-04
15,-4.454282617616027e-02,-4.344584645868897e-02,2.350000000000000e-04
15,-4.232185923907943e-02,-4.561211646941141e-02,2.400000000000000e-04
15,-3.999567349160690e-02,-4.766498757184751e-02,2.450000000000000e-04
15,-3.757005219802970e-02,-4.959935600498184e-02,2.500000000000000e-04
15,-3.505102583506985e-02,-5.141041262410632e-02,2.550000000000000e-04
15,-3.244485709916880e-02,-5.309365485711189e-02,2.600000000000000e-04
15,-2.975802533643760e-02,-5.464489789859198e-02,2.650000000000000e-04
15,-2.699721043398140e-02,-5.606028511392829e-02,2.700000000000000e-04
15,-2.416927621264767e-02,-5.733629762749202e-02,2.750000000000000e-04
15,-2.128125336248604e-02,-5.846976307112319e-02,2.800000000000000e-04
15,-1.834032196334518e-02,-5.945786347113764e-02,2.850000000000000e-04
15,-1.535379363406273e-02,-6.029814225425373e-02,2.900000000000000e-04
15,-1.232909335462919e-02,-6.098851035502050e-02,2.950000000000000e-04
15,-9.273741006517570e-03,-6.152725140956354e-02,3.000000000000000e-04
15,-6.195332677073072e-03,-6.191302602273608e-02,3.050000000000000e-04
15,-3.101521774443403e-03,-6.214487509806628e-02,3.100000000000000e-04
15,-1.143003679204196e-17,-6.222222222222222e-02,3.150000000000000e-04
15,3.101521774443380e-03,-6.214487509806628e-02,3.200000000000000e-04
15,6.195332677073049e-03,-6.191302602273609e-02,3.250000000000000e-04
15,9.273741006517545e-03,-6.152725140956355e-02,3.300000000000001e-04
15,1.232909335462917e-02,-6.098851035502051e-02,3.350000000000000e-04
15,1.535379363406271e-02,-6.029814225425374e-02,3.400000000000000e-04
15,1.834032196334510e-02,-5.945786347113766e-02,3.450000000000000e-04
15,2.128125336248602e-02,-5.846976307112320e-02,3.500000000000001e-04
15,2.416927621264765e-02,-5.733629762749204e-02,3.550000000000000e-04
15,2.699721043398138e-02,-5.606028511392831e-02,3.600000000000000e-04
15,2.975802533643758e-02,-5.464489789859200e-02,3.650000000000000e-04
15,3.244485709916878e-02,-5.309365485711191e-02,3.700000000000000e-04
15,3.505102583506984e-02,-5.141041262410633e-02,3.750000000000000e-04
15,3.757005219802969e-02,-4.959935600498185e-02,3.800000000000000e-04
15,3.999567349160688e-02,-4.766498757184753e-02,3.850000000000000e-04
15,4.232185923907939e-02,-4.561211646941145e-02,3.900000000000000e-04
15,4.454282617616023e-02,-4.344584645868901e-02,3.950000000000000e-04
15,4.665305262910344e-02,-4.117156322824905e-02,4.000000000000000e-04
15,4.864729224245518e-02,-3.879492100454343e-02,4.050000000000000e-04
15,5.052058702231992e-02,-3.632182849460919e-02,4.100000000000000e-04
15,5.226827966271467e-02,-3.375843419609168e-02,4.150000000000001e-04
15,5.388602512436508e-02,-3.111111111111109e-02,4.200000000000000e-04
15,5.536980143715804e-02,-2.838644090197460e-02,4.250000000000000e-04
15,5.671591969939299e-02,-2.559119752812695e-02,4.300000000000000e-04
15,5.792103324897269e-02,-2.273233040502018e-02,4.350000000000001e-04
15,5.898214598373263e-02,-1.981694712677151e-02,4.400000000000000e-04
15,5.989661981022298e-02,-1.685229579556474e-02,4.450000000000000e-04
15,6.066218120242457e-02,-1.384574700172624e-02,4.500000000000000e-04
15,6.127692685409294e-02,-1.080477549927567e-02,4.550000000000001e-04
15,6.173932841067736e-02,-7.736941622510233e-03,4.600000000000000e-04
15,6.204823626905120e-02,-4.649872489821987e-03,4.650000000000000e-04
15,6.220288243560634e-02,-1.551243041480111e-03,4.700000000000000e-04
15,6.220288243560634e-02,1.551243041480081e-03,4.750000000000001e-04
15,6.204823626905120e-02,4.649872489821956e-03,4.800000000000001e-04
15,6.173932841067738e-02,7.736941622510149e-03,4.850000000000000e-04
15,6.127692685409295e-02,1.080477549927564e-02,4.900000000000001e-04
15,6.066218120242458e-02,1.384574700172621e-02,4.950000000000000e-04
15,5.989661981022298e-02,1.685229579556476e-02,5.000000000000000e-04
15,5.898214598373264e-02,1.981694712677148e-02,5.050000000000000e-04
15,5.792103324897272e-02,2.273233040502010e-02,5.100000000000000e-04
15,5.671591969939300e-02,2.559119752812692e-02,5.150000000000000e-04
15,5.536980143715805e-02,2.838644090197457e-02,5.200000000000001e-04
15,5.388602512436506e-02,3.111111111111111e-02,5.250000000000001e-04
15,5.226827966271465e-02,3.375843419609170e-02,5.300000000000001e-04
15,5.052058702231997e-02,3.632182849460912e-02,5.350000000000000e-04
15,4.864729224245520e-02,3.879492100454341e-02,5.400000000000000e-04
15,4.665305262910349e-02,4.117156322824898e-02,5.450000000000000e-04
15,4.454282617616025e-02,4.344584645868899e-02,5.500000000000000e-04
15,4.232185923907941e-02,4.561211646941143e-02,5.550000000000000e-04
15,3.999567349160690e-02,4.766498757184751e-02,5.600000000000001e-04
15,3.757005219802971e-02,4.959935600498184e-02,5.650000000000001e-04
15,3.505102583506986e-02,5.141041262410631e-02,5.700000000000001e-04
15,3.244485709916876e-02,5.309365485711191e-02,5.750000000000001e-04
15,2.975802533643760e-02,5.464489789859198e-02,5.800000000000000e-04
15,2.699721043398141e-02,5.606028511392829e-02,5.850000000000000e-04
15,2.416927621264767e-02,5.733629762749202e-02,5.900000000000000e-04
15,2.128125336248610e-02,5.846976307112317e-02,5.950000000000000e-04
15,1.834032196334518e-02,5.945786347113764e-02,6.000000000000001e-04
15,1.535379363406274e-02,6.029814225425373e-02,6.050000000000001e-04
15,1.232909335462920e-02,6.098851035502050e-02,6.100000000000001e-04
15,9.273741006517521e-03,6.152725140956355e-02,6.150000000000001e-04
15,6.195332677073079e-03,6.191302602273608e-02,6.200000000000000e-04
15,3.101521774443410e-03,6.214487509806628e-02,6.250000000000000e-04
16,0.000000000000000e+00,6.666666666666667e-02,0.000000000000000e+00
16,-3.323059044046472e-03,6.658379474792815e-02,5.000000000000000e-06
16,-6.637856439721103e-03,6.633538502436009e-02,1.000000000000000e-05
16,-9.936151078411620e-03,6.592205508167523e-02,1.500000000000000e-05
16,-1.320974287995983e-02,6.534483252323625e-02,2.000000000000000e-05
16,-1.645049317935291e-02,6.460515241527186e-02,2.500000000000000e-05
16,-1.965034496072695e-02,6.370485371907604e-02,3.000000000000000e-05
16,-2.280134288837792e-02,6.264617471906056e-02,3.500000000000000e-05
16,-2.589565308497965e-02,6.143174745802717e-02,4.000000000000000e-05
16,-2.892558260783720e-02,6.006459119349461e-02,4.500000000000000e-05
16,-3.188359857475456e-02,5.854810489134856e-02,5.000000000000000e-05
16,-3.476234689196653e-02,5.688605877547705e-02,5.500000000000000e-05
16,-3.755467053757480e-02,5.508258495439965e-02,6.000000000000001e-05
16,-4.025362735503182e-02,5.314216714819484e-02,6.500000000000001e-05
16,-4.285250731243596e-02,5.106962954126520e-02,7.000000000000001e-05
16,-4.534484918472795e-02,4.887012478865509e-02,7.500000000000001e-05
16,-4.772445661731456e-02,4.654912120573819e-02,8.000000000000001e-05
16,-4.998541353118226e-02,4.411238917312398e-02,8.500000000000001e-05
16,-5.212209883120199e-02,4.156598679058224e-02,9.000000000000001e-05
16,-5.412920038105710e-02,3.891624481565265e-02,9.500000000000001e-05
16,-5.600172821005143e-02,3.616975092438397e-02,1.000000000000000e-04
16,-5.773502691896258e-02,3.333333333333333e-02,1.050000000000000e-04
16,-5.932478725409790e-02,3.041404382354421e-02,1.100000000000000e-04
16,-6.076705682077821e-02,2.741914020870744e-02,1.150000000000000e-04
16,-6.205824990961362e-02,2.435606829109299e-02,1.200000000000000e-04
16,-6.319515641114211e-02,2.123244335011230e-02,1.250000000000000e-04
16,-6.417494979666746e-02,1.805603120953370e-02,1.300000000000000e-04
16,-6.499519414545490e-02,1.483472893042097e-02,1.350000000000000e-04
16,-6.565385020081387e-02,1.157654517779535e-02,1.400000000000000e-04
16,-6.614928044001148e-02,8.289580309832355e-03,1.450000000000000e-04
16,-6.648025314541200e-02,4.982006239094978e-03,1.500000000000000e-04
16,-6.664594546672108e-02,1.662046115871540e-03,1.550000000000000e-04
16,-6.664594546672108e-02,-1.662046115871523e-03,1.600000000000000e-04
16,-6.648025314541200e-02,-4.982006239094961e-03,1.650000000000000e-04
16,-6.614928044001148e-02,-8.289580309832340e-03,1.700000000000000e-04
16,-6.565385020081388e-02,-1.157654517779533e-02,1.750000000000000e-04
16,-6.499519414545490e-02,-1.483472893042095e-02,1.800000000000000e-04
16,-6.417494979666746e-02,-1.805603120953368e-02,1.850000000000000e-04
16,-6.319515641114212e-02,-2.123244335011228e-02,1.900000000000000e-04
16,-6.205824990961363e-02,-2.435606829109297e-02,1.950000000000000e-04
16,-6.076705682077822e-02,-2.741914020870742e-02,2.000000000000000e-04
16,-5.932478725409793e-02,-3.041404382354417e-02,2.050000000000000e-04
16,-5.773502691896257e-02,-3.333333333333334e-02,2.100000000000000e-04
16,-5.600172821005144e-02,-3.616975092438395e-02,2.150000000000000e-04
16,-5.412920038105711e-02,-3.891624481565264e-02,2.200000000000000e-04
16,-5.212209883120199e-02,-4.156598679058222e-02,2.250000000000000e-04
16,-4.998541353118229e-02,-4.411238917312395e-02,2.300000000000000e-04
16,-4.772445661731457e-02,-4.654912120573818e-02,2.350000000000000e-04
16,-4.534484918472795e-02,-4.887012478865509e-02,2.400000000000000e-04
16,-4.285250731243596e-02,-5.106962954126519e-02,2.450000000000000e-04
16,-4.025362735503182e-02,-5.314216714819483e-02,2.500000000000000e-04
16,-3.755467053757484e-02,-5.508258495439963e-02,2.550000000000000e-04
16,-3.476234689196657e-02,-5.688605877547703e-02,2.600000000000000e-04
16,-3.188359857475457e-02,-5.854810489134855e-02,2.650000000000000e-04
16,-2.892558260783722e-02,-6.006459119349460e-02,2.700000000000000e-04
16,-2.589565308497965e-02,-6.143174745802717e-02,2.750000000000000e-04
16,-2.280134288837790e-02,-6.264617471906056e-02,2.800000000000000e-04
16,-1.965034496072698e-02,-6.370485371907604e-02,2.850000000000000e-04
16,-1.645049317935292e-02,-6.460515241527186e-02,2.900000000000000e-04
16,-1.320974287995984e-02,-6.534483252323625e-02,2.950000000000000e-04
16,-9.936151078411681e-03,-6.592205508167523e-02,3.000000000000000e-04
16,-6.637856439721149e-03,-6.633538502436008e-02,3.050000000000000e-04
16,-3.323059044046503e-03,-6.658379474792815e-02,3.100000000000000e-04
16,-1.224646799147353e-17,-6.666666666666667e-02,3.150000000000000e-04
16,3.323059044046478e-03,-6.658379474792815e-02,3.200000000000000e-04
16,6.637856439721124e-03,-6.633538502436009e-02,3.250000000000000e-04
16,9.936151078411655e-03,-6.592205508167523e-02,3.300000000000001e-04
16,1.320974287995982e-02,-6.534483252323627e-02,3.350000000000000e-04
16,1.645049317935290e-02,-6.460515241527186e-02,3.400000000000000e-04
16,1.965034496072690e-02,-6.370485371907607e-02,3.450000000000000e-04
16,2.280134288837788e-02,-6.264617471906057e-02,3.500000000000001e-04
16,2.589565308497962e-02,-6.143174745802719e-02,3.550000000000000e-04
16,2.892558260783720e-02,-6.006459119349462e-02,3.600000000000000e-04
16,3.188359857475455e-02,-5.854810489134857e-02,3.650000000000000e-04
16,3.476234689196655e-02,-5.688605877547704e-02,3.700000000000000e-04
16,3.755467053757482e-02,-5.508258495439965e-02,3.750000000000000e-04
16,4.025362735503181e-02,-5.314216714819484e-02,3.800000000000000e-04
16,4.285250731243595e-02,-5.106962954126520e-02,3.850000000000000e-04
16,4.534484918472792e-02,-4.887012478865513e-02,3.900000000000000e-04
16,4.772445661731453e-02,-4.654912120573822e-02,3.950000000000000e-04
16,4.998541353118226e-02,-4.411238917312398e-02,4.000000000000000e-04
16,5.212209883120198e-02,-4.156598679058224e-02,4.050000000000000e-04
16,5.412920038105706e-02,-3.891624481565271e-02,4.100000000000000e-04
16,5.600172821005144e-02,-3.616975092438394e-02,4.150000000000001e-04
16,5.773502691896259e-02,-3.333333333333331e-02,4.200000000000000e-04
16,5.932478725409789e-02,-3.041404382354422e-02,4.250000000000000e-04
16,6.076705682077821e-02,-2.741914020870745e-02,4.300000000000000e-04
16,6.205824990961360e-02,-2.435606829109305e-02,4.350000000000001e-04
16,6.319515641114211e-02,-2.123244335011234e-02,4.400000000000000e-04
16,6.417494979666748e-02,-1.805603120953364e-02,4.450000000000000e-04
16,6.499519414545490e-02,-1.483472893042098e-02,4.500000000000000e-04
16,6.565385020081387e-02,-1.157654517779536e-02,4.550000000000001e-04
16,6.614928044001146e-02,-8.289580309832394e-03,4.600000000000000e-04
16,6.648025314541200e-02,-4.982006239094987e-03,4.650000000000000e-04
16,6.664594546672108e-02,-1.662046115871548e-03,4.700000000000000e-04
16,6.664594546672108e-02,1.662046115871515e-03,4.750000000000001e-04
16,6.648025314541200e-02,4.982006239094953e-03,4.800000000000001e-04
16,6.614928044001148e-02,8.289580309832302e-03,4.850000000000000e-04
16,6.565385020081388e-02,1.157654517779533e-02,4.900000000000001e-04
16,6.499519414545490e-02,1.483472893042095e-02,4.950000000000000e-04
16,6.417494979666748e-02,1.805603120953367e-02,5.000000000000000e-04
16,6.319515641114211e-02,2.123244335011230e-02,5.050000000000000e-04
16,6.205824990961363e-02,2.435606829109296e-02,5.100000000000000e-04
16,6.076705682077822e-02,2.741914020870741e-02,5.150000000000000e-04
16,5.932478725409791e-02,3.041404382354419e-02,5.200000000000001e-04
16,5.773502691896257e-02,3.333333333333333e-02,5.250000000000001e-04
16,5.600172821005142e-02,3.616975092438397e-02,5.300000000000001e-04
16,5.412920038105711e-02,3.891624481565263e-02,5.350000000000000e-04
16,5.212209883120200e-02,4.156598679058222e-02,5.400000000000000e-04
16,4.998541353118232e-02,4.411238917312391e-02,5.450000000000000e-04
16,4.772445661731455e-02,4.654912120573820e-02,5.500000000000000e-04
16,4.534484918472794e-02,4.887012478865510e-02,5.550000000000000e-04
16,4.285250731243597e-02,5.106962954126518e-02,5.600000000000001e-04
16,4.025362735503183e-02,5.314216714819483e-02,5.650000000000001e-04
16,3.755467053757485e-02,5.508258495439963e-02,5.700000000000001e-04
16,3.476234689196653e-02,5.688605877547705e-02,5.750000000000001e-04
16,3.188359857475458e-02,5.854810489134855e-02,5.800000000000000e-04
16,2.892558260783723e-02,6.006459119349460e-02,5.850000000000000e-04
16,2.589565308497965e-02,6.143174745802717e-02,5.900000000000000e-04
16,2.280134288837797e-02,6.264617471906053e-02,5.950000000000000e-04
16,1.965034496072698e-02,6.370485371907604e-02,6.000000000000001e-04
16,1.645049317935294e-02,6.460515241527186e-02,6.050000000000001e-04
16,1.320974287995985e-02,6.534483252323625e-02,6.100000000000001e-04
16,9.936151078411629e-03,6.592205508167523e-02,6.150000000000001e-04
16,6.637856439721157e-03,6.633538502436008e-02,6.200000000000000e-04
16,3.323059044046511e-03,6.658379474792815e-02,6.250000000000000e-04
