TR,Kx,Ky,time
1,0.000000000000000e+00,0.000000000000000e+00,0.000000000000000e+00
1,0.000000000000000e+00,0.000000000000000e+00,5.000000000000000e-06
1,0.000000000000000e+00,0.000000000000000e+00,1.000000000000000e-05
1,0.000000000000000e+00,0.000000000000000e+00,1.500000000000000e-05
1,0.000000000000000e+00,0.000000000000000e+00,2.000000000000000e-05
1,0.000000000000000e+00,0.000000000000000e+00,2.500000000000000e-05
1,0.000000000000000e+00,0.000000000000000e+00,3.000000000000000e-05
1,0.000000000000000e+00,0.000000000000000e+00,3.500000000000000e-05
1,0.000000000000000e+00,0.000000000000000e+00,4.000000000000000e-05
1,0.000000000000000e+00,0.000000000000000e+00,4.500000000000000e-05
1,0.000000000000000e+00,0.000000000000000e+00,5.000000000000000e-05
1,0.000000000000000e+00,0.000000000000000e+00,5.500000000000000e-05
1,0.000000000000000e+00,0.000000000000000e+00,6.000000000000001e-05
1,0.000000000000000e+00,0.000000000000000e+00,6.500000000000001e-05
1,0.000000000000000e+00,0.000000000000000e+00,7.000000000000001e-05
1,0.000000000000000e+00,0.000000000000000e+00,7.500000000000001e-05
1,0.000000000000000e+00,0.000000000000000e+00,8.000000000000001e-05
1,0.000000000000000e+00,0.000000000000000e+00,8.500000000000001e-05
1,0.000000000000000e+00,0.000000000000000e+00,9.000000000000001e-05
1,0.000000000000000e+00,0.000000000000000e+00,9.500000000000001e-05
1,0.000000000000000e+00,0.000000000000000e+00,1.000000000000000e-04
1,0.000000000000000e+00,0.000000000000000e+00,1.050000000000000e-04
1,0.000000000000000e+00,0.000000000000000e+00,1.100000000000000e-04
1,0.000000000000000e+00,0.000000000000000e+00,1.150000000000000e-04
1,0.000000000000000e+00,0.000000000000000e+00,1.200000000000000e-04
1,0.000000000000000e+00,0.000000000000000e+00,1.250000000000000e-04
1,0.000000000000000e+00,0.000000000000000e+00,1.300000000000000e-04
1,0.000000000000000e+00,0.000000000000000e+00,1.350000000000000e-04
1,0.000000000000000e+00,0.000000000000000e+00,1.400000000000000e-04
1,0.000000000000000e+00,0.000000000000000e+00,1.450000000000000e-04
1,0.000000000000000e+00,0.000000000000000e+00,1.500000000000000e-04
1,0.000000000000000e+00,0.000000000000000e+00,1.550000000000000e-04
1,0.000000000000000e+00,0.000000000000000e+00,1.600000000000000e-04
1,0.000000000000000e+00,0.000000000000000e+00,1.650000000000000e-04
1,0.000000000000000e+00,0.000000000000000e+00,1.700000000000000e-04
1,0.000000000000000e+00,0.000000000000000e+00,1.750000000000000e-04
1,0.000000000000000e+00,0.000000000000000e+00,1.800000000000000e-04
1,0.000000000000000e+00,0.000000000000000e+00,1.850000000000000e-04
1,0.000000000000000e+00,0.000000000000000e+00,1.900000000000000e-04
1,0.000000000000000e+00,0.000000000000000e+00,1.950000000000000e-04
1,0.000000000000000e+00,0.000000000000000e+00,2.000000000000000e-04
1,0.000000000000000e+00,0.000000000000000e+00,2.050000000000000e-04
1,0.000000000000000e+00,0.000000000000000e+00,2.100000000000000e-04
1,0.000000000000000e+00,0.000000000000000e+00,2.150000000000000e-04
1,0.000000000000000e+00,0.000000000000000e+00,2.200000000000000e-04
1,0.000000000000000e+00,0.000000000000000e+00,2.250000000000000e-04
1,0.000000000000000e+00,0.000000000000000e+00,2.300000000000000e-04
1,0.000000000000000e+00,0.000000000000000e+00,2.350000000000000e-04
1,0.000000000000000e+00,0.000000000000000e+00,2.400000000000000e-04
1,0.000000000000000e+00,0.000000000000000e+00,2.450000000000000e-04
1,0.000000000000000e+00,0.000000000000000e+00,2.500000000000000e-04
1,0.000000000000000e+00,0.000000000000000e+00,2.550000000000000e-04
1,0.000000000000000e+00,0.000000000000000e+00,2.600000000000000e-04
1,0.000000000000000e+00,0.000000000000000e+00,2.650000000000000e-04
1,0.000000000000000e+00,0.000000000000000e+00,2.700000000000000e-04
1,0.000000000000000e+00,0.000000000000000e+00,2.750000000000000e-04
1,0.000000000000000e+00,0.000000000000000e+00,2.800000000000000e-04
1,0.000000000000000e+00,0.000000000000000e+00,2.850000000000000e-04
1,0.000000000000000e+00,0.000000000000000e+00,2.900000000000000e-04
1,0.000000000000000e+00,0.000000000000000e+00,2.950000000000000e-04
1,0.000000000000000e+00,0.000000000000000e+00,3.000000000000000e-04
1,0.000000000000000e+00,0.000000000000000e+00,3.050000000000000e-04
1,0.000000000000000e+00,0.000000000000000e+00,3.100000000000000e-04
1,0.000000000000000e+00,0.000000000000000e+00,3.150000000000000e-04
1,0.000000000000000e+00,0.000000000000000e+00,3.200000000000000e-04
1,0.000000000000000e+00,0.000000000000000e+00,3.250000000000000e-04
1,0.000000000000000e+00,0.000000000000000e+00,3.300000000000001e-04
1,0.000000000000000e+00,0.000000000000000e+00,3.350000000000000e-04
1,0.000000000000000e+00,0.000000000000000e+00,3.400000000000000e-04
1,0.000000000000000e+00,0.000000000000000e+00,3.450000000000000e-04
1,0.000000000000000e+00,0.000000000000000e+00,3.500000000000001e-04
1,0.000000000000000e+00,0.000000000000000e+00,3.550000000000000e-04
1,0.000000000000000e+00,0.000000000000000e+00,3.600000000000000e-04
1,0.000000000000000e+00,0.000000000000000e+00,3.650000000000000e-04
1,0.000000000000000e+00,0.000000000000000e+00,3.700000000000000e-04
1,0.000000000000000e+00,0.000000000000000e+00,3.750000000000000e-04
1,0.000000000000000e+00,0.000000000000000e+00,3.800000000000000e-04
1,0.000000000000000e+00,0.000000000000000e+00,3.850000000000000e-04
1,0.000000000000000e+00,0.000000000000000e+00,3.900000000000000e-04
1,0.000000000000000e+00,0.000000000000000e+00,3.950000000000000e-04
1,0.000000000000000e+00,0.000000000000000e+00,4.000000000000000e-04
1,0.000000000000000e+00,0.000000000000000e+00,4.050000000000000e-04
1,0.000000000000000e+00,0.000000000000000e+00,4.100000000000000e-04
1,0.000000000000000e+00,0.000000000000000e+00,4.150000000000001e-04
1,0.000000000000000e+00,0.000000000000000e+00,4.200000000000000e-04
1,0.000000000000000e+00,0.000000000000000e+00,4.250000000000000e-04
1,0.000000000000000e+00,0.000000000000000e+00,4.300000000000000e-04
1,0.000000000000000e+00,0.000000000000000e+00,4.350000000000001e-04
1,0.000000000000000e+00,0.000000000000000e+00,4.400000000000000e-04
1,0.000000000000000e+00,0.000000000000000e+00,4.450000000000000e-04
1,0.000000000000000e+00,0.000000000000000e+00,4.500000000000000e-04
1,0.000000000000000e+00,0.000000000000000e+00,4.550000000000001e-04
1,0.000000000000000e+00,0.000000000000000e+00,4.600000000000000e-04
1,0.000000000000000e+00,0.000000000000000e+00,4.650000000000000e-04
1,0.000000000000000e+00,0.000000000000000e+00,4.700000000000000e-04
1,0.000000000000000e+00,0.000000000000000e+00,4.750000000000001e-04
1,0.000000000000000e+00,0.000000000000000e+00,4.800000000000001e-04
1,0.000000000000000e+00,0.000000000000000e+00,4.850000000000000e-04
1,0.000000000000000e+00,0.000000000000000e+00,4.900000000000001e-04
1,0.000000000000000e+00,0.000000000000000e+00,4.950000000000000e-04
1,0.000000000000000e+00,0.000000000000000e+00,5.000000000000000e-04
1,0.000000000000000e+00,0.000000000000000e+00,5.050000000000000e-04
1,0.000000000000000e+00,0.000000000000000e+00,5.100000000000000e-04
1,0.000000000000000e+00,0.000000000000000e+00,5.150000000000000e-04
1,0.000000000000000e+00,0.000000000000000e+00,5.200000000000001e-04
1,0.000000000000000e+00,0.000000000000000e+00,5.250000000000001e-04
1,0.000000000000000e+00,0.000000000000000e+00,5.300000000000001e-04
1,0.000000000000000e+00,0.000000000000000e+00,5.350000000000000e-04
1,0.000000000000000e+00,0.000000000000000e+00,5.400000000000000e-04
1,0.000000000000000e+00,0.000000000000000e+00,5.450000000000000e-04
1,0.000000000000000e+00,0.000000000000000e+00,5.500000000000000e-04
1,0.000000000000000e+00,0.000000000000000e+00,5.550000000000000e-04
1,0.000000000000000e+00,0.000000000000000e+00,5.600000000000001e-04
1,0.000000000000000e+00,0.000000000000000e+00,5.650000000000001e-04
1,0.000000000000000e+00,0.000000000000000e+00,5.700000000000001e-04
1,0.000000000000000e+00,0.000000000000000e+00,5.750000000000001e-04
1,0.000000000000000e+00,0.000000000000000e+00,5.800000000000000e-04
1,0.000000000000000e+00,0.000000000000000e+00,5.850000000000000e-04
1,0.000000000000000e+00,0.000000000000000e+00,5.900000000000000e-04
1,0.000000000000000e+00,0.000000000000000e+00,5.950000000000000e-04
1,0.000000000000000e+00,0.000000000000000e+00,6.000000000000001e-04
1,0.000000000000000e+00,0.000000000000000e+00,6.050000000000001e-04
1,0.000000000000000e+00,0.000000000000000e+00,6.100000000000001e-04
1,0.000000000000000e+00,0.000000000000000e+00,6.150000000000001e-04
1,0.000000000000000e+00,0.000000000000000e+00,6.200000000000000e-04
1,0.000000000000000e+00,0.000000000000000e+00,6.250000000000000e-04
2,4.444444444444444e-03,0.000000000000000e+00,0.000000000000000e+00
2,4.438919649861877e-03,2.215372696030985e-04,5.000000000000000e-06
2,4.422359001624006e-03,4.425237626480740e-04,1.000000000000000e-05
2,4.394803672111682e-03,6.624100718941086e-04,1.500000000000000e-05
2,4.356322168215751e-03,8.806495253306559e-04,2.000000000000000e-05
2,4.307010161018124e-03,1.096699545290194e-03,2.500000000000000e-05
2,4.246990247938403e-03,1.310022997381796e-03,3.000000000000000e-05
2,4.176411647937371e-03,1.520089525891861e-03,3.500000000000000e-05
2,4.095449830535145e-03,1.726376872331977e-03,4.000000000000000e-05
2,4.004306079566308e-03,1.928372173855814e-03,4.500000000000000e-05
2,3.903206992756571e-03,2.125573238316970e-03,5.000000000000000e-05
2,3.792403918365137e-03,2.317489792797769e-03,5.500000000000000e-05
2,3.672172330293311e-03,2.503644702504987e-03,6.000000000000001e-05
2,3.542811143212989e-03,2.683575157002121e-03,6.500000000000001e-05
2,3.404641969417680e-03,2.856833820829063e-03,7.000000000000001e-05
2,3.258008319243672e-03,3.022989945648531e-03,7.500000000000001e-05
2,3.103274747049212e-03,3.181630441154304e-03,8.000000000000001e-05
2,2.940825944874931e-03,3.332360902078819e-03,8.500000000000001e-05
2,2.771065786038816e-03,3.474806588746799e-03,9.000000000000001e-05
2,2.594416321043511e-03,3.608613358737140e-03,9.500000000000001e-05
2,2.411316728292264e-03,3.733448547336762e-03,1.000000000000000e-04
2,2.222222222222222e-03,3.849001794597505e-03,1.050000000000000e-04
2,2.027602921569613e-03,3.954985816939860e-03,1.100000000000000e-04
2,1.827942680580496e-03,4.051137121385214e-03,1.150000000000000e-04
2,1.623737886072867e-03,4.137216660640907e-03,1.200000000000000e-04
2,1.415496223340820e-03,4.213010427409474e-03,1.250000000000000e-04
2,1.203735413968912e-03,4.278329986444498e-03,1.300000000000000e-04
2,9.889819286947308e-04,4.333012943030327e-03,1.350000000000000e-04
2,7.717696785196907e-04,4.376923346720924e-03,1.400000000000000e-04
2,5.526386873221568e-04,4.409952029334098e-03,1.450000000000000e-04
2,3.321337492729973e-04,4.432016876360800e-03,1.500000000000000e-04
2,1.108030743914357e-04,4.443063031114739e-03,1.550000000000000e-04
2,-1.108030743914352e-04,4.443063031114739e-03,1.600000000000000e-04
2,-3.321337492729968e-04,4.432016876360800e-03,1.650000000000000e-04
2,-5.526386873221563e-04,4.409952029334098e-03,1.700000000000000e-04
2,-7.717696785196903e-04,4.376923346720924e-03,1.750000000000000e-04
2,-9.889819286947304e-04,4.333012943030327e-03,1.800000000000000e-04
2,-1.203735413968911e-03,4.278329986444498e-03,1.850000000000000e-04
2,-1.415496223340819e-03,4.213010427409475e-03,1.900000000000000e-04
2,-1.623737886072866e-03,4.137216660640908e-03,1.950000000000000e-04
2,-1.827942680580495e-03,4.051137121385214e-03,2.000000000000000e-04
2,-2.027602921569611e-03,3.954985816939862e-03,2.050000000000000e-04
2,-2.222222222222223e-03,3.849001794597504e-03,2.100000000000000e-04
2,-2.411316728292263e-03,3.733448547336762e-03,2.150000000000000e-04
2,-2.594416321043509e-03,3.608613358737140e-03,2.200000000000000e-04
2,-2.771065786038815e-03,3.474806588746800e-03,2.250000000000000e-04
2,-2.940825944874930e-03,3.332360902078820e-03,2.300000000000000e-04
2,-3.103274747049212e-03,3.181630441154305e-03,2.350000000000000e-04
2,-3.258008319243672e-03,3.022989945648531e-03,2.400000000000000e-04
2,-3.404641969417680e-03,2.856833820829064e-03,2.450000000000000e-04
2,-3.542811143212989e-03,2.683575157002121e-03,2.500000000000000e-04
2,-3.672172330293310e-03,2.503644702504988e-03,2.550000000000000e-04
2,-3.792403918365136e-03,2.317489792797770e-03,2.600000000000000e-04
2,-3.903206992756572e-03,2.125573238316969e-03,2.650000000000000e-04
2,-4.004306079566307e-03,1.928372173855814e-03,2.700000000000000e-04
2,-4.095449830535145e-03,1.726376872331976e-03,2.750000000000000e-04
2,-4.176411647937370e-03,1.520089525891862e-03,2.800000000000000e-04
2,-4.246990247938402e-03,1.310022997381798e-03,2.850000000000000e-04
2,-4.307010161018124e-03,1.096699545290195e-03,2.900000000000000e-04
2,-4.356322168215751e-03,8.806495253306560e-04,2.950000000000000e-04
2,-4.394803672111682e-03,6.624100718941099e-04,3.000000000000000e-04
2,-4.422359001624006e-03,4.425237626480744e-04,3.050000000000000e-04
2,-4.438919649861877e-03,2.215372696030999e-04,3.100000000000000e-04
2,-4.444444444444444e-03,5.442874662877125e-19,3.150000000000000e-04
2,-4.438919649861877e-03,-2.215372696030988e-04,3.200000000000000e-04
2,-4.422359001624006e-03,-4.425237626480732e-04,3.250000000000000e-04
2,-4.394803672111682e-03,-6.624100718941087e-04,3.300000000000001e-04
2,-4.356322168215751e-03,-8.806495253306549e-04,3.350000000000000e-04
2,-4.307010161018124e-03,-1.096699545290194e-03,3.400000000000000e-04
2,-4.246990247938403e-03,-1.310022997381795e-03,3.450000000000000e-04
2,-4.176411647937371e-03,-1.520089525891861e-03,3.500000000000001e-04
2,-4.095449830535145e-03,-1.726376872331977e-03,3.550000000000000e-04
2,-4.004306079566308e-03,-1.928372173855813e-03,3.600000000000000e-04
2,-3.903206992756572e-03,-2.125573238316968e-03,3.650000000000000e-04
2,-3.792403918365137e-03,-2.317489792797768e-03,3.700000000000000e-04
2,-3.672172330293311e-03,-2.503644702504987e-03,3.750000000000000e-04
2,-3.542811143212990e-03,-2.683575157002121e-03,3.800000000000000e-04
2,-3.404641969417680e-03,-2.856833820829063e-03,3.850000000000000e-04
2,-3.258008319243674e-03,-3.022989945648529e-03,3.900000000000000e-04
2,-3.103274747049212e-03,-3.181630441154304e-03,3.950000000000000e-04
2,-2.940825944874932e-03,-3.332360902078818e-03,4.000000000000000e-04
2,-2.771065786038817e-03,-3.474806588746799e-03,4.050000000000000e-04
2,-2.594416321043513e-03,-3.608613358737138e-03,4.100000000000000e-04
2,-2.411316728292263e-03,-3.733448547336762e-03,4.150000000000001e-04
2,-2.222222222222220e-03,-3.849001794597506e-03,4.200000000000000e-04
2,-2.027602921569614e-03,-3.954985816939860e-03,4.250000000000000e-04
2,-1.827942680580496e-03,-4.051137121385214e-03,4.300000000000000e-04
2,-1.623737886072870e-03,-4.137216660640907e-03,4.350000000000001e-04
2,-1.415496223340822e-03,-4.213010427409474e-03,4.400000000000000e-04
2,-1.203735413968909e-03,-4.278329986444499e-03,4.450000000000000e-04
2,-9.889819286947315e-04,-4.333012943030327e-03,4.500000000000000e-04
2,-7.717696785196904e-04,-4.376923346720924e-03,4.550000000000001e-04
2,-5.526386873221593e-04,-4.409952029334098e-03,4.600000000000000e-04
2,-3.321337492729988e-04,-4.432016876360800e-03,4.650000000000000e-04
2,-1.108030743914363e-04,-4.443063031114739e-03,4.700000000000000e-04
2,1.108030743914346e-04,-4.443063031114739e-03,4.750000000000001e-04
2,3.321337492729972e-04,-4.432016876360800e-03,4.800000000000001e-04
2,5.526386873221538e-04,-4.409952029334098e-03,4.850000000000000e-04
2,7.717696785196887e-04,-4.376923346720925e-03,4.900000000000001e-04
2,9.889819286947299e-04,-4.333012943030327e-03,4.950000000000000e-04
2,1.203735413968911e-03,-4.278329986444498e-03,5.000000000000000e-04
2,1.415496223340820e-03,-4.213010427409474e-03,5.050000000000000e-04
2,1.623737886072865e-03,-4.137216660640909e-03,5.100000000000000e-04
2,1.827942680580495e-03,-4.051137121385214e-03,5.150000000000000e-04
2,2.027602921569613e-03,-3.954985816939861e-03,5.200000000000001e-04
2,2.222222222222223e-03,-3.849001794597505e-03,5.250000000000001e-04
2,2.411316728292265e-03,-3.733448547336761e-03,5.300000000000001e-04
2,2.594416321043509e-03,-3.608613358737141e-03,5.350000000000000e-04
2,2.771065786038815e-03,-3.474806588746800e-03,5.400000000000000e-04
2,2.940825944874928e-03,-3.332360902078821e-03,5.450000000000000e-04
2,3.103274747049213e-03,-3.181630441154304e-03,5.500000000000000e-04
2,3.258008319243674e-03,-3.022989945648529e-03,5.550000000000000e-04
2,3.404641969417679e-03,-2.856833820829065e-03,5.600000000000001e-04
2,3.542811143212988e-03,-2.683575157002122e-03,5.650000000000001e-04
2,3.672172330293309e-03,-2.503644702504990e-03,5.700000000000001e-04
2,3.792403918365137e-03,-2.317489792797768e-03,5.750000000000001e-04
2,3.903206992756570e-03,-2.125573238316972e-03,5.800000000000000e-04
2,4.004306079566307e-03,-1.928372173855815e-03,5.850000000000000e-04
2,4.095449830535145e-03,-1.726376872331977e-03,5.900000000000000e-04
2,4.176411647937369e-03,-1.520089525891864e-03,5.950000000000000e-04
2,4.246990247938402e-03,-1.310022997381799e-03,6.000000000000001e-04
2,4.307010161018124e-03,-1.096699545290195e-03,6.050000000000001e-04
2,4.356322168215751e-03,-8.806495253306565e-04,6.100000000000001e-04
2,4.394803672111682e-03,-6.624100718941084e-04,6.150000000000001e-04
2,4.422359001624005e-03,-4.425237626480768e-04,6.200000000000000e-04
2,4.438919649861877e-03,-2.215372696031005e-04,6.250000000000000e-04
3,8.888888888888889e-03,0.000000000000000e+00,0.000000000000000e+00
3,8.877839299723755e-03,4.430745392061970e-04,5.000000000000000e-06
3,8.844718003248013e-03,8.850475252961481e-04,1.000000000000000e-05
3,8.789607344223365e-03,1.324820143788217e-03,1.500000000000000e-05
3,8.712644336431501e-03,1.761299050661312e-03,2.000000000000000e-05
3,8.614020322036248e-03,2.193399090580388e-03,2.500000000000000e-05
3,8.493980495876807e-03,2.620045994763593e-03,3.000000000000000e-05
3,8.352823295874742e-03,3.040179051783722e-03,3.500000000000000e-05
3,8.190899661070290e-03,3.452753744663953e-03,4.000000000000000e-05
3,8.008612159132615e-03,3.856744347711628e-03,4.500000000000000e-05
3,7.806413985513142e-03,4.251146476633940e-03,5.000000000000000e-05
3,7.584807836730273e-03,4.634979585595538e-03,5.500000000000000e-05
3,7.344344660586621e-03,5.007289405009974e-03,6.000000000000001e-05
3,7.085622286425978e-03,5.367150314004243e-03,6.500000000000001e-05
3,6.809283938835360e-03,5.713667641658126e-03,7.000000000000001e-05
3,6.516016638487345e-03,6.045979891297061e-03,7.500000000000001e-05
3,6.206549494098425e-03,6.363260882308608e-03,8.000000000000001e-05
3,5.881651889749861e-03,6.664721804157637e-03,8.500000000000001e-05
3,5.542131572077632e-03,6.949613177493598e-03,9.000000000000001e-05
3,5.188832642087022e-03,7.217226717474280e-03,9.500000000000001e-05
3,4.822633456584529e-03,7.466897094673523e-03,1.000000000000000e-04
3,4.444444444444444e-03,7.698003589195011e-03,1.050000000000000e-04
3,4.055205843139227e-03,7.909971633879720e-03,1.100000000000000e-04
3,3.655885361160993e-03,8.102274242770428e-03,1.150000000000000e-04
3,3.247475772145733e-03,8.274433321281815e-03,1.200000000000000e-04
3,2.830992446681639e-03,8.426020854818948e-03,1.250000000000000e-04
3,2.407470827937824e-03,8.556659972888996e-03,1.300000000000000e-04
3,1.977963857389462e-03,8.666025886060654e-03,1.350000000000000e-04
3,1.543539357039381e-03,8.753846693441848e-03,1.400000000000000e-04
3,1.105277374644314e-03,8.819904058668197e-03,1.450000000000000e-04
3,6.642674985459946e-04,8.864033752721601e-03,1.500000000000000e-04
3,2.216061487828714e-04,8.886126062229478e-03,1.550000000000000e-04
3,-2.216061487828703e-04,8.886126062229478e-03,1.600000000000000e-04
3,-6.642674985459935e-04,8.864033752721601e-03,1.650000000000000e-04
3,-1.105277374644313e-03,8.819904058668197e-03,1.700000000000000e-04
3,-1.543539357039381e-03,8.753846693441848e-03,1.750000000000000e-04
3,-1.977963857389461e-03,8.666025886060654e-03,1.800000000000000e-04
3,-2.407470827937822e-03,8.556659972888996e-03,1.850000000000000e-04
3,-2.830992446681638e-03,8.426020854818949e-03,1.900000000000000e-04
3,-3.247475772145732e-03,8.274433321281817e-03,1.950000000000000e-04
3,-3.655885361160990e-03,8.102274242770428e-03,2.000000000000000e-04
3,-4.055205843139223e-03,7.909971633879723e-03,2.050000000000000e-04
3,-4.444444444444446e-03,7.698003589195009e-03,2.100000000000000e-04
3,-4.822633456584527e-03,7.466897094673524e-03,2.150000000000000e-04
3,-5.188832642087019e-03,7.217226717474281e-03,2.200000000000000e-04
3,-5.542131572077631e-03,6.949613177493599e-03,2.250000000000000e-04
3,-5.881651889749860e-03,6.664721804157639e-03,2.300000000000000e-04
3,-6.206549494098424e-03,6.363260882308610e-03,2.350000000000000e-04
3,-6.516016638487345e-03,6.045979891297061e-03,2.400000000000000e-04
3,-6.809283938835359e-03,5.713667641658129e-03,2.450000000000000e-04
3,-7.085622286425978e-03,5.367150314004243e-03,2.500000000000000e-04
3,-7.344344660586619e-03,5.007289405009976e-03,2.550000000000000e-04
3,-7.584807836730272e-03,4.634979585595539e-03,2.600000000000000e-04
3,-7.806413985513143e-03,4.251146476633939e-03,2.650000000000000e-04
3,-8.008612159132613e-03,3.856744347711629e-03,2.700000000000000e-04
3,-8.190899661070290e-03,3.452753744663952e-03,2.750000000000000e-04
3,-8.352823295874740e-03,3.040179051783723e-03,2.800000000000000e-04
3,-8.493980495876805e-03,2.620045994763596e-03,2.850000000000000e-04
3,-8.614020322036248e-03,2.193399090580389e-03,2.900000000000000e-04
3,-8.712644336431501e-03,1.761299050661312e-03,2.950000000000000e-04
3,-8.789607344223365e-03,1.324820143788220e-03,3.000000000000000e-04
3,-8.844718003248013e-03,8.850475252961487e-04,3.050000000000000e-04
3,-8.877839299723755e-03,4.430745392061998e-04,3.100000000000000e-04
3,-8.888888888888889e-03,1.088574932575425e-18,3.150000000000000e-04
3,-8.877839299723755e-03,-4.430745392061976e-04,3.200000000000000e-04
3,-8.844718003248013e-03,-8.850475252961465e-04,3.250000000000000e-04
3,-8.789607344223365e-03,-1.324820143788217e-03,3.300000000000001e-04
3,-8.712644336431501e-03,-1.761299050661310e-03,3.350000000000000e-04
3,-8.614020322036248e-03,-2.193399090580388e-03,3.400000000000000e-04
3,-8.493980495876807e-03,-2.620045994763591e-03,3.450000000000000e-04
3,-8.352823295874742e-03,-3.040179051783721e-03,3.500000000000001e-04
3,-8.190899661070290e-03,-3.452753744663954e-03,3.550000000000000e-04
3,-8.008612159132615e-03,-3.856744347711627e-03,3.600000000000000e-04
3,-7.806413985513145e-03,-4.251146476633936e-03,3.650000000000000e-04
3,-7.584807836730273e-03,-4.634979585595536e-03,3.700000000000000e-04
3,-7.344344660586621e-03,-5.007289405009974e-03,3.750000000000000e-04
3,-7.085622286425979e-03,-5.367150314004241e-03,3.800000000000000e-04
3,-6.809283938835360e-03,-5.713667641658126e-03,3.850000000000000e-04
3,-6.516016638487348e-03,-6.045979891297059e-03,3.900000000000000e-04
3,-6.206549494098425e-03,-6.363260882308607e-03,3.950000000000000e-04
3,-5.881651889749864e-03,-6.664721804157636e-03,4.000000000000000e-04
3,-5.542131572077633e-03,-6.949613177493597e-03,4.050000000000000e-04
3,-5.188832642087027e-03,-7.217226717474276e-03,4.100000000000000e-04
3,-4.822633456584526e-03,-7.466897094673524e-03,4.150000000000001e-04
3,-4.444444444444441e-03,-7.698003589195011e-03,4.200000000000000e-04
3,-4.055205843139229e-03,-7.909971633879720e-03,4.250000000000000e-04
3,-3.655885361160992e-03,-8.102274242770428e-03,4.300000000000000e-04
3,-3.247475772145740e-03,-8.274433321281813e-03,4.350000000000001e-04
3,-2.830992446681644e-03,-8.426020854818948e-03,4.400000000000000e-04
3,-2.407470827937819e-03,-8.556659972888998e-03,4.450000000000000e-04
3,-1.977963857389463e-03,-8.666025886060654e-03,4.500000000000000e-04
3,-1.543539357039381e-03,-8.753846693441848e-03,4.550000000000001e-04
3,-1.105277374644319e-03,-8.819904058668195e-03,4.600000000000000e-04
3,-6.642674985459975e-04,-8.864033752721601e-03,4.650000000000000e-04
3,-2.216061487828725e-04,-8.886126062229478e-03,4.700000000000000e-04
3,2.216061487828692e-04,-8.886126062229478e-03,4.750000000000001e-04
3,6.642674985459944e-04,-8.864033752721601e-03,4.800000000000001e-04
3,1.105277374644308e-03,-8.819904058668197e-03,4.850000000000000e-04
3,1.543539357039377e-03,-8.753846693441850e-03,4.900000000000001e-04
3,1.977963857389460e-03,-8.666025886060654e-03,4.950000000000000e-04
3,2.407470827937823e-03,-8.556659972888996e-03,5.000000000000000e-04
3,2.830992446681641e-03,-8.426020854818948e-03,5.050000000000000e-04
3,3.247475772145729e-03,-8.274433321281818e-03,5.100000000000000e-04
3,3.655885361160989e-03,-8.102274242770428e-03,5.150000000000000e-04
3,4.055205843139225e-03,-7.909971633879721e-03,5.200000000000001e-04
3,4.444444444444445e-03,-7.698003589195010e-03,5.250000000000001e-04
3,4.822633456584530e-03,-7.466897094673523e-03,5.300000000000001e-04
3,5.188832642087018e-03,-7.217226717474282e-03,5.350000000000000e-04
3,5.542131572077630e-03,-6.949613177493599e-03,5.400000000000000e-04
3,5.881651889749855e-03,-6.664721804157643e-03,5.450000000000000e-04
3,6.206549494098427e-03,-6.363260882308607e-03,5.500000000000000e-04
3,6.516016638487348e-03,-6.045979891297059e-03,5.550000000000000e-04
3,6.809283938835358e-03,-5.713667641658130e-03,5.600000000000001e-04
3,7.085622286425976e-03,-5.367150314004245e-03,5.650000000000001e-04
3,7.344344660586618e-03,-5.007289405009980e-03,5.700000000000001e-04
3,7.584807836730274e-03,-4.634979585595536e-03,5.750000000000001e-04
3,7.806413985513141e-03,-4.251146476633943e-03,5.800000000000000e-04
3,8.008612159132613e-03,-3.856744347711630e-03,5.850000000000000e-04
3,8.190899661070290e-03,-3.452753744663953e-03,5.900000000000000e-04
3,8.352823295874738e-03,-3.040179051783728e-03,5.950000000000000e-04
3,8.493980495876805e-03,-2.620045994763598e-03,6.000000000000001e-04
3,8.614020322036248e-03,-2.193399090580391e-03,6.050000000000001e-04
3,8.712644336431501e-03,-1.761299050661313e-03,6.100000000000001e-04
3,8.789607344223365e-03,-1.324820143788217e-03,6.150000000000001e-04
3,8.844718003248011e-03,-8.850475252961536e-04,6.200000000000000e-04
3,8.877839299723755e-03,-4.430745392062009e-04,6.250000000000000e-04
4,1.333333333333333e-02,0.000000000000000e+00,0.000000000000000e+00
4,1.331675894958563e-02,6.646118088092955e-04,5.000000000000000e-06
4,1.326707700487202e-02,1.327571287944222e-03,1.000000000000000e-05
4,1.318441101633505e-02,1.987230215682326e-03,1.500000000000000e-05
4,1.306896650464725e-02,2.641948575991968e-03,2.000000000000000e-05
4,1.292103048305437e-02,3.290098635870582e-03,2.500000000000000e-05
4,1.274097074381521e-02,3.930068992145389e-03,3.000000000000000e-05
4,1.252923494381211e-02,4.560268577675583e-03,3.500000000000000e-05
4,1.228634949160544e-02,5.179130616995931e-03,4.000000000000000e-05
4,1.201291823869892e-02,5.785116521567442e-03,4.500000000000000e-05
4,1.170962097826971e-02,6.376719714950910e-03,5.000000000000000e-05
4,1.137721175509541e-02,6.952469378393307e-03,5.500000000000000e-05
4,1.101651699087993e-02,7.510934107514962e-03,6.000000000000001e-05
4,1.062843342963897e-02,8.050725471006366e-03,6.500000000000001e-05
4,1.021392590825304e-02,8.570501462487190e-03,7.000000000000001e-05
4,9.774024957731019e-03,9.068969836945592e-03,7.500000000000001e-05
4,9.309824241147638e-03,9.544891323462912e-03,8.000000000000001e-05
4,8.822477834624793e-03,9.997082706236457e-03,8.500000000000001e-05
4,8.313197358116449e-03,1.042441976624040e-02,9.000000000000001e-05
4,7.783248963130533e-03,1.082584007621142e-02,9.500000000000001e-05
4,7.233950184876793e-03,1.120034564201029e-02,1.000000000000000e-04
4,6.666666666666665e-03,1.154700538379252e-02,1.050000000000000e-04
4,6.082808764708842e-03,1.186495745081958e-02,1.100000000000000e-04
4,5.483828041741489e-03,1.215341136415564e-02,1.150000000000000e-04
4,4.871213658218600e-03,1.241164998192272e-02,1.200000000000000e-04
4,4.246488670022459e-03,1.263903128222842e-02,1.250000000000000e-04
4,3.611206241906736e-03,1.283498995933349e-02,1.300000000000000e-04
4,2.966945786084193e-03,1.299903882909098e-02,1.350000000000000e-04
4,2.315309035559072e-03,1.313077004016277e-02,1.400000000000000e-04
4,1.657916061966470e-03,1.322985608800229e-02,1.450000000000000e-04
4,9.964012478189919e-04,1.329605062908240e-02,1.500000000000000e-04
4,3.324092231743071e-04,1.332918909334422e-02,1.550000000000000e-04
4,-3.324092231743055e-04,1.332918909334422e-02,1.600000000000000e-04
4,-9.964012478189902e-04,1.329605062908240e-02,1.650000000000000e-04
4,-1.657916061966469e-03,1.322985608800229e-02,1.700000000000000e-04
4,-2.315309035559071e-03,1.313077004016277e-02,1.750000000000000e-04
4,-2.966945786084191e-03,1.299903882909098e-02,1.800000000000000e-04
4,-3.611206241906733e-03,1.283498995933350e-02,1.850000000000000e-04
4,-4.246488670022458e-03,1.263903128222842e-02,1.900000000000000e-04
4,-4.871213658218599e-03,1.241164998192273e-02,1.950000000000000e-04
4,-5.483828041741486e-03,1.215341136415564e-02,2.000000000000000e-04
4,-6.082808764708835e-03,1.186495745081958e-02,2.050000000000000e-04
4,-6.666666666666670e-03,1.154700538379251e-02,2.100000000000000e-04
4,-7.233950184876791e-03,1.120034564201029e-02,2.150000000000000e-04
4,-7.783248963130529e-03,1.082584007621142e-02,2.200000000000000e-04
4,-8.313197358116448e-03,1.042441976624040e-02,2.250000000000000e-04
4,-8.822477834624790e-03,9.997082706236459e-03,2.300000000000000e-04
4,-9.309824241147638e-03,9.544891323462914e-03,2.350000000000000e-04
4,-9.774024957731019e-03,9.068969836945592e-03,2.400000000000000e-04
4,-1.021392590825304e-02,8.570501462487194e-03,2.450000000000000e-04
4,-1.062843342963897e-02,8.050725471006366e-03,2.500000000000000e-04
4,-1.101651699087993e-02,7.510934107514964e-03,2.550000000000000e-04
4,-1.137721175509541e-02,6.952469378393309e-03,2.600000000000000e-04
4,-1.170962097826972e-02,6.376719714950908e-03,2.650000000000000e-04
4,-1.201291823869892e-02,5.785116521567444e-03,2.700000000000000e-04
4,-1.228634949160544e-02,5.179130616995929e-03,2.750000000000000e-04
4,-1.252923494381211e-02,4.560268577675585e-03,2.800000000000000e-04
4,-1.274097074381521e-02,3.930068992145395e-03,2.850000000000000e-04
4,-1.292103048305437e-02,3.290098635870585e-03,2.900000000000000e-04
4,-1.306896650464725e-02,2.641948575991968e-03,2.950000000000000e-04
4,-1.318441101633505e-02,1.987230215682330e-03,3.000000000000000e-04
4,-1.326707700487202e-02,1.327571287944223e-03,3.050000000000000e-04
4,-1.331675894958563e-02,6.646118088092998e-04,3.100000000000000e-04
4,-1.333333333333333e-02,1.632862398863138e-18,3.150000000000000e-04
4,-1.331675894958563e-02,-6.646118088092965e-04,3.200000000000000e-04
4,-1.326707700487202e-02,-1.327571287944220e-03,3.250000000000000e-04
4,-1.318441101633505e-02,-1.987230215682327e-03,3.300000000000001e-04
4,-1.306896650464725e-02,-2.641948575991965e-03,3.350000000000000e-04
4,-1.292103048305437e-02,-3.290098635870582e-03,3.400000000000000e-04
4,-1.274097074381521e-02,-3.930068992145386e-03,3.450000000000000e-04
4,-1.252923494381211e-02,-4.560268577675582e-03,3.500000000000001e-04
4,-1.228634949160544e-02,-5.179130616995931e-03,3.550000000000000e-04
4,-1.201291823869892e-02,-5.785116521567440e-03,3.600000000000000e-04
4,-1.170962097826972e-02,-6.376719714950905e-03,3.650000000000000e-04
4,-1.137721175509541e-02,-6.952469378393306e-03,3.700000000000000e-04
4,-1.101651699087993e-02,-7.510934107514962e-03,3.750000000000000e-04
4,-1.062843342963897e-02,-8.050725471006362e-03,3.800000000000000e-04
4,-1.021392590825304e-02,-8.570501462487190e-03,3.850000000000000e-04
4,-9.774024957731022e-03,-9.068969836945589e-03,3.900000000000000e-04
4,-9.309824241147638e-03,-9.544891323462912e-03,3.950000000000000e-04
4,-8.822477834624797e-03,-9.997082706236454e-03,4.000000000000000e-04
4,-8.313197358116449e-03,-1.042441976624040e-02,4.050000000000000e-04
4,-7.783248963130541e-03,-1.082584007621141e-02,4.100000000000000e-04
4,-7.233950184876790e-03,-1.120034564201029e-02,4.150000000000001e-04
4,-6.666666666666662e-03,-1.154700538379252e-02,4.200000000000000e-04
4,-6.082808764708843e-03,-1.186495745081958e-02,4.250000000000000e-04
4,-5.483828041741488e-03,-1.215341136415564e-02,4.300000000000000e-04
4,-4.871213658218610e-03,-1.241164998192272e-02,4.350000000000001e-04
4,-4.246488670022467e-03,-1.263903128222842e-02,4.400000000000000e-04
4,-3.611206241906728e-03,-1.283498995933350e-02,4.450000000000000e-04
4,-2.966945786084195e-03,-1.299903882909098e-02,4.500000000000000e-04
4,-2.315309035559071e-03,-1.313077004016277e-02,4.550000000000001e-04
4,-1.657916061966478e-03,-1.322985608800229e-02,4.600000000000000e-04
4,-9.964012478189965e-04,-1.329605062908240e-02,4.650000000000000e-04
4,-3.324092231743088e-04,-1.332918909334422e-02,4.700000000000000e-04
4,3.324092231743039e-04,-1.332918909334422e-02,4.750000000000001e-04
4,9.964012478189915e-04,-1.329605062908240e-02,4.800000000000001e-04
4,1.657916061966461e-03,-1.322985608800230e-02,4.850000000000000e-04
4,2.315309035559066e-03,-1.313077004016278e-02,4.900000000000001e-04
4,2.966945786084190e-03,-1.299903882909098e-02,4.950000000000000e-04
4,3.611206241906735e-03,-1.283498995933349e-02,5.000000000000000e-04
4,4.246488670022462e-03,-1.263903128222842e-02,5.050000000000000e-04
4,4.871213658218594e-03,-1.241164998192273e-02,5.100000000000000e-04
4,5.483828041741484e-03,-1.215341136415564e-02,5.150000000000000e-04
4,6.082808764708838e-03,-1.186495745081958e-02,5.200000000000001e-04
4,6.666666666666669e-03,-1.154700538379252e-02,5.250000000000001e-04
4,7.233950184876796e-03,-1.120034564201028e-02,5.300000000000001e-04
4,7.783248963130527e-03,-1.082584007621142e-02,5.350000000000000e-04
4,8.313197358116446e-03,-1.042441976624040e-02,5.400000000000000e-04
4,8.822477834624783e-03,-9.997082706236464e-03,5.450000000000000e-04
4,9.309824241147640e-03,-9.544891323462912e-03,5.500000000000000e-04
4,9.774024957731022e-03,-9.068969836945589e-03,5.550000000000000e-04
4,1.021392590825304e-02,-8.570501462487196e-03,5.600000000000001e-04
4,1.062843342963897e-02,-8.050725471006367e-03,5.650000000000001e-04
4,1.101651699087993e-02,-7.510934107514970e-03,5.700000000000001e-04
4,1.137721175509541e-02,-6.952469378393306e-03,5.750000000000001e-04
4,1.170962097826971e-02,-6.376719714950915e-03,5.800000000000000e-04
4,1.201291823869892e-02,-5.785116521567445e-03,5.850000000000000e-04
4,1.228634949160544e-02,-5.179130616995931e-03,5.900000000000000e-04
4,1.252923494381211e-02,-4.560268577675592e-03,5.950000000000000e-04
4,1.274097074381521e-02,-3.930068992145396e-03,6.000000000000001e-04
4,1.292103048305437e-02,-3.290098635870586e-03,6.050000000000001e-04
4,1.306896650464725e-02,-2.641948575991970e-03,6.100000000000001e-04
4,1.318441101633505e-02,-1.987230215682325e-03,6.150000000000001e-04
4,1.326707700487202e-02,-1.327571287944231e-03,6.200000000000000e-04
4,1.331675894958563e-02,-6.646118088093014e-04,6.250000000000000e-04
5,1.777777777777778e-02,0.000000000000000e+00,0.000000000000000e+00
5,1.775567859944751e-02,8.861490784123940e-04,5.000000000000000e-06
5,1.768943600649603e-02,1.770095050592296e-03,1.000000000000000e-05
5,1.757921468844673e-02,2.649640287576434e-03,1.500000000000000e-05
5,1.742528867286300e-02,3.522598101322624e-03,2.000000000000000e-05
5,1.722804064407250e-02,4.386798181160776e-03,2.500000000000000e-05
5,1.698796099175361e-02,5.240091989527186e-03,3.000000000000000e-05
5,1.670564659174948e-02,6.080358103567444e-03,3.500000000000000e-05
5,1.638179932214058e-02,6.905507489327906e-03,4.000000000000000e-05
5,1.601722431826523e-02,7.713488695423256e-03,4.500000000000000e-05
5,1.561282797102628e-02,8.502292953267879e-03,5.000000000000000e-05
5,1.516961567346055e-02,9.269959171191076e-03,5.500000000000000e-05
5,1.468868932117324e-02,1.001457881001995e-02,6.000000000000001e-05
5,1.417124457285196e-02,1.073430062800849e-02,6.500000000000001e-05
5,1.361856787767072e-02,1.142733528331625e-02,7.000000000000001e-05
5,1.303203327697469e-02,1.209195978259412e-02,7.500000000000001e-05
5,1.241309898819685e-02,1.272652176461722e-02,8.000000000000001e-05
5,1.176330377949972e-02,1.332944360831527e-02,8.500000000000001e-05
5,1.108426314415526e-02,1.389922635498720e-02,9.000000000000001e-05
5,1.037766528417404e-02,1.443445343494856e-02,9.500000000000001e-05
5,9.645266913169057e-03,1.493379418934705e-02,1.000000000000000e-04
5,8.888888888888887e-03,1.539600717839002e-02,1.050000000000000e-04
5,8.110411686278454e-03,1.581994326775944e-02,1.100000000000000e-04
5,7.311770722321986e-03,1.620454848554086e-02,1.150000000000000e-04
5,6.494951544291467e-03,1.654886664256363e-02,1.200000000000000e-04
5,5.661984893363278e-03,1.685204170963790e-02,1.250000000000000e-04
5,4.814941655875648e-03,1.711331994577799e-02,1.300000000000000e-04
5,3.955927714778923e-03,1.733205177212131e-02,1.350000000000000e-04
5,3.087078714078763e-03,1.750769338688370e-02,1.400000000000000e-04
5,2.210554749288627e-03,1.763980811733639e-02,1.450000000000000e-04
5,1.328534997091989e-03,1.772806750544320e-02,1.500000000000000e-04
5,4.432122975657428e-04,1.777225212445896e-02,1.550000000000000e-04
5,-4.432122975657407e-04,1.777225212445896e-02,1.600000000000000e-04
5,-1.328534997091987e-03,1.772806750544320e-02,1.650000000000000e-04
5,-2.210554749288625e-03,1.763980811733639e-02,1.700000000000000e-04
5,-3.087078714078761e-03,1.750769338688370e-02,1.750000000000000e-04
5,-3.955927714778922e-03,1.733205177212131e-02,1.800000000000000e-04
5,-4.814941655875644e-03,1.711331994577799e-02,1.850000000000000e-04
5,-5.661984893363277e-03,1.685204170963790e-02,1.900000000000000e-04
5,-6.494951544291464e-03,1.654886664256363e-02,1.950000000000000e-04
5,-7.311770722321980e-03,1.620454848554086e-02,2.000000000000000e-04
5,-8.110411686278445e-03,1.581994326775945e-02,2.050000000000000e-04
5,-8.888888888888892e-03,1.539600717839002e-02,2.100000000000000e-04
5,-9.645266913169054e-03,1.493379418934705e-02,2.150000000000000e-04
5,-1.037766528417404e-02,1.443445343494856e-02,2.200000000000000e-04
5,-1.108426314415526e-02,1.389922635498720e-02,2.250000000000000e-04
5,-1.176330377949972e-02,1.332944360831528e-02,2.300000000000000e-04
5,-1.241309898819685e-02,1.272652176461722e-02,2.350000000000000e-04
5,-1.303203327697469e-02,1.209195978259412e-02,2.400000000000000e-04
5,-1.361856787767072e-02,1.142733528331626e-02,2.450000000000000e-04
5,-1.417124457285196e-02,1.073430062800849e-02,2.500000000000000e-04
5,-1.468868932117324e-02,1.001457881001995e-02,2.550000000000000e-04
5,-1.516961567346054e-02,9.269959171191078e-03,2.600000000000000e-04
5,-1.561282797102629e-02,8.502292953267878e-03,2.650000000000000e-04
5,-1.601722431826523e-02,7.713488695423257e-03,2.700000000000000e-04
5,-1.638179932214058e-02,6.905507489327905e-03,2.750000000000000e-04
5,-1.670564659174948e-02,6.080358103567446e-03,2.800000000000000e-04
5,-1.698796099175361e-02,5.240091989527192e-03,2.850000000000000e-04
5,-1.722804064407250e-02,4.386798181160779e-03,2.900000000000000e-04
5,-1.742528867286300e-02,3.522598101322624e-03,2.950000000000000e-04
5,-1.757921468844673e-02,2.649640287576440e-03,3.000000000000000e-04
5,-1.768943600649603e-02,1.770095050592297e-03,3.050000000000000e-04
5,-1.775567859944751e-02,8.861490784123996e-04,3.100000000000000e-04
5,-1.777777777777778e-02,2.177149865150850e-18,3.150000000000000e-04
5,-1.775567859944751e-02,-8.861490784123952e-04,3.200000000000000e-04
5,-1.768943600649603e-02,-1.770095050592293e-03,3.250000000000000e-04
5,-1.757921468844673e-02,-2.649640287576435e-03,3.300000000000001e-04
5,-1.742528867286300e-02,-3.522598101322620e-03,3.350000000000000e-04
5,-1.722804064407250e-02,-4.386798181160776e-03,3.400000000000000e-04
5,-1.698796099175361e-02,-5.240091989527181e-03,3.450000000000000e-04
5,-1.670564659174948e-02,-6.080358103567443e-03,3.500000000000001e-04
5,-1.638179932214058e-02,-6.905507489327907e-03,3.550000000000000e-04
5,-1.601722431826523e-02,-7.713488695423254e-03,3.600000000000000e-04
5,-1.561282797102629e-02,-8.502292953267872e-03,3.650000000000000e-04
5,-1.516961567346055e-02,-9.269959171191073e-03,3.700000000000000e-04
5,-1.468868932117324e-02,-1.001457881001995e-02,3.750000000000000e-04
5,-1.417124457285196e-02,-1.073430062800848e-02,3.800000000000000e-04
5,-1.361856787767072e-02,-1.142733528331625e-02,3.850000000000000e-04
5,-1.303203327697470e-02,-1.209195978259412e-02,3.900000000000000e-04
5,-1.241309898819685e-02,-1.272652176461721e-02,3.950000000000000e-04
5,-1.176330377949973e-02,-1.332944360831527e-02,4.000000000000000e-04
5,-1.108426314415527e-02,-1.389922635498719e-02,4.050000000000000e-04
5,-1.037766528417405e-02,-1.443445343494855e-02,4.100000000000000e-04
5,-9.645266913169052e-03,-1.493379418934705e-02,4.150000000000001e-04
5,-8.888888888888882e-03,-1.539600717839002e-02,4.200000000000000e-04
5,-8.110411686278457e-03,-1.581994326775944e-02,4.250000000000000e-04
5,-7.311770722321985e-03,-1.620454848554086e-02,4.300000000000000e-04
5,-6.494951544291480e-03,-1.654886664256363e-02,4.350000000000001e-04
5,-5.661984893363289e-03,-1.685204170963790e-02,4.400000000000000e-04
5,-4.814941655875637e-03,-1.711331994577800e-02,4.450000000000000e-04
5,-3.955927714778926e-03,-1.733205177212131e-02,4.500000000000000e-04
5,-3.087078714078761e-03,-1.750769338688370e-02,4.550000000000001e-04
5,-2.210554749288637e-03,-1.763980811733639e-02,4.600000000000000e-04
5,-1.328534997091995e-03,-1.772806750544320e-02,4.650000000000000e-04
5,-4.432122975657450e-04,-1.777225212445896e-02,4.700000000000000e-04
5,4.432122975657384e-04,-1.777225212445896e-02,4.750000000000001e-04
5,1.328534997091989e-03,-1.772806750544320e-02,4.800000000000001e-04
5,2.210554749288615e-03,-1.763980811733639e-02,4.850000000000000e-04
5,3.087078714078755e-03,-1.750769338688370e-02,4.900000000000001e-04
5,3.955927714778920e-03,-1.733205177212131e-02,4.950000000000000e-04
5,4.814941655875646e-03,-1.711331994577799e-02,5.000000000000000e-04
5,5.661984893363282e-03,-1.685204170963790e-02,5.050000000000000e-04
5,6.494951544291459e-03,-1.654886664256364e-02,5.100000000000000e-04
5,7.311770722321979e-03,-1.620454848554086e-02,5.150000000000000e-04
5,8.110411686278450e-03,-1.581994326775944e-02,5.200000000000001e-04
5,8.888888888888891e-03,-1.539600717839002e-02,5.250000000000001e-04
5,9.645266913169061e-03,-1.493379418934705e-02,5.300000000000001e-04
5,1.037766528417404e-02,-1.443445343494856e-02,5.350000000000000e-04
5,1.108426314415526e-02,-1.389922635498720e-02,5.400000000000000e-04
5,1.176330377949971e-02,-1.332944360831529e-02,5.450000000000000e-04
5,1.241309898819685e-02,-1.272652176461721e-02,5.500000000000000e-04
5,1.303203327697470e-02,-1.209195978259412e-02,5.550000000000000e-04
5,1.361856787767072e-02,-1.142733528331626e-02,5.600000000000001e-04
5,1.417124457285195e-02,-1.073430062800849e-02,5.650000000000001e-04
5,1.468868932117324e-02,-1.001457881001996e-02,5.700000000000001e-04
5,1.516961567346055e-02,-9.269959171191073e-03,5.750000000000001e-04
5,1.561282797102628e-02,-8.502292953267886e-03,5.800000000000000e-04
5,1.601722431826523e-02,-7.713488695423259e-03,5.850000000000000e-04
5,1.638179932214058e-02,-6.905507489327906e-03,5.900000000000000e-04
5,1.670564659174948e-02,-6.080358103567457e-03,5.950000000000000e-04
5,1.698796099175361e-02,-5.240091989527195e-03,6.000000000000001e-04
5,1.722804064407250e-02,-4.386798181160782e-03,6.050000000000001e-04
5,1.742528867286300e-02,-3.522598101322626e-03,6.100000000000001e-04
5,1.757921468844673e-02,-2.649640287576434e-03,6.150000000000001e-04
5,1.768943600649602e-02,-1.770095050592307e-03,6.200000000000000e-04
5,1.775567859944751e-02,-8.861490784124018e-04,6.250000000000000e-04
6,2.222222222222222e-02,0.000000000000000e+00,0.000000000000000e+00
6,2.219459824930938e-02,1.107686348015492e-03,5.000000000000000e-06
6,2.211179500812003e-02,2.212618813240370e-03,1.000000000000000e-05
6,2.197401836055841e-02,3.312050359470543e-03,1.500000000000000e-05
6,2.178161084107875e-02,4.403247626653279e-03,2.000000000000000e-05
6,2.153505080509062e-02,5.483497726450968e-03,2.500000000000000e-05
6,2.123495123969201e-02,6.550114986908982e-03,3.000000000000000e-05
6,2.088205823968685e-02,7.600447629459304e-03,3.500000000000000e-05
6,2.047724915267572e-02,8.631884361659882e-03,4.000000000000000e-05
6,2.002153039783153e-02,9.641860869279067e-03,4.500000000000000e-05
6,1.951603496378285e-02,1.062786619158485e-02,5.000000000000000e-05
6,1.896201959182568e-02,1.158744896398884e-02,5.500000000000000e-05
6,1.836086165146655e-02,1.251822351252493e-02,6.000000000000001e-05
6,1.771405571606494e-02,1.341787578501061e-02,6.500000000000001e-05
6,1.702320984708840e-02,1.428416910414531e-02,7.000000000000001e-05
6,1.629004159621836e-02,1.511494972824265e-02,7.500000000000001e-05
6,1.551637373524606e-02,1.590815220577152e-02,8.000000000000001e-05
6,1.470412972437465e-02,1.666180451039409e-02,8.500000000000001e-05
6,1.385532893019408e-02,1.737403294373399e-02,9.000000000000001e-05
6,1.297208160521755e-02,1.804306679368570e-02,9.500000000000001e-05
6,1.205658364146132e-02,1.866724273668381e-02,1.000000000000000e-04
6,1.111111111111111e-02,1.924500897298752e-02,1.050000000000000e-04
6,1.013801460784807e-02,1.977492908469930e-02,1.100000000000000e-04
6,9.139713402902481e-03,2.025568560692607e-02,1.150000000000000e-04
6,8.118689430364333e-03,2.068608330320454e-02,1.200000000000000e-04
6,7.077481116704098e-03,2.106505213704737e-02,1.250000000000000e-04
6,6.018677069844558e-03,2.139164993222249e-02,1.300000000000000e-04
6,4.944909643473654e-03,2.166506471515163e-02,1.350000000000000e-04
6,3.858848392598453e-03,2.188461673360462e-02,1.400000000000000e-04
6,2.763193436610784e-03,2.204976014667049e-02,1.450000000000000e-04
6,1.660668746364986e-03,2.216008438180400e-02,1.500000000000000e-04
6,5.540153719571785e-04,2.221531515557369e-02,1.550000000000000e-04
6,-5.540153719571758e-04,2.221531515557369e-02,1.600000000000000e-04
6,-1.660668746364984e-03,2.216008438180400e-02,1.650000000000000e-04
6,-2.763193436610781e-03,2.204976014667049e-02,1.700000000000000e-04
6,-3.858848392598451e-03,2.188461673360462e-02,1.750000000000000e-04
6,-4.944909643473651e-03,2.166506471515163e-02,1.800000000000000e-04
6,-6.018677069844555e-03,2.139164993222249e-02,1.850000000000000e-04
6,-7.077481116704095e-03,2.106505213704737e-02,1.900000000000000e-04
6,-8.118689430364329e-03,2.068608330320454e-02,1.950000000000000e-04
6,-9.139713402902474e-03,2.025568560692607e-02,2.000000000000000e-04
6,-1.013801460784806e-02,1.977492908469930e-02,2.050000000000000e-04
6,-1.111111111111112e-02,1.924500897298752e-02,2.100000000000000e-04
6,-1.205658364146132e-02,1.866724273668381e-02,2.150000000000000e-04
6,-1.297208160521755e-02,1.804306679368570e-02,2.200000000000000e-04
6,-1.385532893019408e-02,1.737403294373399e-02,2.250000000000000e-04
6,-1.470412972437465e-02,1.666180451039410e-02,2.300000000000000e-04
6,-1.551637373524606e-02,1.590815220577152e-02,2.350000000000000e-04
6,-1.629004159621836e-02,1.511494972824265e-02,2.400000000000000e-04
6,-1.702320984708840e-02,1.428416910414532e-02,2.450000000000000e-04
6,-1.771405571606494e-02,1.341787578501061e-02,2.500000000000000e-04
6,-1.836086165146655e-02,1.251822351252494e-02,2.550000000000000e-04
6,-1.896201959182568e-02,1.158744896398885e-02,2.600000000000000e-04
6,-1.951603496378286e-02,1.062786619158484e-02,2.650000000000000e-04
6,-2.002153039783153e-02,9.641860869279071e-03,2.700000000000000e-04
6,-2.047724915267573e-02,8.631884361659880e-03,2.750000000000000e-04
6,-2.088205823968685e-02,7.600447629459307e-03,2.800000000000000e-04
6,-2.123495123969201e-02,6.550114986908990e-03,2.850000000000000e-04
6,-2.153505080509062e-02,5.483497726450974e-03,2.900000000000000e-04
6,-2.178161084107875e-02,4.403247626653280e-03,2.950000000000000e-04
6,-2.197401836055841e-02,3.312050359470549e-03,3.000000000000000e-04
6,-2.211179500812003e-02,2.212618813240372e-03,3.050000000000000e-04
6,-2.219459824930938e-02,1.107686348015500e-03,3.100000000000000e-04
6,-2.222222222222222e-02,2.721437331438562e-18,3.150000000000000e-04
6,-2.219459824930938e-02,-1.107686348015494e-03,3.200000000000000e-04
6,-2.211179500812003e-02,-2.212618813240366e-03,3.250000000000000e-04
6,-2.197401836055841e-02,-3.312050359470544e-03,3.300000000000001e-04
6,-2.178161084107875e-02,-4.403247626653274e-03,3.350000000000000e-04
6,-2.153505080509062e-02,-5.483497726450968e-03,3.400000000000000e-04
6,-2.123495123969201e-02,-6.550114986908976e-03,3.450000000000000e-04
6,-2.088205823968685e-02,-7.600447629459303e-03,3.500000000000001e-04
6,-2.047724915267572e-02,-8.631884361659884e-03,3.550000000000000e-04
6,-2.002153039783153e-02,-9.641860869279066e-03,3.600000000000000e-04
6,-1.951603496378286e-02,-1.062786619158484e-02,3.650000000000000e-04
6,-1.896201959182568e-02,-1.158744896398884e-02,3.700000000000000e-04
6,-1.836086165146655e-02,-1.251822351252493e-02,3.750000000000000e-04
6,-1.771405571606495e-02,-1.341787578501060e-02,3.800000000000000e-04
6,-1.702320984708840e-02,-1.428416910414531e-02,3.850000000000000e-04
6,-1.629004159621836e-02,-1.511494972824265e-02,3.900000000000000e-04
6,-1.551637373524606e-02,-1.590815220577152e-02,3.950000000000000e-04
6,-1.470412972437466e-02,-1.666180451039409e-02,4.000000000000000e-04
6,-1.385532893019408e-02,-1.737403294373399e-02,4.050000000000000e-04
6,-1.297208160521757e-02,-1.804306679368569e-02,4.100000000000000e-04
6,-1.205658364146131e-02,-1.866724273668381e-02,4.150000000000001e-04
6,-1.111111111111110e-02,-1.924500897298753e-02,4.200000000000000e-04
6,-1.013801460784807e-02,-1.977492908469930e-02,4.250000000000000e-04
6,-9.139713402902479e-03,-2.025568560692607e-02,4.300000000000000e-04
6,-8.118689430364348e-03,-2.068608330320453e-02,4.350000000000001e-04
6,-7.077481116704110e-03,-2.106505213704737e-02,4.400000000000000e-04
6,-6.018677069844546e-03,-2.139164993222249e-02,4.450000000000000e-04
6,-4.944909643473657e-03,-2.166506471515163e-02,4.500000000000000e-04
6,-3.858848392598451e-03,-2.188461673360462e-02,4.550000000000001e-04
6,-2.763193436610796e-03,-2.204976014667049e-02,4.600000000000000e-04
6,-1.660668746364994e-03,-2.216008438180400e-02,4.650000000000000e-04
6,-5.540153719571811e-04,-2.221531515557369e-02,4.700000000000000e-04
6,5.540153719571730e-04,-2.221531515557369e-02,4.750000000000001e-04
6,1.660668746364986e-03,-2.216008438180400e-02,4.800000000000001e-04
6,2.763193436610769e-03,-2.204976014667049e-02,4.850000000000000e-04
6,3.858848392598443e-03,-2.188461673360462e-02,4.900000000000001e-04
6,4.944909643473649e-03,-2.166506471515163e-02,4.950000000000000e-04
6,6.018677069844557e-03,-2.139164993222249e-02,5.000000000000000e-04
6,7.077481116704101e-03,-2.106505213704737e-02,5.050000000000000e-04
6,8.118689430364322e-03,-2.068608330320454e-02,5.100000000000000e-04
6,9.139713402902472e-03,-2.025568560692607e-02,5.150000000000000e-04
6,1.013801460784806e-02,-1.977492908469930e-02,5.200000000000001e-04
6,1.111111111111111e-02,-1.924500897298752e-02,5.250000000000001e-04
6,1.205658364146132e-02,-1.866724273668380e-02,5.300000000000001e-04
6,1.297208160521754e-02,-1.804306679368570e-02,5.350000000000000e-04
6,1.385532893019407e-02,-1.737403294373399e-02,5.400000000000000e-04
6,1.470412972437464e-02,-1.666180451039410e-02,5.450000000000000e-04
6,1.551637373524606e-02,-1.590815220577152e-02,5.500000000000000e-04
6,1.629004159621836e-02,-1.511494972824265e-02,5.550000000000000e-04
6,1.702320984708839e-02,-1.428416910414532e-02,5.600000000000001e-04
6,1.771405571606494e-02,-1.341787578501061e-02,5.650000000000001e-04
6,1.836086165146654e-02,-1.251822351252495e-02,5.700000000000001e-04
6,1.896201959182568e-02,-1.158744896398884e-02,5.750000000000001e-04
6,1.951603496378285e-02,-1.062786619158486e-02,5.800000000000000e-04
6,2.002153039783153e-02,-9.641860869279073e-03,5.850000000000000e-04
6,2.047724915267572e-02,-8.631884361659882e-03,5.900000000000000e-04
6,2.088205823968685e-02,-7.600447629459319e-03,5.950000000000000e-04
6,2.123495123969201e-02,-6.550114986908993e-03,6.000000000000001e-04
6,2.153505080509062e-02,-5.483497726450976e-03,6.050000000000001e-04
6,2.178161084107875e-02,-4.403247626653282e-03,6.100000000000001e-04
6,2.197401836055841e-02,-3.312050359470541e-03,6.150000000000001e-04
6,2.211179500812003e-02,-2.212618813240384e-03,6.200000000000000e-04
6,2.219459824930938e-02,-1.107686348015502e-03,6.250000000000000e-04
7,2.666666666666667e-02,0.000000000000000e+00,0.000000000000000e+00
7,2.663351789917126e-02,1.329223617618591e-03,5.000000000000000e-06
7,2.653415400974404e-02,2.655142575888445e-03,1.000000000000000e-05
7,2.636882203267010e-02,3.974460431364652e-03,1.500000000000000e-05
7,2.613793300929450e-02,5.283897151983936e-03,2.000000000000000e-05
7,2.584206096610875e-02,6.580197271741164e-03,2.500000000000000e-05
7,2.548194148763042e-02,7.860137984290779e-03,3.000000000000000e-05
7,2.505846988762423e-02,9.120537155351166e-03,3.500000000000000e-05
7,2.457269898321087e-02,1.035826123399186e-02,4.000000000000000e-05
7,2.402583647739785e-02,1.157023304313488e-02,4.500000000000000e-05
7,2.341924195653943e-02,1.275343942990182e-02,5.000000000000000e-05
7,2.275442351019082e-02,1.390493875678661e-02,5.500000000000000e-05
7,2.203303398175986e-02,1.502186821502992e-02,6.000000000000001e-05
7,2.125686685927794e-02,1.610145094201273e-02,6.500000000000001e-05
7,2.042785181650608e-02,1.714100292497438e-02,7.000000000000001e-05
7,1.954804991546204e-02,1.813793967389118e-02,7.500000000000001e-05
7,1.861964848229528e-02,1.908978264692582e-02,8.000000000000001e-05
7,1.764495566924959e-02,1.999416541247291e-02,8.500000000000001e-05
7,1.662639471623290e-02,2.084883953248080e-02,9.000000000000001e-05
7,1.556649792626107e-02,2.165168015242284e-02,9.500000000000001e-05
7,1.446790036975359e-02,2.240069128402057e-02,1.000000000000000e-04
7,1.333333333333333e-02,2.309401076758504e-02,1.050000000000000e-04
7,1.216561752941768e-02,2.372991490163916e-02,1.100000000000000e-04
7,1.096765608348298e-02,2.430682272831129e-02,1.150000000000000e-04
7,9.742427316437201e-03,2.482329996384545e-02,1.200000000000000e-04
7,8.492977340044918e-03,2.527806256445685e-02,1.250000000000000e-04
7,7.222412483813471e-03,2.566997991866699e-02,1.300000000000000e-04
7,5.933891572168386e-03,2.599807765818197e-02,1.350000000000000e-04
7,4.630618071118145e-03,2.626154008032555e-02,1.400000000000000e-04
7,3.315832123932941e-03,2.645971217600459e-02,1.450000000000000e-04
7,1.992802495637984e-03,2.659210125816481e-02,1.500000000000000e-04
7,6.648184463486143e-04,2.665837818668844e-02,1.550000000000000e-04
7,-6.648184463486110e-04,2.665837818668844e-02,1.600000000000000e-04
7,-1.992802495637980e-03,2.659210125816481e-02,1.650000000000000e-04
7,-3.315832123932938e-03,2.645971217600459e-02,1.700000000000000e-04
7,-4.630618071118141e-03,2.626154008032555e-02,1.750000000000000e-04
7,-5.933891572168382e-03,2.599807765818197e-02,1.800000000000000e-04
7,-7.222412483813467e-03,2.566997991866699e-02,1.850000000000000e-04
7,-8.492977340044916e-03,2.527806256445685e-02,1.900000000000000e-04
7,-9.742427316437197e-03,2.482329996384545e-02,1.950000000000000e-04
7,-1.096765608348297e-02,2.430682272831129e-02,2.000000000000000e-04
7,-1.216561752941767e-02,2.372991490163917e-02,2.050000000000000e-04
7,-1.333333333333334e-02,2.309401076758503e-02,2.100000000000000e-04
7,-1.446790036975358e-02,2.240069128402057e-02,2.150000000000000e-04
7,-1.556649792626106e-02,2.165168015242284e-02,2.200000000000000e-04
7,-1.662639471623290e-02,2.084883953248080e-02,2.250000000000000e-04
7,-1.764495566924958e-02,1.999416541247292e-02,2.300000000000000e-04
7,-1.861964848229528e-02,1.908978264692583e-02,2.350000000000000e-04
7,-1.954804991546204e-02,1.813793967389118e-02,2.400000000000000e-04
7,-2.042785181650608e-02,1.714100292497439e-02,2.450000000000000e-04
7,-2.125686685927794e-02,1.610145094201273e-02,2.500000000000000e-04
7,-2.203303398175986e-02,1.502186821502993e-02,2.550000000000000e-04
7,-2.275442351019082e-02,1.390493875678662e-02,2.600000000000000e-04
7,-2.341924195653943e-02,1.275343942990182e-02,2.650000000000000e-04
7,-2.402583647739784e-02,1.157023304313489e-02,2.700000000000000e-04
7,-2.457269898321087e-02,1.035826123399186e-02,2.750000000000000e-04
7,-2.505846988762422e-02,9.120537155351171e-03,2.800000000000000e-04
7,-2.548194148763042e-02,7.860137984290789e-03,2.850000000000000e-04
7,-2.584206096610875e-02,6.580197271741170e-03,2.900000000000000e-04
7,-2.613793300929450e-02,5.283897151983937e-03,2.950000000000000e-04
7,-2.636882203267010e-02,3.974460431364659e-03,3.000000000000000e-04
7,-2.653415400974404e-02,2.655142575888446e-03,3.050000000000000e-04
7,-2.663351789917126e-02,1.329223617618600e-03,3.100000000000000e-04
7,-2.666666666666667e-02,3.265724797726276e-18,3.150000000000000e-04
7,-2.663351789917126e-02,-1.329223617618593e-03,3.200000000000000e-04
7,-2.653415400974404e-02,-2.655142575888439e-03,3.250000000000000e-04
7,-2.636882203267010e-02,-3.974460431364653e-03,3.300000000000001e-04
7,-2.613793300929451e-02,-5.283897151983930e-03,3.350000000000000e-04
7,-2.584206096610875e-02,-6.580197271741164e-03,3.400000000000000e-04
7,-2.548194148763042e-02,-7.860137984290772e-03,3.450000000000000e-04
7,-2.505846988762423e-02,-9.120537155351164e-03,3.500000000000001e-04
7,-2.457269898321087e-02,-1.035826123399186e-02,3.550000000000000e-04
7,-2.402583647739785e-02,-1.157023304313488e-02,3.600000000000000e-04
7,-2.341924195653943e-02,-1.275343942990181e-02,3.650000000000000e-04
7,-2.275442351019082e-02,-1.390493875678661e-02,3.700000000000000e-04
7,-2.203303398175986e-02,-1.502186821502992e-02,3.750000000000000e-04
7,-2.125686685927794e-02,-1.610145094201272e-02,3.800000000000000e-04
7,-2.042785181650608e-02,-1.714100292497438e-02,3.850000000000000e-04
7,-1.954804991546204e-02,-1.813793967389118e-02,3.900000000000000e-04
7,-1.861964848229528e-02,-1.908978264692582e-02,3.950000000000000e-04
7,-1.764495566924959e-02,-1.999416541247291e-02,4.000000000000000e-04
7,-1.662639471623290e-02,-2.084883953248079e-02,4.050000000000000e-04
7,-1.556649792626108e-02,-2.165168015242283e-02,4.100000000000000e-04
7,-1.446790036975358e-02,-2.240069128402057e-02,4.150000000000001e-04
7,-1.333333333333332e-02,-2.309401076758504e-02,4.200000000000000e-04
7,-1.216561752941769e-02,-2.372991490163916e-02,4.250000000000000e-04
7,-1.096765608348298e-02,-2.430682272831129e-02,4.300000000000000e-04
7,-9.742427316437220e-03,-2.482329996384544e-02,4.350000000000001e-04
7,-8.492977340044934e-03,-2.527806256445684e-02,4.400000000000000e-04
7,-7.222412483813456e-03,-2.566997991866700e-02,4.450000000000000e-04
7,-5.933891572168389e-03,-2.599807765818197e-02,4.500000000000000e-04
7,-4.630618071118142e-03,-2.626154008032555e-02,4.550000000000001e-04
7,-3.315832123932956e-03,-2.645971217600459e-02,4.600000000000000e-04
7,-1.992802495637993e-03,-2.659210125816481e-02,4.650000000000000e-04
7,-6.648184463486175e-04,-2.665837818668844e-02,4.700000000000000e-04
7,6.648184463486078e-04,-2.665837818668844e-02,4.750000000000001e-04
7,1.992802495637983e-03,-2.659210125816481e-02,4.800000000000001e-04
7,3.315832123932923e-03,-2.645971217600459e-02,4.850000000000000e-04
7,4.630618071118133e-03,-2.626154008032555e-02,4.900000000000001e-04
7,5.933891572168380e-03,-2.599807765818197e-02,4.950000000000000e-04
7,7.222412483813470e-03,-2.566997991866699e-02,5.000000000000000e-04
7,8.492977340044923e-03,-2.527806256445685e-02,5.050000000000000e-04
7,9.742427316437189e-03,-2.482329996384545e-02,5.100000000000000e-04
7,1.096765608348297e-02,-2.430682272831129e-02,5.150000000000000e-04
7,1.216561752941768e-02,-2.372991490163917e-02,5.200000000000001e-04
7,1.333333333333334e-02,-2.309401076758503e-02,5.250000000000001e-04
7,1.446790036975359e-02,-2.240069128402057e-02,5.300000000000001e-04
7,1.556649792626105e-02,-2.165168015242285e-02,5.350000000000000e-04
7,1.662639471623289e-02,-2.084883953248080e-02,5.400000000000000e-04
7,1.764495566924957e-02,-1.999416541247293e-02,5.450000000000000e-04
7,1.861964848229528e-02,-1.908978264692582e-02,5.500000000000000e-04
7,1.954804991546204e-02,-1.813793967389118e-02,5.550000000000000e-04
7,2.042785181650607e-02,-1.714100292497439e-02,5.600000000000001e-04
7,2.125686685927793e-02,-1.610145094201273e-02,5.650000000000001e-04
7,2.203303398175985e-02,-1.502186821502994e-02,5.700000000000001e-04
7,2.275442351019082e-02,-1.390493875678661e-02,5.750000000000001e-04
7,2.341924195653942e-02,-1.275343942990183e-02,5.800000000000000e-04
7,2.402583647739784e-02,-1.157023304313489e-02,5.850000000000000e-04
7,2.457269898321087e-02,-1.035826123399186e-02,5.900000000000000e-04
7,2.505846988762422e-02,-9.120537155351185e-03,5.950000000000000e-04
7,2.548194148763042e-02,-7.860137984290793e-03,6.000000000000001e-04
7,2.584206096610875e-02,-6.580197271741172e-03,6.050000000000001e-04
7,2.613793300929450e-02,-5.283897151983939e-03,6.100000000000001e-04
7,2.636882203267010e-02,-3.974460431364651e-03,6.150000000000001e-04
7,2.653415400974404e-02,-2.655142575888461e-03,6.200000000000000e-04
7,2.663351789917126e-02,-1.329223617618603e-03,6.250000000000000e-04
8,3.111111111111111e-02,0.000000000000000e+00,0.000000000000000e+00
8,3.107243754903314e-02,1.550760887221690e-03,5.000000000000000e-06
8,3.095651301136804e-02,3.097666338536518e-03,1.000000000000000e-05
8,3.076362570478177e-02,4.636870503258761e-03,1.500000000000000e-05
8,3.049425517751025e-02,6.164546677314591e-03,2.000000000000000e-05
8,3.014907112712687e-02,7.676896817031357e-03,2.500000000000000e-05
8,2.972893173556882e-02,9.170160981672575e-03,3.000000000000000e-05
8,2.923488153556160e-02,1.064062668124303e-02,3.500000000000000e-05
8,2.866814881374601e-02,1.208463810632384e-02,4.000000000000000e-05
8,2.803014255696415e-02,1.349860521699070e-02,4.500000000000000e-05
8,2.732244894929600e-02,1.487901266821879e-02,5.000000000000000e-05
8,2.654682742855596e-02,1.622242854958438e-02,5.500000000000000e-05
8,2.570520631205317e-02,1.752551291753491e-02,6.000000000000001e-05
8,2.479967800249092e-02,1.878502609901485e-02,6.500000000000001e-05
8,2.383249378592376e-02,1.999783674580344e-02,7.000000000000001e-05
8,2.280605823470571e-02,2.116092961953971e-02,7.500000000000001e-05
8,2.172292322934449e-02,2.227141308808013e-02,8.000000000000001e-05
8,2.058578161412451e-02,2.332652631455173e-02,8.500000000000001e-05
8,1.939746050227171e-02,2.432364612122759e-02,9.000000000000001e-05
8,1.816091424730458e-02,2.526029351115998e-02,9.500000000000001e-05
8,1.687921709804585e-02,2.613413983135733e-02,1.000000000000000e-04
8,1.555555555555555e-02,2.694301256218254e-02,1.050000000000000e-04
8,1.419322045098730e-02,2.768490071857902e-02,1.100000000000000e-04
8,1.279559876406347e-02,2.835795984969650e-02,1.150000000000000e-04
8,1.136616520251007e-02,2.896051662448635e-02,1.200000000000000e-04
8,9.908473563385738e-03,2.949107299186632e-02,1.250000000000000e-04
8,8.426147897782383e-03,2.994830990511149e-02,1.300000000000000e-04
8,6.922873500863116e-03,3.033109060121229e-02,1.350000000000000e-04
8,5.402387749637835e-03,3.063846342704647e-02,1.400000000000000e-04
8,3.868470811255097e-03,3.086966420533869e-02,1.450000000000000e-04
8,2.324936244910981e-03,3.102411813452560e-02,1.500000000000000e-04
8,7.756215207400499e-04,3.110144121780317e-02,1.550000000000000e-04
8,-7.756215207400461e-04,3.110144121780317e-02,1.600000000000000e-04
8,-2.324936244910977e-03,3.102411813452560e-02,1.650000000000000e-04
8,-3.868470811255094e-03,3.086966420533869e-02,1.700000000000000e-04
8,-5.402387749637832e-03,3.063846342704647e-02,1.750000000000000e-04
8,-6.922873500863113e-03,3.033109060121229e-02,1.800000000000000e-04
8,-8.426147897782378e-03,2.994830990511149e-02,1.850000000000000e-04
8,-9.908473563385735e-03,2.949107299186632e-02,1.900000000000000e-04
8,-1.136616520251006e-02,2.896051662448636e-02,1.950000000000000e-04
8,-1.279559876406347e-02,2.835795984969650e-02,2.000000000000000e-04
8,-1.419322045098728e-02,2.768490071857903e-02,2.050000000000000e-04
8,-1.555555555555556e-02,2.694301256218253e-02,2.100000000000000e-04
8,-1.687921709804584e-02,2.613413983135733e-02,2.150000000000000e-04
8,-1.816091424730457e-02,2.526029351115998e-02,2.200000000000000e-04
8,-1.939746050227171e-02,2.432364612122760e-02,2.250000000000000e-04
8,-2.058578161412451e-02,2.332652631455174e-02,2.300000000000000e-04
8,-2.172292322934449e-02,2.227141308808013e-02,2.350000000000000e-04
8,-2.280605823470571e-02,2.116092961953971e-02,2.400000000000000e-04
8,-2.383249378592376e-02,1.999783674580345e-02,2.450000000000000e-04
8,-2.479967800249092e-02,1.878502609901485e-02,2.500000000000000e-04
8,-2.570520631205317e-02,1.752551291753492e-02,2.550000000000000e-04
8,-2.654682742855595e-02,1.622242854958439e-02,2.600000000000000e-04
8,-2.732244894929600e-02,1.487901266821878e-02,2.650000000000000e-04
8,-2.803014255696415e-02,1.349860521699070e-02,2.700000000000000e-04
8,-2.866814881374602e-02,1.208463810632383e-02,2.750000000000000e-04
8,-2.923488153556159e-02,1.064062668124303e-02,2.800000000000000e-04
8,-2.972893173556882e-02,9.170160981672587e-03,2.850000000000000e-04
8,-3.014907112712686e-02,7.676896817031363e-03,2.900000000000000e-04
8,-3.049425517751025e-02,6.164546677314592e-03,2.950000000000000e-04
8,-3.076362570478177e-02,4.636870503258769e-03,3.000000000000000e-04
8,-3.095651301136804e-02,3.097666338536520e-03,3.050000000000000e-04
8,-3.107243754903314e-02,1.550760887221699e-03,3.100000000000000e-04
8,-3.111111111111111e-02,3.810012264013988e-18,3.150000000000000e-04
8,-3.107243754903314e-02,-1.550760887221692e-03,3.200000000000000e-04
8,-3.095651301136804e-02,-3.097666338536513e-03,3.250000000000000e-04
8,-3.076362570478177e-02,-4.636870503258761e-03,3.300000000000001e-04
8,-3.049425517751025e-02,-6.164546677314585e-03,3.350000000000000e-04
8,-3.014907112712687e-02,-7.676896817031357e-03,3.400000000000000e-04
8,-2.972893173556882e-02,-9.170160981672566e-03,3.450000000000000e-04
8,-2.923488153556160e-02,-1.064062668124302e-02,3.500000000000001e-04
8,-2.866814881374601e-02,-1.208463810632384e-02,3.550000000000000e-04
8,-2.803014255696415e-02,-1.349860521699069e-02,3.600000000000000e-04
8,-2.732244894929601e-02,-1.487901266821878e-02,3.650000000000000e-04
8,-2.654682742855596e-02,-1.622242854958438e-02,3.700000000000000e-04
8,-2.570520631205317e-02,-1.752551291753491e-02,3.750000000000000e-04
8,-2.479967800249093e-02,-1.878502609901484e-02,3.800000000000000e-04
8,-2.383249378592376e-02,-1.999783674580344e-02,3.850000000000000e-04
8,-2.280605823470571e-02,-2.116092961953971e-02,3.900000000000000e-04
8,-2.172292322934449e-02,-2.227141308808013e-02,3.950000000000000e-04
8,-2.058578161412452e-02,-2.332652631455172e-02,4.000000000000000e-04
8,-1.939746050227172e-02,-2.432364612122759e-02,4.050000000000000e-04
8,-1.816091424730459e-02,-2.526029351115996e-02,4.100000000000000e-04
8,-1.687921709804584e-02,-2.613413983135733e-02,4.150000000000001e-04
8,-1.555555555555554e-02,-2.694301256218254e-02,4.200000000000000e-04
8,-1.419322045098730e-02,-2.768490071857902e-02,4.250000000000000e-04
8,-1.279559876406347e-02,-2.835795984969650e-02,4.300000000000000e-04
8,-1.136616520251009e-02,-2.896051662448635e-02,4.350000000000001e-04
8,-9.908473563385756e-03,-2.949107299186631e-02,4.400000000000000e-04
8,-8.426147897782366e-03,-2.994830990511149e-02,4.450000000000000e-04
8,-6.922873500863120e-03,-3.033109060121229e-02,4.500000000000000e-04
8,-5.402387749637833e-03,-3.063846342704647e-02,4.550000000000001e-04
8,-3.868470811255115e-03,-3.086966420533868e-02,4.600000000000000e-04
8,-2.324936244910991e-03,-3.102411813452560e-02,4.650000000000000e-04
8,-7.756215207400537e-04,-3.110144121780317e-02,4.700000000000000e-04
8,7.756215207400422e-04,-3.110144121780317e-02,4.750000000000001e-04
8,2.324936244910980e-03,-3.102411813452560e-02,4.800000000000001e-04
8,3.868470811255076e-03,-3.086966420533869e-02,4.850000000000000e-04
8,5.402387749637821e-03,-3.063846342704648e-02,4.900000000000001e-04
8,6.922873500863109e-03,-3.033109060121229e-02,4.950000000000000e-04
8,8.426147897782382e-03,-2.994830990511149e-02,5.000000000000000e-04
8,9.908473563385744e-03,-2.949107299186632e-02,5.050000000000000e-04
8,1.136616520251005e-02,-2.896051662448636e-02,5.100000000000000e-04
8,1.279559876406346e-02,-2.835795984969650e-02,5.150000000000000e-04
8,1.419322045098729e-02,-2.768490071857902e-02,5.200000000000001e-04
8,1.555555555555556e-02,-2.694301256218253e-02,5.250000000000001e-04
8,1.687921709804585e-02,-2.613413983135733e-02,5.300000000000001e-04
8,1.816091424730456e-02,-2.526029351115999e-02,5.350000000000000e-04
8,1.939746050227171e-02,-2.432364612122760e-02,5.400000000000000e-04
8,2.058578161412449e-02,-2.332652631455175e-02,5.450000000000000e-04
8,2.172292322934449e-02,-2.227141308808013e-02,5.500000000000000e-04
8,2.280605823470571e-02,-2.116092961953971e-02,5.550000000000000e-04
8,2.383249378592375e-02,-1.999783674580345e-02,5.600000000000001e-04
8,2.479967800249092e-02,-1.878502609901486e-02,5.650000000000001e-04
8,2.570520631205316e-02,-1.752551291753493e-02,5.700000000000001e-04
8,2.654682742855596e-02,-1.622242854958438e-02,5.750000000000001e-04
8,2.732244894929599e-02,-1.487901266821880e-02,5.800000000000000e-04
8,2.803014255696415e-02,-1.349860521699070e-02,5.850000000000000e-04
8,2.866814881374601e-02,-1.208463810632384e-02,5.900000000000000e-04
8,2.923488153556159e-02,-1.064062668124305e-02,5.950000000000000e-04
8,2.972893173556882e-02,-9.170160981672591e-03,6.000000000000001e-04
8,3.014907112712686e-02,-7.676896817031367e-03,6.050000000000001e-04
8,3.049425517751025e-02,-6.164546677314596e-03,6.100000000000001e-04
8,3.076362570478177e-02,-4.636870503258759e-03,6.150000000000001e-04
8,3.095651301136804e-02,-3.097666338536538e-03,6.200000000000000e-04
8,3.107243754903314e-02,-1.550760887221703e-03,6.250000000000000e-04
9,3.555555555555556e-02,0.000000000000000e+00,0.000000000000000e+00
9,3.551135719889502e-02,1.772298156824788e-03,5.000000000000000e-06
9,3.537887201299205e-02,3.540190101184592e-03,1.000000000000000e-05
9,3.515842937689346e-02,5.299280575152869e-03,1.500000000000000e-05
9,3.485057734572600e-02,7.045196202645247e-03,2.000000000000000e-05
9,3.445608128814499e-02,8.773596362321551e-03,2.500000000000000e-05
9,3.397592198350723e-02,1.048018397905437e-02,3.000000000000000e-05
9,3.341129318349897e-02,1.216071620713489e-02,3.500000000000000e-05
9,3.276359864428116e-02,1.381101497865581e-02,4.000000000000000e-05
9,3.203444863653046e-02,1.542697739084651e-02,4.500000000000000e-05
9,3.122565594205257e-02,1.700458590653576e-02,5.000000000000000e-05
9,3.033923134692109e-02,1.853991834238215e-02,5.500000000000000e-05
9,2.937737864234648e-02,2.002915762003990e-02,6.000000000000001e-05
9,2.834248914570391e-02,2.146860125601697e-02,6.500000000000001e-05
9,2.723713575534144e-02,2.285467056663251e-02,7.000000000000001e-05
9,2.606406655394938e-02,2.418391956518825e-02,7.500000000000001e-05
9,2.482619797639370e-02,2.545304352923443e-02,8.000000000000001e-05
9,2.352660755899945e-02,2.665888721663055e-02,8.500000000000001e-05
9,2.216852628831053e-02,2.779845270997439e-02,9.000000000000001e-05
9,2.075533056834809e-02,2.886890686989712e-02,9.500000000000001e-05
9,1.929053382633811e-02,2.986758837869409e-02,1.000000000000000e-04
9,1.777777777777777e-02,3.079201435678004e-02,1.050000000000000e-04
9,1.622082337255691e-02,3.163988653551888e-02,1.100000000000000e-04
9,1.462354144464397e-02,3.240909697108171e-02,1.150000000000000e-04
9,1.298990308858293e-02,3.309773328512726e-02,1.200000000000000e-04
9,1.132396978672656e-02,3.370408341927579e-02,1.250000000000000e-04
9,9.629883311751295e-03,3.422663989155598e-02,1.300000000000000e-04
9,7.911855429557847e-03,3.466410354424262e-02,1.350000000000000e-04
9,6.174157428157525e-03,3.501538677376739e-02,1.400000000000000e-04
9,4.421109498577254e-03,3.527961623467279e-02,1.450000000000000e-04
9,2.657069994183978e-03,3.545613501088640e-02,1.500000000000000e-04
9,8.864245951314857e-04,3.554450424891791e-02,1.550000000000000e-04
9,-8.864245951314813e-04,3.554450424891791e-02,1.600000000000000e-04
9,-2.657069994183974e-03,3.545613501088640e-02,1.650000000000000e-04
9,-4.421109498577250e-03,3.527961623467279e-02,1.700000000000000e-04
9,-6.174157428157522e-03,3.501538677376739e-02,1.750000000000000e-04
9,-7.911855429557843e-03,3.466410354424262e-02,1.800000000000000e-04
9,-9.629883311751289e-03,3.422663989155598e-02,1.850000000000000e-04
9,-1.132396978672655e-02,3.370408341927580e-02,1.900000000000000e-04
9,-1.298990308858293e-02,3.309773328512727e-02,1.950000000000000e-04
9,-1.462354144464396e-02,3.240909697108171e-02,2.000000000000000e-04
9,-1.622082337255689e-02,3.163988653551889e-02,2.050000000000000e-04
9,-1.777777777777778e-02,3.079201435678004e-02,2.100000000000000e-04
9,-1.929053382633811e-02,2.986758837869410e-02,2.150000000000000e-04
9,-2.075533056834808e-02,2.886890686989712e-02,2.200000000000000e-04
9,-2.216852628831052e-02,2.779845270997440e-02,2.250000000000000e-04
9,-2.352660755899944e-02,2.665888721663056e-02,2.300000000000000e-04
9,-2.482619797639370e-02,2.545304352923444e-02,2.350000000000000e-04
9,-2.606406655394938e-02,2.418391956518825e-02,2.400000000000000e-04
9,-2.723713575534144e-02,2.285467056663252e-02,2.450000000000000e-04
9,-2.834248914570391e-02,2.146860125601697e-02,2.500000000000000e-04
9,-2.937737864234648e-02,2.002915762003990e-02,2.550000000000000e-04
9,-3.033923134692109e-02,1.853991834238216e-02,2.600000000000000e-04
9,-3.122565594205257e-02,1.700458590653576e-02,2.650000000000000e-04
9,-3.203444863653045e-02,1.542697739084651e-02,2.700000000000000e-04
9,-3.276359864428116e-02,1.381101497865581e-02,2.750000000000000e-04
9,-3.341129318349896e-02,1.216071620713489e-02,2.800000000000000e-04
9,-3.397592198350722e-02,1.048018397905438e-02,2.850000000000000e-04
9,-3.445608128814499e-02,8.773596362321558e-03,2.900000000000000e-04
9,-3.485057734572600e-02,7.045196202645248e-03,2.950000000000000e-04
9,-3.515842937689346e-02,5.299280575152879e-03,3.000000000000000e-04
9,-3.537887201299205e-02,3.540190101184595e-03,3.050000000000000e-04
9,-3.551135719889502e-02,1.772298156824799e-03,3.100000000000000e-04
9,-3.555555555555556e-02,4.354299730301700e-18,3.150000000000000e-04
9,-3.551135719889502e-02,-1.772298156824790e-03,3.200000000000000e-04
9,-3.537887201299205e-02,-3.540190101184586e-03,3.250000000000000e-04
9,-3.515842937689346e-02,-5.299280575152870e-03,3.300000000000001e-04
9,-3.485057734572600e-02,-7.045196202645239e-03,3.350000000000000e-04
9,-3.445608128814499e-02,-8.773596362321551e-03,3.400000000000000e-04
9,-3.397592198350723e-02,-1.048018397905436e-02,3.450000000000000e-04
9,-3.341129318349897e-02,-1.216071620713489e-02,3.500000000000001e-04
9,-3.276359864428116e-02,-1.381101497865581e-02,3.550000000000000e-04
9,-3.203444863653046e-02,-1.542697739084651e-02,3.600000000000000e-04
9,-3.122565594205258e-02,-1.700458590653574e-02,3.650000000000000e-04
9,-3.033923134692109e-02,-1.853991834238215e-02,3.700000000000000e-04
9,-2.937737864234648e-02,-2.002915762003990e-02,3.750000000000000e-04
9,-2.834248914570392e-02,-2.146860125601696e-02,3.800000000000000e-04
9,-2.723713575534144e-02,-2.285467056663251e-02,3.850000000000000e-04
9,-2.606406655394939e-02,-2.418391956518823e-02,3.900000000000000e-04
9,-2.482619797639370e-02,-2.545304352923443e-02,3.950000000000000e-04
9,-2.352660755899946e-02,-2.665888721663054e-02,4.000000000000000e-04
9,-2.216852628831053e-02,-2.779845270997439e-02,4.050000000000000e-04
9,-2.075533056834811e-02,-2.886890686989710e-02,4.100000000000000e-04
9,-1.929053382633810e-02,-2.986758837869410e-02,4.150000000000001e-04
9,-1.777777777777776e-02,-3.079201435678005e-02,4.200000000000000e-04
9,-1.622082337255691e-02,-3.163988653551888e-02,4.250000000000000e-04
9,-1.462354144464397e-02,-3.240909697108171e-02,4.300000000000000e-04
9,-1.298990308858296e-02,-3.309773328512725e-02,4.350000000000001e-04
9,-1.132396978672658e-02,-3.370408341927579e-02,4.400000000000000e-04
9,-9.629883311751275e-03,-3.422663989155599e-02,4.450000000000000e-04
9,-7.911855429557852e-03,-3.466410354424262e-02,4.500000000000000e-04
9,-6.174157428157523e-03,-3.501538677376739e-02,4.550000000000001e-04
9,-4.421109498577274e-03,-3.527961623467278e-02,4.600000000000000e-04
9,-2.657069994183990e-03,-3.545613501088640e-02,4.650000000000000e-04
9,-8.864245951314900e-04,-3.554450424891791e-02,4.700000000000000e-04
9,8.864245951314769e-04,-3.554450424891791e-02,4.750000000000001e-04
9,2.657069994183978e-03,-3.545613501088640e-02,4.800000000000001e-04
9,4.421109498577230e-03,-3.527961623467279e-02,4.850000000000000e-04
9,6.174157428157510e-03,-3.501538677376740e-02,4.900000000000001e-04
9,7.911855429557840e-03,-3.466410354424262e-02,4.950000000000000e-04
9,9.629883311751292e-03,-3.422663989155598e-02,5.000000000000000e-04
9,1.132396978672656e-02,-3.370408341927579e-02,5.050000000000000e-04
9,1.298990308858292e-02,-3.309773328512727e-02,5.100000000000000e-04
9,1.462354144464396e-02,-3.240909697108171e-02,5.150000000000000e-04
9,1.622082337255690e-02,-3.163988653551889e-02,5.200000000000001e-04
9,1.777777777777778e-02,-3.079201435678004e-02,5.250000000000001e-04
9,1.929053382633812e-02,-2.986758837869409e-02,5.300000000000001e-04
9,2.075533056834807e-02,-2.886890686989713e-02,5.350000000000000e-04
9,2.216852628831052e-02,-2.779845270997440e-02,5.400000000000000e-04
9,2.352660755899942e-02,-2.665888721663057e-02,5.450000000000000e-04
9,2.482619797639371e-02,-2.545304352923443e-02,5.500000000000000e-04
9,2.606406655394939e-02,-2.418391956518823e-02,5.550000000000000e-04
9,2.723713575534143e-02,-2.285467056663252e-02,5.600000000000001e-04
9,2.834248914570391e-02,-2.146860125601698e-02,5.650000000000001e-04
9,2.937737864234647e-02,-2.002915762003992e-02,5.700000000000001e-04
9,3.033923134692110e-02,-1.853991834238215e-02,5.750000000000001e-04
9,3.122565594205256e-02,-1.700458590653577e-02,5.800000000000000e-04
9,3.203444863653045e-02,-1.542697739084652e-02,5.850000000000000e-04
9,3.276359864428116e-02,-1.381101497865581e-02,5.900000000000000e-04
9,3.341129318349895e-02,-1.216071620713491e-02,5.950000000000000e-04
9,3.397592198350722e-02,-1.048018397905439e-02,6.000000000000001e-04
9,3.445608128814499e-02,-8.773596362321563e-03,6.050000000000001e-04
9,3.485057734572600e-02,-7.045196202645252e-03,6.100000000000001e-04
9,3.515842937689346e-02,-5.299280575152867e-03,6.150000000000001e-04
9,3.537887201299204e-02,-3.540190101184614e-03,6.200000000000000e-04
9,3.551135719889502e-02,-1.772298156824804e-03,6.250000000000000e-04
10,4.000000000000000e-02,0.000000000000000e+00,0.000000000000000e+00
10,3.995027684875690e-02,1.993835426427887e-03,5.000000000000000e-06
10,3.980123101461606e-02,3.982713863832667e-03,1.000000000000000e-05
10,3.955323304900514e-02,5.961690647046978e-03,1.500000000000000e-05
10,3.920689951394175e-02,7.925845727975903e-03,2.000000000000000e-05
10,3.876309144916312e-02,9.870295907611746e-03,2.500000000000000e-05
10,3.822291223144563e-02,1.179020697643617e-02,3.000000000000000e-05
10,3.758770483143634e-02,1.368080573302675e-02,3.500000000000000e-05
10,3.685904847481630e-02,1.553739185098779e-02,4.000000000000000e-05
10,3.603875471609676e-02,1.735534956470233e-02,4.500000000000000e-05
10,3.512886293480914e-02,1.913015914485273e-02,5.000000000000000e-05
10,3.413163526528623e-02,2.085740813517992e-02,5.500000000000000e-05
10,3.304955097263980e-02,2.253280232254488e-02,6.000000000000001e-05
10,3.188530028891690e-02,2.415217641301910e-02,6.500000000000001e-05
10,3.064177772475912e-02,2.571150438746157e-02,7.000000000000001e-05
10,2.932207487319305e-02,2.720690951083677e-02,7.500000000000001e-05
10,2.792947272344291e-02,2.863467397038874e-02,8.000000000000001e-05
10,2.646743350387437e-02,2.999124811870937e-02,8.500000000000001e-05
10,2.493959207434934e-02,3.127325929872119e-02,9.000000000000001e-05
10,2.334974688939160e-02,3.247752022863426e-02,9.500000000000001e-05
10,2.170185055463038e-02,3.360103692603086e-02,1.000000000000000e-04
10,2.000000000000000e-02,3.464101615137755e-02,1.050000000000000e-04
10,1.824842629412652e-02,3.559487235245874e-02,1.100000000000000e-04
10,1.645148412522447e-02,3.646023409246692e-02,1.150000000000000e-04
10,1.461364097465580e-02,3.723494994576817e-02,1.200000000000000e-04
10,1.273946601006738e-02,3.791709384668527e-02,1.250000000000000e-04
10,1.083361872572021e-02,3.850496987800048e-02,1.300000000000000e-04
10,8.900837358252579e-03,3.899711648727294e-02,1.350000000000000e-04
10,6.945927106677217e-03,3.939231012048832e-02,1.400000000000000e-04
10,4.973748185899411e-03,3.968956826400688e-02,1.450000000000000e-04
10,2.989203743456976e-03,3.988815188724720e-02,1.500000000000000e-04
10,9.972276695229213e-04,3.998756728003265e-02,1.550000000000000e-04
10,-9.972276695229165e-04,3.998756728003265e-02,1.600000000000000e-04
10,-2.989203743456971e-03,3.988815188724720e-02,1.650000000000000e-04
10,-4.973748185899406e-03,3.968956826400688e-02,1.700000000000000e-04
10,-6.945927106677212e-03,3.939231012048832e-02,1.750000000000000e-04
10,-8.900837358252573e-03,3.899711648727294e-02,1.800000000000000e-04
10,-1.083361872572020e-02,3.850496987800048e-02,1.850000000000000e-04
10,-1.273946601006737e-02,3.791709384668528e-02,1.900000000000000e-04
10,-1.461364097465580e-02,3.723494994576818e-02,1.950000000000000e-04
10,-1.645148412522445e-02,3.646023409246693e-02,2.000000000000000e-04
10,-1.824842629412650e-02,3.559487235245875e-02,2.050000000000000e-04
10,-2.000000000000001e-02,3.464101615137754e-02,2.100000000000000e-04
10,-2.170185055463037e-02,3.360103692603086e-02,2.150000000000000e-04
10,-2.334974688939159e-02,3.247752022863427e-02,2.200000000000000e-04
10,-2.493959207434934e-02,3.127325929872120e-02,2.250000000000000e-04
10,-2.646743350387437e-02,2.999124811870938e-02,2.300000000000000e-04
10,-2.792947272344291e-02,2.863467397038874e-02,2.350000000000000e-04
10,-2.932207487319305e-02,2.720690951083677e-02,2.400000000000000e-04
10,-3.064177772475912e-02,2.571150438746158e-02,2.450000000000000e-04
10,-3.188530028891690e-02,2.415217641301910e-02,2.500000000000000e-04
10,-3.304955097263979e-02,2.253280232254489e-02,2.550000000000000e-04
10,-3.413163526528622e-02,2.085740813517992e-02,2.600000000000000e-04
10,-3.512886293480915e-02,1.913015914485272e-02,2.650000000000000e-04
10,-3.603875471609676e-02,1.735534956470233e-02,2.700000000000000e-04
10,-3.685904847481631e-02,1.553739185098778e-02,2.750000000000000e-04
10,-3.758770483143634e-02,1.368080573302675e-02,2.800000000000000e-04
10,-3.822291223144562e-02,1.179020697643618e-02,2.850000000000000e-04
10,-3.876309144916312e-02,9.870295907611754e-03,2.900000000000000e-04
10,-3.920689951394175e-02,7.925845727975904e-03,2.950000000000000e-04
10,-3.955323304900514e-02,5.961690647046989e-03,3.000000000000000e-04
10,-3.980123101461606e-02,3.982713863832669e-03,3.050000000000000e-04
10,-3.995027684875690e-02,1.993835426427899e-03,3.100000000000000e-04
10,-4.000000000000000e-02,4.898587196589413e-18,3.150000000000000e-04
10,-3.995027684875690e-02,-1.993835426427889e-03,3.200000000000000e-04
10,-3.980123101461606e-02,-3.982713863832660e-03,3.250000000000000e-04
10,-3.955323304900514e-02,-5.961690647046979e-03,3.300000000000001e-04
10,-3.920689951394176e-02,-7.925845727975894e-03,3.350000000000000e-04
10,-3.876309144916312e-02,-9.870295907611746e-03,3.400000000000000e-04
10,-3.822291223144563e-02,-1.179020697643616e-02,3.450000000000000e-04
10,-3.758770483143634e-02,-1.368080573302675e-02,3.500000000000001e-04
10,-3.685904847481630e-02,-1.553739185098779e-02,3.550000000000000e-04
10,-3.603875471609676e-02,-1.735534956470232e-02,3.600000000000000e-04
10,-3.512886293480915e-02,-1.913015914485271e-02,3.650000000000000e-04
10,-3.413163526528623e-02,-2.085740813517992e-02,3.700000000000000e-04
10,-3.304955097263980e-02,-2.253280232254488e-02,3.750000000000000e-04
10,-3.188530028891690e-02,-2.415217641301909e-02,3.800000000000000e-04
10,-3.064177772475912e-02,-2.571150438746157e-02,3.850000000000000e-04
10,-2.932207487319306e-02,-2.720690951083677e-02,3.900000000000000e-04
10,-2.792947272344291e-02,-2.863467397038873e-02,3.950000000000000e-04
10,-2.646743350387439e-02,-2.999124811870936e-02,4.000000000000000e-04
10,-2.493959207434935e-02,-3.127325929872119e-02,4.050000000000000e-04
10,-2.334974688939162e-02,-3.247752022863424e-02,4.100000000000000e-04
10,-2.170185055463037e-02,-3.360103692603086e-02,4.150000000000001e-04
10,-1.999999999999999e-02,-3.464101615137755e-02,4.200000000000000e-04
10,-1.824842629412653e-02,-3.559487235245874e-02,4.250000000000000e-04
10,-1.645148412522447e-02,-3.646023409246692e-02,4.300000000000000e-04
10,-1.461364097465583e-02,-3.723494994576816e-02,4.350000000000001e-04
10,-1.273946601006740e-02,-3.791709384668526e-02,4.400000000000000e-04
10,-1.083361872572019e-02,-3.850496987800049e-02,4.450000000000000e-04
10,-8.900837358252584e-03,-3.899711648727294e-02,4.500000000000000e-04
10,-6.945927106677213e-03,-3.939231012048832e-02,4.550000000000001e-04
10,-4.973748185899434e-03,-3.968956826400688e-02,4.600000000000000e-04
10,-2.989203743456989e-03,-3.988815188724720e-02,4.650000000000000e-04
10,-9.972276695229263e-04,-3.998756728003265e-02,4.700000000000000e-04
10,9.972276695229116e-04,-3.998756728003265e-02,4.750000000000001e-04
10,2.989203743456975e-03,-3.988815188724720e-02,4.800000000000001e-04
10,4.973748185899384e-03,-3.968956826400689e-02,4.850000000000000e-04
10,6.945927106677199e-03,-3.939231012048833e-02,4.900000000000001e-04
10,8.900837358252570e-03,-3.899711648727294e-02,4.950000000000000e-04
10,1.083361872572020e-02,-3.850496987800048e-02,5.000000000000000e-04
10,1.273946601006738e-02,-3.791709384668527e-02,5.050000000000000e-04
10,1.461364097465578e-02,-3.723494994576818e-02,5.100000000000000e-04
10,1.645148412522445e-02,-3.646023409246693e-02,5.150000000000000e-04
10,1.824842629412651e-02,-3.559487235245875e-02,5.200000000000001e-04
10,2.000000000000000e-02,-3.464101615137755e-02,5.250000000000001e-04
10,2.170185055463039e-02,-3.360103692603085e-02,5.300000000000001e-04
10,2.334974688939158e-02,-3.247752022863427e-02,5.350000000000000e-04
10,2.493959207434934e-02,-3.127325929872120e-02,5.400000000000000e-04
10,2.646743350387435e-02,-2.999124811870939e-02,5.450000000000000e-04
10,2.792947272344292e-02,-2.863467397038873e-02,5.500000000000000e-04
10,2.932207487319306e-02,-2.720690951083677e-02,5.550000000000000e-04
10,3.064177772475911e-02,-2.571150438746158e-02,5.600000000000001e-04
10,3.188530028891690e-02,-2.415217641301910e-02,5.650000000000001e-04
10,3.304955097263978e-02,-2.253280232254491e-02,5.700000000000001e-04
10,3.413163526528623e-02,-2.085740813517992e-02,5.750000000000001e-04
10,3.512886293480914e-02,-1.913015914485275e-02,5.800000000000000e-04
10,3.603875471609676e-02,-1.735534956470233e-02,5.850000000000000e-04
10,3.685904847481630e-02,-1.553739185098779e-02,5.900000000000000e-04
10,3.758770483143632e-02,-1.368080573302678e-02,5.950000000000000e-04
10,3.822291223144562e-02,-1.179020697643619e-02,6.000000000000001e-04
10,3.876309144916312e-02,-9.870295907611758e-03,6.050000000000001e-04
10,3.920689951394175e-02,-7.925845727975910e-03,6.100000000000001e-04
10,3.955323304900514e-02,-5.961690647046975e-03,6.150000000000001e-04
10,3.980123101461605e-02,-3.982713863832692e-03,6.200000000000000e-04
10,3.995027684875690e-02,-1.993835426427904e-03,6.250000000000000e-04
11,4.444444444444444e-02,0.000000000000000e+00,0.000000000000000e+00
11,4.438919649861876e-02,2.215372696030985e-03,5.000000000000000e-06
11,4.422359001624006e-02,4.425237626480740e-03,1.000000000000000e-05
11,4.394803672111681e-02,6.624100718941085e-03,1.500000000000000e-05
11,4.356322168215750e-02,8.806495253306557e-03,2.000000000000000e-05
11,4.307010161018124e-02,1.096699545290194e-02,2.500000000000000e-05
11,4.246990247938402e-02,1.310022997381796e-02,3.000000000000000e-05
11,4.176411647937370e-02,1.520089525891861e-02,3.500000000000000e-05
11,4.095449830535144e-02,1.726376872331976e-02,4.000000000000000e-05
11,4.004306079566307e-02,1.928372173855813e-02,4.500000000000000e-05
11,3.903206992756571e-02,2.125573238316969e-02,5.000000000000000e-05
11,3.792403918365136e-02,2.317489792797769e-02,5.500000000000000e-05
11,3.672172330293310e-02,2.503644702504987e-02,6.000000000000001e-05
11,3.542811143212989e-02,2.683575157002121e-02,6.500000000000001e-05
11,3.404641969417679e-02,2.856833820829063e-02,7.000000000000001e-05
11,3.258008319243672e-02,3.022989945648530e-02,7.500000000000001e-05
11,3.103274747049212e-02,3.181630441154304e-02,8.000000000000001e-05
11,2.940825944874930e-02,3.332360902078818e-02,8.500000000000001e-05
11,2.771065786038816e-02,3.474806588746799e-02,9.000000000000001e-05
11,2.594416321043511e-02,3.608613358737139e-02,9.500000000000001e-05
11,2.411316728292264e-02,3.733448547336762e-02,1.000000000000000e-04
11,2.222222222222222e-02,3.849001794597505e-02,1.050000000000000e-04
11,2.027602921569614e-02,3.954985816939860e-02,1.100000000000000e-04
11,1.827942680580496e-02,4.051137121385213e-02,1.150000000000000e-04
11,1.623737886072867e-02,4.137216660640907e-02,1.200000000000000e-04
11,1.415496223340820e-02,4.213010427409473e-02,1.250000000000000e-04
11,1.203735413968912e-02,4.278329986444497e-02,1.300000000000000e-04
11,9.889819286947307e-03,4.333012943030327e-02,1.350000000000000e-04
11,7.717696785196906e-03,4.376923346720924e-02,1.400000000000000e-04
11,5.526386873221567e-03,4.409952029334097e-02,1.450000000000000e-04
11,3.321337492729972e-03,4.432016876360800e-02,1.500000000000000e-04
11,1.108030743914357e-03,4.443063031114738e-02,1.550000000000000e-04
11,-1.108030743914352e-03,4.443063031114738e-02,1.600000000000000e-04
11,-3.321337492729967e-03,4.432016876360800e-02,1.650000000000000e-04
11,-5.526386873221562e-03,4.409952029334097e-02,1.700000000000000e-04
11,-7.717696785196902e-03,4.376923346720924e-02,1.750000000000000e-04
11,-9.889819286947302e-03,4.333012943030327e-02,1.800000000000000e-04
11,-1.203735413968911e-02,4.278329986444498e-02,1.850000000000000e-04
11,-1.415496223340819e-02,4.213010427409474e-02,1.900000000000000e-04
11,-1.623737886072866e-02,4.137216660640908e-02,1.950000000000000e-04
11,-1.827942680580495e-02,4.051137121385214e-02,2.000000000000000e-04
11,-2.027602921569611e-02,3.954985816939861e-02,2.050000000000000e-04
11,-2.222222222222223e-02,3.849001794597504e-02,2.100000000000000e-04
11,-2.411316728292263e-02,3.733448547336762e-02,2.150000000000000e-04
11,-2.594416321043509e-02,3.608613358737140e-02,2.200000000000000e-04
11,-2.771065786038815e-02,3.474806588746799e-02,2.250000000000000e-04
11,-2.940825944874929e-02,3.332360902078819e-02,2.300000000000000e-04
11,-3.103274747049212e-02,3.181630441154305e-02,2.350000000000000e-04
11,-3.258008319243672e-02,3.022989945648530e-02,2.400000000000000e-04
11,-3.404641969417679e-02,2.856833820829064e-02,2.450000000000000e-04
11,-3.542811143212989e-02,2.683575157002121e-02,2.500000000000000e-04
11,-3.672172330293309e-02,2.503644702504988e-02,2.550000000000000e-04
11,-3.792403918365136e-02,2.317489792797769e-02,2.600000000000000e-04
11,-3.903206992756571e-02,2.125573238316969e-02,2.650000000000000e-04
11,-4.004306079566306e-02,1.928372173855814e-02,2.700000000000000e-04
11,-4.095449830535145e-02,1.726376872331976e-02,2.750000000000000e-04
11,-4.176411647937370e-02,1.520089525891861e-02,2.800000000000000e-04
11,-4.246990247938402e-02,1.310022997381798e-02,2.850000000000000e-04
11,-4.307010161018123e-02,1.096699545290195e-02,2.900000000000000e-04
11,-4.356322168215750e-02,8.806495253306559e-03,2.950000000000000e-04
11,-4.394803672111681e-02,6.624100718941098e-03,3.000000000000000e-04
11,-4.422359001624006e-02,4.425237626480743e-03,3.050000000000000e-04
11,-4.438919649861876e-02,2.215372696030999e-03,3.100000000000000e-04
11,-4.444444444444444e-02,5.442874662877125e-18,3.150000000000000e-04
11,-4.438919649861876e-02,-2.215372696030988e-03,3.200000000000000e-04
11,-4.422359001624006e-02,-4.425237626480732e-03,3.250000000000000e-04
11,-4.394803672111681e-02,-6.624100718941087e-03,3.300000000000001e-04
11,-4.356322168215750e-02,-8.806495253306549e-03,3.350000000000000e-04
11,-4.307010161018124e-02,-1.096699545290194e-02,3.400000000000000e-04
11,-4.246990247938403e-02,-1.310022997381795e-02,3.450000000000000e-04
11,-4.176411647937370e-02,-1.520089525891861e-02,3.500000000000001e-04
11,-4.095449830535144e-02,-1.726376872331977e-02,3.550000000000000e-04
11,-4.004306079566307e-02,-1.928372173855813e-02,3.600000000000000e-04
11,-3.903206992756572e-02,-2.125573238316968e-02,3.650000000000000e-04
11,-3.792403918365136e-02,-2.317489792797768e-02,3.700000000000000e-04
11,-3.672172330293310e-02,-2.503644702504987e-02,3.750000000000000e-04
11,-3.542811143212989e-02,-2.683575157002121e-02,3.800000000000000e-04
11,-3.404641969417679e-02,-2.856833820829063e-02,3.850000000000000e-04
11,-3.258008319243673e-02,-3.022989945648529e-02,3.900000000000000e-04
11,-3.103274747049212e-02,-3.181630441154303e-02,3.950000000000000e-04
11,-2.940825944874932e-02,-3.332360902078817e-02,4.000000000000000e-04
11,-2.771065786038816e-02,-3.474806588746798e-02,4.050000000000000e-04
11,-2.594416321043513e-02,-3.608613358737137e-02,4.100000000000000e-04
11,-2.411316728292263e-02,-3.733448547336762e-02,4.150000000000001e-04
11,-2.222222222222220e-02,-3.849001794597506e-02,4.200000000000000e-04
11,-2.027602921569614e-02,-3.954985816939859e-02,4.250000000000000e-04
11,-1.827942680580496e-02,-4.051137121385213e-02,4.300000000000000e-04
11,-1.623737886072870e-02,-4.137216660640906e-02,4.350000000000001e-04
11,-1.415496223340822e-02,-4.213010427409473e-02,4.400000000000000e-04
11,-1.203735413968909e-02,-4.278329986444498e-02,4.450000000000000e-04
11,-9.889819286947314e-03,-4.333012943030327e-02,4.500000000000000e-04
11,-7.717696785196903e-03,-4.376923346720924e-02,4.550000000000001e-04
11,-5.526386873221593e-03,-4.409952029334097e-02,4.600000000000000e-04
11,-3.321337492729988e-03,-4.432016876360800e-02,4.650000000000000e-04
11,-1.108030743914362e-03,-4.443063031114738e-02,4.700000000000000e-04
11,1.108030743914346e-03,-4.443063031114738e-02,4.750000000000001e-04
11,3.321337492729972e-03,-4.432016876360800e-02,4.800000000000001e-04
11,5.526386873221537e-03,-4.409952029334098e-02,4.850000000000000e-04
11,7.717696785196886e-03,-4.376923346720925e-02,4.900000000000001e-04
11,9.889819286947299e-03,-4.333012943030327e-02,4.950000000000000e-04
11,1.203735413968911e-02,-4.278329986444497e-02,5.000000000000000e-04
11,1.415496223340820e-02,-4.213010427409473e-02,5.050000000000000e-04
11,1.623737886072864e-02,-4.137216660640908e-02,5.100000000000000e-04
11,1.827942680580494e-02,-4.051137121385214e-02,5.150000000000000e-04
11,2.027602921569613e-02,-3.954985816939860e-02,5.200000000000001e-04
11,2.222222222222222e-02,-3.849001794597504e-02,5.250000000000001e-04
11,2.411316728292265e-02,-3.733448547336761e-02,5.300000000000001e-04
11,2.594416321043509e-02,-3.608613358737141e-02,5.350000000000000e-04
11,2.771065786038815e-02,-3.474806588746799e-02,5.400000000000000e-04
11,2.940825944874927e-02,-3.332360902078821e-02,5.450000000000000e-04
11,3.103274747049213e-02,-3.181630441154303e-02,5.500000000000000e-04
11,3.258008319243673e-02,-3.022989945648529e-02,5.550000000000000e-04
11,3.404641969417679e-02,-2.856833820829064e-02,5.600000000000001e-04
11,3.542811143212988e-02,-2.683575157002122e-02,5.650000000000001e-04
11,3.672172330293309e-02,-2.503644702504990e-02,5.700000000000001e-04
11,3.792403918365136e-02,-2.317489792797768e-02,5.750000000000001e-04
11,3.903206992756570e-02,-2.125573238316971e-02,5.800000000000000e-04
11,4.004306079566306e-02,-1.928372173855815e-02,5.850000000000000e-04
11,4.095449830535144e-02,-1.726376872331976e-02,5.900000000000000e-04
11,4.176411647937369e-02,-1.520089525891864e-02,5.950000000000000e-04
11,4.246990247938402e-02,-1.310022997381799e-02,6.000000000000001e-04
11,4.307010161018123e-02,-1.096699545290195e-02,6.050000000000001e-04
11,4.356322168215750e-02,-8.806495253306564e-03,6.100000000000001e-04
11,4.394803672111681e-02,-6.624100718941083e-03,6.150000000000001e-04
11,4.422359001624005e-02,-4.425237626480768e-03,6.200000000000000e-04
11,4.438919649861876e-02,-2.215372696031004e-03,6.250000000000000e-04
12,4.888888888888888e-02,0.000000000000000e+00,0.000000000000000e+00
12,4.882811614848064e-02,2.436909965634083e-03,5.000000000000000e-06
12,4.864594901786407e-02,4.867761389128814e-03,1.000000000000000e-05
12,4.834284039322850e-02,7.286510790835195e-03,1.500000000000000e-05
12,4.791954385037325e-02,9.687144778637214e-03,2.000000000000000e-05
12,4.737711177119936e-02,1.206369499819213e-02,2.500000000000000e-05
12,4.671689272732243e-02,1.441025297119976e-02,3.000000000000000e-05
12,4.594052812731107e-02,1.672098478481047e-02,3.500000000000000e-05
12,4.504994813588659e-02,1.899014559565174e-02,4.000000000000000e-05
12,4.404736687522938e-02,2.121209391241395e-02,4.500000000000000e-05
12,4.293527692032228e-02,2.338130562148667e-02,5.000000000000000e-05
12,4.171644310201650e-02,2.549238772077545e-02,5.500000000000000e-05
12,4.039389563322641e-02,2.754009172755485e-02,6.000000000000001e-05
12,3.897092257534288e-02,2.951932672702334e-02,6.500000000000001e-05
12,3.745106166359448e-02,3.142517202911969e-02,7.000000000000001e-05
12,3.583809151168039e-02,3.325288940213383e-02,7.500000000000001e-05
12,3.413602221754133e-02,3.499793485269734e-02,8.000000000000001e-05
12,3.234908539362424e-02,3.665596992286700e-02,8.500000000000001e-05
12,3.048172364642697e-02,3.822287247621479e-02,9.000000000000001e-05
12,2.853857953147862e-02,3.969474694610853e-02,9.500000000000001e-05
12,2.652448401121490e-02,4.106793402070438e-02,1.000000000000000e-04
12,2.444444444444444e-02,4.233901974057255e-02,1.050000000000000e-04
12,2.230363213726575e-02,4.350484398633846e-02,1.100000000000000e-04
12,2.010736948638546e-02,4.456250833523735e-02,1.150000000000000e-04
12,1.786111674680153e-02,4.550938326704998e-02,1.200000000000000e-04
12,1.557045845674902e-02,4.634311470150421e-02,1.250000000000000e-04
12,1.324108955365803e-02,4.706162985088947e-02,1.300000000000000e-04
12,1.087880121564204e-02,4.766314237333359e-02,1.350000000000000e-04
12,8.489466463716597e-03,4.814615681393017e-02,1.400000000000000e-04
12,6.079025560543724e-03,4.850947232267507e-02,1.450000000000000e-04
12,3.653471242002970e-03,4.875218563996880e-02,1.500000000000000e-04
12,1.218833818305793e-03,4.887369334226212e-02,1.550000000000000e-04
12,-1.218833818305787e-03,4.887369334226212e-02,1.600000000000000e-04
12,-3.653471242002964e-03,4.875218563996880e-02,1.650000000000000e-04
12,-6.079025560543718e-03,4.850947232267507e-02,1.700000000000000e-04
12,-8.489466463716592e-03,4.814615681393017e-02,1.750000000000000e-04
12,-1.087880121564203e-02,4.766314237333359e-02,1.800000000000000e-04
12,-1.324108955365802e-02,4.706162985088948e-02,1.850000000000000e-04
12,-1.557045845674901e-02,4.634311470150422e-02,1.900000000000000e-04
12,-1.786111674680153e-02,4.550938326704999e-02,1.950000000000000e-04
12,-2.010736948638545e-02,4.456250833523735e-02,2.000000000000000e-04
12,-2.230363213726572e-02,4.350484398633847e-02,2.050000000000000e-04
12,-2.444444444444445e-02,4.233901974057255e-02,2.100000000000000e-04
12,-2.652448401121490e-02,4.106793402070438e-02,2.150000000000000e-04
12,-2.853857953147860e-02,3.969474694610854e-02,2.200000000000000e-04
12,-3.048172364642697e-02,3.822287247621479e-02,2.250000000000000e-04
12,-3.234908539362422e-02,3.665596992286702e-02,2.300000000000000e-04
12,-3.413602221754133e-02,3.499793485269735e-02,2.350000000000000e-04
12,-3.583809151168039e-02,3.325288940213383e-02,2.400000000000000e-04
12,-3.745106166359447e-02,3.142517202911971e-02,2.450000000000000e-04
12,-3.897092257534288e-02,2.951932672702334e-02,2.500000000000000e-04
12,-4.039389563322640e-02,2.754009172755487e-02,2.550000000000000e-04
12,-4.171644310201649e-02,2.549238772077546e-02,2.600000000000000e-04
12,-4.293527692032229e-02,2.338130562148666e-02,2.650000000000000e-04
12,-4.404736687522937e-02,2.121209391241395e-02,2.700000000000000e-04
12,-4.504994813588659e-02,1.899014559565174e-02,2.750000000000000e-04
12,-4.594052812731107e-02,1.672098478481048e-02,2.800000000000000e-04
12,-4.671689272732242e-02,1.441025297119978e-02,2.850000000000000e-04
12,-4.737711177119935e-02,1.206369499819214e-02,2.900000000000000e-04
12,-4.791954385037325e-02,9.687144778637215e-03,2.950000000000000e-04
12,-4.834284039322850e-02,7.286510790835208e-03,3.000000000000000e-04
12,-4.864594901786407e-02,4.867761389128818e-03,3.050000000000000e-04
12,-4.882811614848064e-02,2.436909965634099e-03,3.100000000000000e-04
12,-4.888888888888888e-02,5.987162129164838e-18,3.150000000000000e-04
12,-4.882811614848064e-02,-2.436909965634087e-03,3.200000000000000e-04
12,-4.864594901786407e-02,-4.867761389128806e-03,3.250000000000000e-04
12,-4.834284039322850e-02,-7.286510790835195e-03,3.300000000000001e-04
12,-4.791954385037325e-02,-9.687144778637203e-03,3.350000000000000e-04
12,-4.737711177119936e-02,-1.206369499819213e-02,3.400000000000000e-04
12,-4.671689272732243e-02,-1.441025297119975e-02,3.450000000000000e-04
12,-4.594052812731107e-02,-1.672098478481047e-02,3.500000000000001e-04
12,-4.504994813588659e-02,-1.899014559565174e-02,3.550000000000000e-04
12,-4.404736687522938e-02,-2.121209391241394e-02,3.600000000000000e-04
12,-4.293527692032229e-02,-2.338130562148665e-02,3.650000000000000e-04
12,-4.171644310201650e-02,-2.549238772077545e-02,3.700000000000000e-04
12,-4.039389563322641e-02,-2.754009172755485e-02,3.750000000000000e-04
12,-3.897092257534288e-02,-2.951932672702333e-02,3.800000000000000e-04
12,-3.745106166359448e-02,-3.142517202911969e-02,3.850000000000000e-04
12,-3.583809151168041e-02,-3.325288940213382e-02,3.900000000000000e-04
12,-3.413602221754133e-02,-3.499793485269734e-02,3.950000000000000e-04
12,-3.234908539362425e-02,-3.665596992286699e-02,4.000000000000000e-04
12,-3.048172364642698e-02,-3.822287247621478e-02,4.050000000000000e-04
12,-2.853857953147864e-02,-3.969474694610851e-02,4.100000000000000e-04
12,-2.652448401121489e-02,-4.106793402070438e-02,4.150000000000001e-04
12,-2.444444444444442e-02,-4.233901974057256e-02,4.200000000000000e-04
12,-2.230363213726575e-02,-4.350484398633845e-02,4.250000000000000e-04
12,-2.010736948638546e-02,-4.456250833523735e-02,4.300000000000000e-04
12,-1.786111674680156e-02,-4.550938326704997e-02,4.350000000000001e-04
12,-1.557045845674904e-02,-4.634311470150421e-02,4.400000000000000e-04
12,-1.324108955365800e-02,-4.706162985088948e-02,4.450000000000000e-04
12,-1.087880121564205e-02,-4.766314237333359e-02,4.500000000000000e-04
12,-8.489466463716594e-03,-4.814615681393017e-02,4.550000000000001e-04
12,-6.079025560543752e-03,-4.850947232267507e-02,4.600000000000000e-04
12,-3.653471242002986e-03,-4.875218563996880e-02,4.650000000000000e-04
12,-1.218833818305799e-03,-4.887369334226212e-02,4.700000000000000e-04
12,1.218833818305781e-03,-4.887369334226212e-02,4.750000000000001e-04
12,3.653471242002969e-03,-4.875218563996880e-02,4.800000000000001e-04
12,6.079025560543691e-03,-4.850947232267508e-02,4.850000000000000e-04
12,8.489466463716575e-03,-4.814615681393017e-02,4.900000000000001e-04
12,1.087880121564203e-02,-4.766314237333359e-02,4.950000000000000e-04
12,1.324108955365803e-02,-4.706162985088947e-02,5.000000000000000e-04
12,1.557045845674902e-02,-4.634311470150421e-02,5.050000000000000e-04
12,1.786111674680151e-02,-4.550938326704999e-02,5.100000000000000e-04
12,2.010736948638544e-02,-4.456250833523735e-02,5.150000000000000e-04
12,2.230363213726574e-02,-4.350484398633846e-02,5.200000000000001e-04
12,2.444444444444445e-02,-4.233901974057255e-02,5.250000000000001e-04
12,2.652448401121492e-02,-4.106793402070437e-02,5.300000000000001e-04
12,2.853857953147860e-02,-3.969474694610855e-02,5.350000000000000e-04
12,3.048172364642696e-02,-3.822287247621479e-02,5.400000000000000e-04
12,3.234908539362420e-02,-3.665596992286703e-02,5.450000000000000e-04
12,3.413602221754134e-02,-3.499793485269734e-02,5.500000000000000e-04
12,3.583809151168041e-02,-3.325288940213382e-02,5.550000000000000e-04
12,3.745106166359446e-02,-3.142517202911971e-02,5.600000000000001e-04
12,3.897092257534287e-02,-2.951932672702334e-02,5.650000000000001e-04
12,4.039389563322639e-02,-2.754009172755489e-02,5.700000000000001e-04
12,4.171644310201651e-02,-2.549238772077545e-02,5.750000000000001e-04
12,4.293527692032227e-02,-2.338130562148668e-02,5.800000000000000e-04
12,4.404736687522937e-02,-2.121209391241396e-02,5.850000000000000e-04
12,4.504994813588659e-02,-1.899014559565174e-02,5.900000000000000e-04
12,4.594052812731106e-02,-1.672098478481050e-02,5.950000000000000e-04
12,4.671689272732242e-02,-1.441025297119978e-02,6.000000000000001e-04
12,4.737711177119935e-02,-1.206369499819215e-02,6.050000000000001e-04
12,4.791954385037325e-02,-9.687144778637221e-03,6.100000000000001e-04
12,4.834284039322850e-02,-7.286510790835192e-03,6.150000000000001e-04
12,4.864594901786406e-02,-4.867761389128845e-03,6.200000000000000e-04
12,4.882811614848064e-02,-2.436909965634104e-03,6.250000000000000e-04
13,5.333333333333334e-02,0.000000000000000e+00,0.000000000000000e+00
13,5.326703579834253e-02,2.658447235237182e-03,5.000000000000000e-06
13,5.306830801948808e-02,5.310285151776889e-03,1.000000000000000e-05
13,5.273764406534019e-02,7.948920862729305e-03,1.500000000000000e-05
13,5.227586601858901e-02,1.056779430396787e-02,2.000000000000000e-05
13,5.168412193221750e-02,1.316039454348233e-02,2.500000000000000e-05
13,5.096388297526084e-02,1.572027596858156e-02,3.000000000000000e-05
13,5.011693977524845e-02,1.824107431070233e-02,3.500000000000000e-05
13,4.914539796642174e-02,2.071652246798372e-02,4.000000000000000e-05
13,4.805167295479569e-02,2.314046608626977e-02,4.500000000000000e-05
13,4.683848391307886e-02,2.550687885980364e-02,5.000000000000000e-05
13,4.550884702038164e-02,2.780987751357323e-02,5.500000000000000e-05
13,4.406606796351973e-02,3.004373643005985e-02,6.000000000000001e-05
13,4.251373371855587e-02,3.220290188402546e-02,6.500000000000001e-05
13,4.085570363301216e-02,3.428200584994876e-02,7.000000000000001e-05
13,3.909609983092407e-02,3.627587934778237e-02,7.500000000000001e-05
13,3.723929696459055e-02,3.817956529385165e-02,8.000000000000001e-05
13,3.528991133849917e-02,3.998833082494583e-02,8.500000000000001e-05
13,3.325278943246580e-02,4.169767906496159e-02,9.000000000000001e-05
13,3.113299585252213e-02,4.330336030484568e-02,9.500000000000001e-05
13,2.893580073950717e-02,4.480138256804114e-02,1.000000000000000e-04
13,2.666666666666666e-02,4.618802153517007e-02,1.050000000000000e-04
13,2.433123505883537e-02,4.745982980327833e-02,1.100000000000000e-04
13,2.193531216696596e-02,4.861364545662257e-02,1.150000000000000e-04
13,1.948485463287440e-02,4.964659992769090e-02,1.200000000000000e-04
13,1.698595468008984e-02,5.055612512891369e-02,1.250000000000000e-04
13,1.444482496762694e-02,5.133995983733398e-02,1.300000000000000e-04
13,1.186778314433677e-02,5.199615531636393e-02,1.350000000000000e-04
13,9.261236142236290e-03,5.252308016065110e-02,1.400000000000000e-04
13,6.631664247865881e-03,5.291942435200918e-02,1.450000000000000e-04
13,3.985604991275968e-03,5.318420251632961e-02,1.500000000000000e-04
13,1.329636892697229e-03,5.331675637337687e-02,1.550000000000000e-04
13,-1.329636892697222e-03,5.331675637337687e-02,1.600000000000000e-04
13,-3.985604991275961e-03,5.318420251632961e-02,1.650000000000000e-04
13,-6.631664247865876e-03,5.291942435200918e-02,1.700000000000000e-04
13,-9.261236142236283e-03,5.252308016065110e-02,1.750000000000000e-04
13,-1.186778314433676e-02,5.199615531636393e-02,1.800000000000000e-04
13,-1.444482496762693e-02,5.133995983733398e-02,1.850000000000000e-04
13,-1.698595468008983e-02,5.055612512891370e-02,1.900000000000000e-04
13,-1.948485463287439e-02,4.964659992769090e-02,1.950000000000000e-04
13,-2.193531216696594e-02,4.861364545662258e-02,2.000000000000000e-04
13,-2.433123505883534e-02,4.745982980327833e-02,2.050000000000000e-04
13,-2.666666666666668e-02,4.618802153517006e-02,2.100000000000000e-04
13,-2.893580073950716e-02,4.480138256804115e-02,2.150000000000000e-04
13,-3.113299585252212e-02,4.330336030484569e-02,2.200000000000000e-04
13,-3.325278943246579e-02,4.169767906496160e-02,2.250000000000000e-04
13,-3.528991133849916e-02,3.998833082494584e-02,2.300000000000000e-04
13,-3.723929696459055e-02,3.817956529385166e-02,2.350000000000000e-04
13,-3.909609983092407e-02,3.627587934778237e-02,2.400000000000000e-04
13,-4.085570363301216e-02,3.428200584994878e-02,2.450000000000000e-04
13,-4.251373371855587e-02,3.220290188402546e-02,2.500000000000000e-04
13,-4.406606796351972e-02,3.004373643005986e-02,2.550000000000000e-04
13,-4.550884702038163e-02,2.780987751357324e-02,2.600000000000000e-04
13,-4.683848391307886e-02,2.550687885980363e-02,2.650000000000000e-04
13,-4.805167295479568e-02,2.314046608626977e-02,2.700000000000000e-04
13,-4.914539796642175e-02,2.071652246798372e-02,2.750000000000000e-04
13,-5.011693977524845e-02,1.824107431070234e-02,2.800000000000000e-04
13,-5.096388297526083e-02,1.572027596858158e-02,2.850000000000000e-04
13,-5.168412193221749e-02,1.316039454348234e-02,2.900000000000000e-04
13,-5.227586601858901e-02,1.056779430396787e-02,2.950000000000000e-04
13,-5.273764406534019e-02,7.948920862729318e-03,3.000000000000000e-04
13,-5.306830801948808e-02,5.310285151776893e-03,3.050000000000000e-04
13,-5.326703579834253e-02,2.658447235237199e-03,3.100000000000000e-04
13,-5.333333333333334e-02,6.531449595452551e-18,3.150000000000000e-04
13,-5.326703579834253e-02,-2.658447235237186e-03,3.200000000000000e-04
13,-5.306830801948808e-02,-5.310285151776879e-03,3.250000000000000e-04
13,-5.273764406534019e-02,-7.948920862729306e-03,3.300000000000001e-04
13,-5.227586601858902e-02,-1.056779430396786e-02,3.350000000000000e-04
13,-5.168412193221750e-02,-1.316039454348233e-02,3.400000000000000e-04
13,-5.096388297526085e-02,-1.572027596858154e-02,3.450000000000000e-04
13,-5.011693977524845e-02,-1.824107431070233e-02,3.500000000000001e-04
13,-4.914539796642174e-02,-2.071652246798372e-02,3.550000000000000e-04
13,-4.805167295479569e-02,-2.314046608626976e-02,3.600000000000000e-04
13,-4.683848391307887e-02,-2.550687885980362e-02,3.650000000000000e-04
13,-4.550884702038164e-02,-2.780987751357322e-02,3.700000000000000e-04
13,-4.406606796351973e-02,-3.004373643005985e-02,3.750000000000000e-04
13,-4.251373371855587e-02,-3.220290188402545e-02,3.800000000000000e-04
13,-4.085570363301216e-02,-3.428200584994876e-02,3.850000000000000e-04
13,-3.909609983092409e-02,-3.627587934778236e-02,3.900000000000000e-04
13,-3.723929696459055e-02,-3.817956529385165e-02,3.950000000000000e-04
13,-3.528991133849919e-02,-3.998833082494582e-02,4.000000000000000e-04
13,-3.325278943246580e-02,-4.169767906496159e-02,4.050000000000000e-04
13,-3.113299585252216e-02,-4.330336030484565e-02,4.100000000000000e-04
13,-2.893580073950716e-02,-4.480138256804115e-02,4.150000000000001e-04
13,-2.666666666666665e-02,-4.618802153517007e-02,4.200000000000000e-04
13,-2.433123505883537e-02,-4.745982980327832e-02,4.250000000000000e-04
13,-2.193531216696595e-02,-4.861364545662257e-02,4.300000000000000e-04
13,-1.948485463287444e-02,-4.964659992769088e-02,4.350000000000001e-04
13,-1.698595468008987e-02,-5.055612512891369e-02,4.400000000000000e-04
13,-1.444482496762691e-02,-5.133995983733399e-02,4.450000000000000e-04
13,-1.186778314433678e-02,-5.199615531636393e-02,4.500000000000000e-04
13,-9.261236142236284e-03,-5.252308016065110e-02,4.550000000000001e-04
13,-6.631664247865912e-03,-5.291942435200917e-02,4.600000000000000e-04
13,-3.985604991275986e-03,-5.318420251632961e-02,4.650000000000000e-04
13,-1.329636892697235e-03,-5.331675637337687e-02,4.700000000000000e-04
13,1.329636892697216e-03,-5.331675637337687e-02,4.750000000000001e-04
13,3.985604991275966e-03,-5.318420251632961e-02,4.800000000000001e-04
13,6.631664247865846e-03,-5.291942435200919e-02,4.850000000000000e-04
13,9.261236142236265e-03,-5.252308016065110e-02,4.900000000000001e-04
13,1.186778314433676e-02,-5.199615531636393e-02,4.950000000000000e-04
13,1.444482496762694e-02,-5.133995983733398e-02,5.000000000000000e-04
13,1.698595468008985e-02,-5.055612512891369e-02,5.050000000000000e-04
13,1.948485463287438e-02,-4.964659992769091e-02,5.100000000000000e-04
13,2.193531216696594e-02,-4.861364545662258e-02,5.150000000000000e-04
13,2.433123505883535e-02,-4.745982980327833e-02,5.200000000000001e-04
13,2.666666666666668e-02,-4.618802153517006e-02,5.250000000000001e-04
13,2.893580073950718e-02,-4.480138256804114e-02,5.300000000000001e-04
13,3.113299585252211e-02,-4.330336030484570e-02,5.350000000000000e-04
13,3.325278943246578e-02,-4.169767906496160e-02,5.400000000000000e-04
13,3.528991133849913e-02,-3.998833082494586e-02,5.450000000000000e-04
13,3.723929696459056e-02,-3.817956529385165e-02,5.500000000000000e-04
13,3.909609983092409e-02,-3.627587934778236e-02,5.550000000000000e-04
13,4.085570363301215e-02,-3.428200584994878e-02,5.600000000000001e-04
13,4.251373371855587e-02,-3.220290188402547e-02,5.650000000000001e-04
13,4.406606796351971e-02,-3.004373643005988e-02,5.700000000000001e-04
13,4.550884702038165e-02,-2.780987751357322e-02,5.750000000000001e-04
13,4.683848391307885e-02,-2.550687885980366e-02,5.800000000000000e-04
13,4.805167295479568e-02,-2.314046608626978e-02,5.850000000000000e-04
13,4.914539796642174e-02,-2.071652246798372e-02,5.900000000000000e-04
13,5.011693977524843e-02,-1.824107431070237e-02,5.950000000000000e-04
13,5.096388297526083e-02,-1.572027596858159e-02,6.000000000000001e-04
13,5.168412193221749e-02,-1.316039454348234e-02,6.050000000000001e-04
13,5.227586601858901e-02,-1.056779430396788e-02,6.100000000000001e-04
13,5.273764406534019e-02,-7.948920862729301e-03,6.150000000000001e-04
13,5.306830801948807e-02,-5.310285151776922e-03,6.200000000000000e-04
13,5.326703579834253e-02,-2.658447235237206e-03,6.250000000000000e-04
14,5.777777777777778e-02,0.000000000000000e+00,0.000000000000000e+00
14,5.770595544820441e-02,2.879984504840281e-03,5.000000000000000e-06
14,5.749066702111209e-02,5.752808914424963e-03,1.000000000000000e-05
14,5.713244773745187e-02,8.611330934623412e-03,1.500000000000000e-05
14,5.663218818680476e-02,1.144844382929853e-02,2.000000000000000e-05
14,5.599113209323562e-02,1.425709408877252e-02,2.500000000000000e-05
14,5.521087322319924e-02,1.703029896596336e-02,3.000000000000000e-05
14,5.429335142318582e-02,1.976116383659419e-02,3.500000000000000e-05
14,5.324084779695689e-02,2.244289934031570e-02,4.000000000000000e-05
14,5.205597903436200e-02,2.506883826012558e-02,4.500000000000000e-05
14,5.074169090583543e-02,2.763245209812061e-02,5.000000000000000e-05
14,4.930125093874678e-02,3.012736730637100e-02,5.500000000000000e-05
14,4.773824029381304e-02,3.254738113256483e-02,6.000000000000001e-05
14,4.605654486176886e-02,3.488647704102758e-02,6.500000000000001e-05
14,4.426034560242984e-02,3.713883967077783e-02,7.000000000000001e-05
14,4.235410815016775e-02,3.929886929343090e-02,7.500000000000001e-05
14,4.034257171163977e-02,4.136119573500596e-02,8.000000000000001e-05
14,3.823073728337410e-02,4.332069172702464e-02,8.500000000000001e-05
14,3.602385521850461e-02,4.517248565370839e-02,9.000000000000001e-05
14,3.372741217356565e-02,4.691197366358282e-02,9.500000000000001e-05
14,3.134711746779944e-02,4.853483111537791e-02,1.000000000000000e-04
14,2.888888888888888e-02,5.003702332976757e-02,1.050000000000000e-04
14,2.635883798040498e-02,5.141481562021818e-02,1.100000000000000e-04
14,2.376325484754645e-02,5.266478257800779e-02,1.150000000000000e-04
14,2.110859251894727e-02,5.378381658833181e-02,1.200000000000000e-04
14,1.840145090343066e-02,5.476913555632317e-02,1.250000000000000e-04
14,1.564856038159585e-02,5.561828982377848e-02,1.300000000000000e-04
14,1.285676507303150e-02,5.632916825939425e-02,1.350000000000000e-04
14,1.003300582075598e-02,5.690000350737202e-02,1.400000000000000e-04
14,7.184302935188038e-03,5.732937638134328e-02,1.450000000000000e-04
14,4.317738740548965e-03,5.761621939269041e-02,1.500000000000000e-04
14,1.440439967088664e-03,5.775981940449161e-02,1.550000000000000e-04
14,-1.440439967088657e-03,5.775981940449161e-02,1.600000000000000e-04
14,-4.317738740548958e-03,5.761621939269041e-02,1.650000000000000e-04
14,-7.184302935188032e-03,5.732937638134328e-02,1.700000000000000e-04
14,-1.003300582075597e-02,5.690000350737202e-02,1.750000000000000e-04
14,-1.285676507303150e-02,5.632916825939425e-02,1.800000000000000e-04
14,-1.564856038159584e-02,5.561828982377848e-02,1.850000000000000e-04
14,-1.840145090343065e-02,5.476913555632318e-02,1.900000000000000e-04
14,-2.110859251894726e-02,5.378381658833181e-02,1.950000000000000e-04
14,-2.376325484754644e-02,5.266478257800779e-02,2.000000000000000e-04
14,-2.635883798040495e-02,5.141481562021820e-02,2.050000000000000e-04
14,-2.888888888888890e-02,5.003702332976756e-02,2.100000000000000e-04
14,-3.134711746779943e-02,4.853483111537792e-02,2.150000000000000e-04
14,-3.372741217356563e-02,4.691197366358283e-02,2.200000000000000e-04
14,-3.602385521850460e-02,4.517248565370840e-02,2.250000000000000e-04
14,-3.823073728337409e-02,4.332069172702466e-02,2.300000000000000e-04
14,-4.034257171163976e-02,4.136119573500596e-02,2.350000000000000e-04
14,-4.235410815016775e-02,3.929886929343090e-02,2.400000000000000e-04
14,-4.426034560242983e-02,3.713883967077784e-02,2.450000000000000e-04
14,-4.605654486176886e-02,3.488647704102758e-02,2.500000000000000e-04
14,-4.773824029381303e-02,3.254738113256485e-02,2.550000000000000e-04
14,-4.930125093874677e-02,3.012736730637100e-02,2.600000000000000e-04
14,-5.074169090583544e-02,2.763245209812060e-02,2.650000000000000e-04
14,-5.205597903436199e-02,2.506883826012559e-02,2.700000000000000e-04
14,-5.324084779695690e-02,2.244289934031569e-02,2.750000000000000e-04
14,-5.429335142318582e-02,1.976116383659420e-02,2.800000000000000e-04
14,-5.521087322319924e-02,1.703029896596338e-02,2.850000000000000e-04
14,-5.599113209323561e-02,1.425709408877253e-02,2.900000000000000e-04
14,-5.663218818680476e-02,1.144844382929853e-02,2.950000000000000e-04
14,-5.713244773745187e-02,8.611330934623429e-03,3.000000000000000e-04
14,-5.749066702111209e-02,5.752808914424967e-03,3.050000000000000e-04
14,-5.770595544820441e-02,2.879984504840299e-03,3.100000000000000e-04
14,-5.777777777777778e-02,7.075737061740264e-18,3.150000000000000e-04
14,-5.770595544820441e-02,-2.879984504840285e-03,3.200000000000000e-04
14,-5.749066702111209e-02,-5.752808914424952e-03,3.250000000000000e-04
14,-5.713244773745187e-02,-8.611330934623414e-03,3.300000000000001e-04
14,-5.663218818680477e-02,-1.144844382929851e-02,3.350000000000000e-04
14,-5.599113209323562e-02,-1.425709408877252e-02,3.400000000000000e-04
14,-5.521087322319925e-02,-1.703029896596334e-02,3.450000000000000e-04
14,-5.429335142318582e-02,-1.976116383659419e-02,3.500000000000001e-04
14,-5.324084779695689e-02,-2.244289934031570e-02,3.550000000000000e-04
14,-5.205597903436200e-02,-2.506883826012558e-02,3.600000000000000e-04
14,-5.074169090583544e-02,-2.763245209812059e-02,3.650000000000000e-04
14,-4.930125093874678e-02,-3.012736730637099e-02,3.700000000000000e-04
14,-4.773824029381304e-02,-3.254738113256483e-02,3.750000000000000e-04
14,-4.605654486176886e-02,-3.488647704102757e-02,3.800000000000000e-04
14,-4.426034560242984e-02,-3.713883967077783e-02,3.850000000000000e-04
14,-4.235410815016776e-02,-3.929886929343088e-02,3.900000000000000e-04
14,-4.034257171163977e-02,-4.136119573500595e-02,3.950000000000000e-04
14,-3.823073728337412e-02,-4.332069172702464e-02,4.000000000000000e-04
14,-3.602385521850462e-02,-4.517248565370838e-02,4.050000000000000e-04
14,-3.372741217356567e-02,-4.691197366358279e-02,4.100000000000000e-04
14,-3.134711746779942e-02,-4.853483111537792e-02,4.150000000000001e-04
14,-2.888888888888887e-02,-5.003702332976758e-02,4.200000000000000e-04
14,-2.635883798040499e-02,-5.141481562021818e-02,4.250000000000000e-04
14,-2.376325484754645e-02,-5.266478257800779e-02,4.300000000000000e-04
14,-2.110859251894731e-02,-5.378381658833179e-02,4.350000000000001e-04
14,-1.840145090343069e-02,-5.476913555632316e-02,4.400000000000000e-04
14,-1.564856038159582e-02,-5.561828982377849e-02,4.450000000000000e-04
14,-1.285676507303151e-02,-5.632916825939425e-02,4.500000000000000e-04
14,-1.003300582075597e-02,-5.690000350737202e-02,4.550000000000001e-04
14,-7.184302935188071e-03,-5.732937638134327e-02,4.600000000000000e-04
14,-4.317738740548985e-03,-5.761621939269041e-02,4.650000000000000e-04
14,-1.440439967088671e-03,-5.775981940449161e-02,4.700000000000000e-04
14,1.440439967088650e-03,-5.775981940449161e-02,4.750000000000001e-04
14,4.317738740548964e-03,-5.761621939269041e-02,4.800000000000001e-04
14,7.184302935187999e-03,-5.732937638134328e-02,4.850000000000000e-04
14,1.003300582075595e-02,-5.690000350737203e-02,4.900000000000001e-04
14,1.285676507303149e-02,-5.632916825939425e-02,4.950000000000000e-04
14,1.564856038159585e-02,-5.561828982377848e-02,5.000000000000000e-04
14,1.840145090343067e-02,-5.476913555632317e-02,5.050000000000000e-04
14,2.110859251894724e-02,-5.378381658833182e-02,5.100000000000000e-04
14,2.376325484754643e-02,-5.266478257800779e-02,5.150000000000000e-04
14,2.635883798040497e-02,-5.141481562021819e-02,5.200000000000001e-04
14,2.888888888888890e-02,-5.003702332976757e-02,5.250000000000001e-04
14,3.134711746779945e-02,-4.853483111537790e-02,5.300000000000001e-04
14,3.372741217356562e-02,-4.691197366358284e-02,5.350000000000000e-04
14,3.602385521850460e-02,-4.517248565370840e-02,5.400000000000000e-04
14,3.823073728337406e-02,-4.332069172702468e-02,5.450000000000000e-04
14,4.034257171163978e-02,-4.136119573500595e-02,5.500000000000000e-04
14,4.235410815016776e-02,-3.929886929343088e-02,5.550000000000000e-04
14,4.426034560242983e-02,-3.713883967077784e-02,5.600000000000001e-04
14,4.605654486176886e-02,-3.488647704102759e-02,5.650000000000001e-04
14,4.773824029381302e-02,-3.254738113256487e-02,5.700000000000001e-04
14,4.930125093874679e-02,-3.012736730637099e-02,5.750000000000001e-04
14,5.074169090583542e-02,-2.763245209812063e-02,5.800000000000000e-04
14,5.205597903436199e-02,-2.506883826012559e-02,5.850000000000000e-04
14,5.324084779695689e-02,-2.244289934031570e-02,5.900000000000000e-04
14,5.429335142318580e-02,-1.976116383659424e-02,5.950000000000000e-04
14,5.521087322319924e-02,-1.703029896596338e-02,6.000000000000001e-04
14,5.599113209323561e-02,-1.425709408877254e-02,6.050000000000001e-04
14,5.663218818680476e-02,-1.144844382929854e-02,6.100000000000001e-04
14,5.713244773745187e-02,-8.611330934623410e-03,6.150000000000001e-04
14,5.749066702111208e-02,-5.752808914424999e-03,6.200000000000000e-04
14,5.770595544820441e-02,-2.879984504840306e-03,6.250000000000000e-04
15,6.222222222222222e-02,0.000000000000000e+00,0.000000000000000e+00
15,6.214487509806628e-02,3.101521774443379e-03,5.000000000000000e-06
15,6.191302602273609e-02,6.195332677073036e-03,1.000000000000000e-05
15,6.152725140956355e-02,9.273741006517521e-03,1.500000000000000e-05
15,6.098851035502050e-02,1.232909335462918e-02,2.000000000000000e-05
15,6.029814225425374e-02,1.535379363406271e-02,2.500000000000000e-05
15,5.945786347113764e-02,1.834032196334515e-02,3.000000000000000e-05
15,5.846976307112319e-02,2.128125336248605e-02,3.500000000000000e-05
15,5.733629762749202e-02,2.416927621264767e-02,4.000000000000000e-05
15,5.606028511392830e-02,2.699721043398139e-02,4.500000000000000e-05
15,5.464489789859200e-02,2.975802533643758e-02,5.000000000000000e-05
15,5.309365485711191e-02,3.244485709916876e-02,5.500000000000000e-05
15,5.141041262410635e-02,3.505102583506982e-02,6.000000000000001e-05
15,4.959935600498185e-02,3.757005219802970e-02,6.500000000000001e-05
15,4.766498757184752e-02,3.999567349160688e-02,7.000000000000001e-05
15,4.561211646941141e-02,4.232185923907943e-02,7.500000000000001e-05
15,4.344584645868898e-02,4.454282617616026e-02,8.000000000000001e-05
15,4.117156322824903e-02,4.665305262910346e-02,8.500000000000001e-05
15,3.879492100454342e-02,4.864729224245519e-02,9.000000000000001e-05
15,3.632182849460915e-02,5.052058702231996e-02,9.500000000000001e-05
15,3.375843419609170e-02,5.226827966271466e-02,1.000000000000000e-04
15,3.111111111111110e-02,5.388602512436507e-02,1.050000000000000e-04
15,2.838644090197459e-02,5.536980143715804e-02,1.100000000000000e-04
15,2.559119752812695e-02,5.671591969939299e-02,1.150000000000000e-04
15,2.273233040502013e-02,5.792103324897271e-02,1.200000000000000e-04
15,1.981694712677148e-02,5.898214598373264e-02,1.250000000000000e-04
15,1.685229579556477e-02,5.989661981022297e-02,1.300000000000000e-04
15,1.384574700172623e-02,6.066218120242458e-02,1.350000000000000e-04
15,1.080477549927567e-02,6.127692685409294e-02,1.400000000000000e-04
15,7.736941622510194e-03,6.173932841067737e-02,1.450000000000000e-04
15,4.649872489821962e-03,6.204823626905120e-02,1.500000000000000e-04
15,1.551243041480100e-03,6.220288243560634e-02,1.550000000000000e-04
15,-1.551243041480092e-03,6.220288243560634e-02,1.600000000000000e-04
15,-4.649872489821954e-03,6.204823626905120e-02,1.650000000000000e-04
15,-7.736941622510187e-03,6.173932841067737e-02,1.700000000000000e-04
15,-1.080477549927566e-02,6.127692685409294e-02,1.750000000000000e-04
15,-1.384574700172623e-02,6.066218120242458e-02,1.800000000000000e-04
15,-1.685229579556476e-02,5.989661981022298e-02,1.850000000000000e-04
15,-1.981694712677147e-02,5.898214598373264e-02,1.900000000000000e-04
15,-2.273233040502012e-02,5.792103324897271e-02,1.950000000000000e-04
15,-2.559119752812693e-02,5.671591969939300e-02,2.000000000000000e-04
15,-2.838644090197456e-02,5.536980143715806e-02,2.050000000000000e-04
15,-3.111111111111112e-02,5.388602512436506e-02,2.100000000000000e-04
15,-3.375843419609169e-02,5.226827966271467e-02,2.150000000000000e-04
15,-3.632182849460913e-02,5.052058702231996e-02,2.200000000000000e-04
15,-3.879492100454342e-02,4.864729224245520e-02,2.250000000000000e-04
15,-4.117156322824901e-02,4.665305262910347e-02,2.300000000000000e-04
15,-4.344584645868897e-02,4.454282617616027e-02,2.350000000000000e-04
15,-4.561211646941141e-02,4.232185923907943e-02,2.400000000000000e-04
15,-4.766498757184751e-02,3.999567349160690e-02,2.450000000000000e-04
15,-4.959935600498185e-02,3.757005219802970e-02,2.500000000000000e-04
15,-5.141041262410633e-02,3.505102583506983e-02,2.550000000000000e-04
15,-5.309365485711191e-02,3.244485709916877e-02,2.600000000000000e-04
15,-5.464489789859200e-02,2.975802533643757e-02,2.650000000000000e-04
15,-5.606028511392829e-02,2.699721043398140e-02,2.700000000000000e-04
15,-5.733629762749203e-02,2.416927621264766e-02,2.750000000000000e-04
15,-5.846976307112318e-02,2.128125336248606e-02,2.800000000000000e-04
15,-5.945786347113764e-02,1.834032196334517e-02,2.850000000000000e-04
15,-6.029814225425373e-02,1.535379363406273e-02,2.900000000000000e-04
15,-6.098851035502050e-02,1.232909335462918e-02,2.950000000000000e-04
15,-6.152725140956355e-02,9.273741006517539e-03,3.000000000000000e-04
15,-6.191302602273609e-02,6.195332677073040e-03,3.050000000000000e-04
15,-6.214487509806628e-02,3.101521774443399e-03,3.100000000000000e-04
15,-6.222222222222222e-02,7.620024528027976e-18,3.150000000000000e-04
15,-6.214487509806628e-02,-3.101521774443383e-03,3.200000000000000e-04
15,-6.191302602273609e-02,-6.195332677073026e-03,3.250000000000000e-04
15,-6.152725140956355e-02,-9.273741006517523e-03,3.300000000000001e-04
15,-6.098851035502051e-02,-1.232909335462917e-02,3.350000000000000e-04
15,-6.029814225425374e-02,-1.535379363406271e-02,3.400000000000000e-04
15,-5.945786347113765e-02,-1.834032196334513e-02,3.450000000000000e-04
15,-5.846976307112319e-02,-2.128125336248605e-02,3.500000000000001e-04
15,-5.733629762749202e-02,-2.416927621264767e-02,3.550000000000000e-04
15,-5.606028511392830e-02,-2.699721043398139e-02,3.600000000000000e-04
15,-5.464489789859201e-02,-2.975802533643756e-02,3.650000000000000e-04
15,-5.309365485711191e-02,-3.244485709916876e-02,3.700000000000000e-04
15,-5.141041262410635e-02,-3.505102583506982e-02,3.750000000000000e-04
15,-4.959935600498185e-02,-3.757005219802969e-02,3.800000000000000e-04
15,-4.766498757184752e-02,-3.999567349160688e-02,3.850000000000000e-04
15,-4.561211646941143e-02,-4.232185923907941e-02,3.900000000000000e-04
15,-4.344584645868898e-02,-4.454282617616025e-02,3.950000000000000e-04
15,-4.117156322824905e-02,-4.665305262910344e-02,4.000000000000000e-04
15,-3.879492100454343e-02,-4.864729224245518e-02,4.050000000000000e-04
15,-3.632182849460919e-02,-5.052058702231992e-02,4.100000000000000e-04
15,-3.375843419609168e-02,-5.226827966271467e-02,4.150000000000001e-04
15,-3.111111111111109e-02,-5.388602512436508e-02,4.200000000000000e-04
15,-2.838644090197460e-02,-5.536980143715804e-02,4.250000000000000e-04
15,-2.559119752812694e-02,-5.671591969939299e-02,4.300000000000000e-04
15,-2.273233040502018e-02,-5.792103324897269e-02,4.350000000000001e-04
15,-1.981694712677151e-02,-5.898214598373263e-02,4.400000000000000e-04
15,-1.685229579556473e-02,-5.989661981022298e-02,4.450000000000000e-04
15,-1.384574700172624e-02,-6.066218120242458e-02,4.500000000000000e-04
15,-1.080477549927567e-02,-6.127692685409294e-02,4.550000000000001e-04
15,-7.736941622510230e-03,-6.173932841067736e-02,4.600000000000000e-04
15,-4.649872489821983e-03,-6.204823626905120e-02,4.650000000000000e-04
15,-1.551243041480107e-03,-6.220288243560634e-02,4.700000000000000e-04
15,1.551243041480084e-03,-6.220288243560634e-02,4.750000000000001e-04
15,4.649872489821960e-03,-6.204823626905120e-02,4.800000000000001e-04
15,7.736941622510153e-03,-6.173932841067738e-02,4.850000000000000e-04
15,1.080477549927564e-02,-6.127692685409295e-02,4.900000000000001e-04
15,1.384574700172622e-02,-6.066218120242458e-02,4.950000000000000e-04
15,1.685229579556476e-02,-5.989661981022297e-02,5.000000000000000e-04
15,1.981694712677149e-02,-5.898214598373264e-02,5.050000000000000e-04
15,2.273233040502010e-02,-5.792103324897272e-02,5.100000000000000e-04
15,2.559119752812692e-02,-5.671591969939300e-02,5.150000000000000e-04
15,2.838644090197458e-02,-5.536980143715805e-02,5.200000000000001e-04
15,3.111111111111112e-02,-5.388602512436506e-02,5.250000000000001e-04
15,3.375843419609171e-02,-5.226827966271465e-02,5.300000000000001e-04
15,3.632182849460912e-02,-5.052058702231997e-02,5.350000000000000e-04
15,3.879492100454341e-02,-4.864729224245520e-02,5.400000000000000e-04
15,4.117156322824898e-02,-4.665305262910349e-02,5.450000000000000e-04
15,4.344584645868899e-02,-4.454282617616025e-02,5.500000000000000e-04
15,4.561211646941143e-02,-4.232185923907941e-02,5.550000000000000e-04
15,4.766498757184751e-02,-3.999567349160690e-02,5.600000000000001e-04
15,4.959935600498184e-02,-3.757005219802971e-02,5.650000000000001e-04
15,5.141041262410632e-02,-3.505102583506986e-02,5.700000000000001e-04
15,5.309365485711192e-02,-3.244485709916876e-02,5.750000000000001e-04
15,5.464489789859198e-02,-2.975802533643760e-02,5.800000000000000e-04
15,5.606028511392829e-02,-2.699721043398141e-02,5.850000000000000e-04
15,5.733629762749202e-02,-2.416927621264767e-02,5.900000000000000e-04
15,5.846976307112317e-02,-2.128125336248610e-02,5.950000000000000e-04
15,5.945786347113764e-02,-1.834032196334518e-02,6.000000000000001e-04
15,6.029814225425373e-02,-1.535379363406273e-02,6.050000000000001e-04
15,6.098851035502050e-02,-1.232909335462919e-02,6.100000000000001e-04
15,6.152725140956355e-02,-9.273741006517518e-03,6.150000000000001e-04
15,6.191302602273608e-02,-6.195332677073075e-03,6.200000000000000e-04
15,6.214487509806628e-02,-3.101521774443406e-03,6.250000000000000e-04
16,6.666666666666667e-02,0.000000000000000e+00,0.000000000000000e+00
16,6.658379474792815e-02,3.323059044046478e-03,5.000000000000000e-06
16,6.633538502436009e-02,6.637856439721110e-03,1.000000000000000e-05
16,6.592205508167523e-02,9.936151078411629e-03,1.500000000000000e-05
16,6.534483252323625e-02,1.320974287995984e-02,2.000000000000000e-05
16,6.460515241527186e-02,1.645049317935291e-02,2.500000000000000e-05
16,6.370485371907604e-02,1.965034496072695e-02,3.000000000000000e-05
16,6.264617471906056e-02,2.280134288837792e-02,3.500000000000000e-05
16,6.143174745802717e-02,2.589565308497965e-02,4.000000000000000e-05
16,6.006459119349461e-02,2.892558260783721e-02,4.500000000000000e-05
16,5.854810489134857e-02,3.188359857475455e-02,5.000000000000000e-05
16,5.688605877547705e-02,3.476234689196653e-02,5.500000000000000e-05
16,5.508258495439966e-02,3.755467053757480e-02,6.000000000000001e-05
16,5.314216714819484e-02,4.025362735503182e-02,6.500000000000001e-05
16,5.106962954126520e-02,4.285250731243595e-02,7.000000000000001e-05
16,4.887012478865509e-02,4.534484918472795e-02,7.500000000000001e-05
16,4.654912120573819e-02,4.772445661731456e-02,8.000000000000001e-05
16,4.411238917312396e-02,4.998541353118228e-02,8.500000000000001e-05
16,4.156598679058224e-02,5.212209883120199e-02,9.000000000000001e-05
16,3.891624481565267e-02,5.412920038105710e-02,9.500000000000001e-05
16,3.616975092438396e-02,5.600172821005143e-02,1.000000000000000e-04
16,3.333333333333333e-02,5.773502691896258e-02,1.050000000000000e-04
16,3.041404382354420e-02,5.932478725409790e-02,1.100000000000000e-04
16,2.741914020870745e-02,6.076705682077821e-02,1.150000000000000e-04
16,2.435606829109300e-02,6.205824990961362e-02,1.200000000000000e-04
16,2.123244335011230e-02,6.319515641114211e-02,1.250000000000000e-04
16,1.805603120953368e-02,6.417494979666746e-02,1.300000000000000e-04
16,1.483472893042096e-02,6.499519414545490e-02,1.350000000000000e-04
16,1.157654517779536e-02,6.565385020081387e-02,1.400000000000000e-04
16,8.289580309832352e-03,6.614928044001148e-02,1.450000000000000e-04
16,4.982006239094960e-03,6.648025314541200e-02,1.500000000000000e-04
16,1.662046115871536e-03,6.664594546672108e-02,1.550000000000000e-04
16,-1.662046115871528e-03,6.664594546672108e-02,1.600000000000000e-04
16,-4.982006239094951e-03,6.648025314541200e-02,1.650000000000000e-04
16,-8.289580309832343e-03,6.614928044001148e-02,1.700000000000000e-04
16,-1.157654517779535e-02,6.565385020081387e-02,1.750000000000000e-04
16,-1.483472893042096e-02,6.499519414545490e-02,1.800000000000000e-04
16,-1.805603120953366e-02,6.417494979666748e-02,1.850000000000000e-04
16,-2.123244335011229e-02,6.319515641114212e-02,1.900000000000000e-04
16,-2.435606829109299e-02,6.205824990961362e-02,1.950000000000000e-04
16,-2.741914020870742e-02,6.076705682077822e-02,2.000000000000000e-04
16,-3.041404382354417e-02,5.932478725409792e-02,2.050000000000000e-04
16,-3.333333333333335e-02,5.773502691896257e-02,2.100000000000000e-04
16,-3.616975092438395e-02,5.600172821005144e-02,2.150000000000000e-04
16,-3.891624481565264e-02,5.412920038105710e-02,2.200000000000000e-04
16,-4.156598679058223e-02,5.212209883120199e-02,2.250000000000000e-04
16,-4.411238917312395e-02,4.998541353118229e-02,2.300000000000000e-04
16,-4.654912120573818e-02,4.772445661731457e-02,2.350000000000000e-04
16,-4.887012478865509e-02,4.534484918472795e-02,2.400000000000000e-04
16,-5.106962954126519e-02,4.285250731243596e-02,2.450000000000000e-04
16,-5.314216714819484e-02,4.025362735503182e-02,2.500000000000000e-04
16,-5.508258495439965e-02,3.755467053757482e-02,2.550000000000000e-04
16,-5.688605877547704e-02,3.476234689196654e-02,2.600000000000000e-04
16,-5.854810489134857e-02,3.188359857475453e-02,2.650000000000000e-04
16,-6.006459119349460e-02,2.892558260783722e-02,2.700000000000000e-04
16,-6.143174745802718e-02,2.589565308497964e-02,2.750000000000000e-04
16,-6.264617471906056e-02,2.280134288837793e-02,2.800000000000000e-04
16,-6.370485371907604e-02,1.965034496072697e-02,2.850000000000000e-04
16,-6.460515241527186e-02,1.645049317935292e-02,2.900000000000000e-04
16,-6.534483252323625e-02,1.320974287995984e-02,2.950000000000000e-04
16,-6.592205508167523e-02,9.936151078411648e-03,3.000000000000000e-04
16,-6.633538502436009e-02,6.637856439721116e-03,3.050000000000000e-04
16,-6.658379474792815e-02,3.323059044046499e-03,3.100000000000000e-04
16,-6.666666666666667e-02,8.164311994315688e-18,3.150000000000000e-04
16,-6.658379474792815e-02,-3.323059044046482e-03,3.200000000000000e-04
16,-6.633538502436009e-02,-6.637856439721098e-03,3.250000000000000e-04
16,-6.592205508167523e-02,-9.936151078411632e-03,3.300000000000001e-04
16,-6.534483252323627e-02,-1.320974287995982e-02,3.350000000000000e-04
16,-6.460515241527186e-02,-1.645049317935291e-02,3.400000000000000e-04
16,-6.370485371907605e-02,-1.965034496072693e-02,3.450000000000000e-04
16,-6.264617471906056e-02,-2.280134288837791e-02,3.500000000000001e-04
16,-6.143174745802717e-02,-2.589565308497965e-02,3.550000000000000e-04
16,-6.006459119349461e-02,-2.892558260783720e-02,3.600000000000000e-04
16,-5.854810489134858e-02,-3.188359857475452e-02,3.650000000000000e-04
16,-5.688605877547705e-02,-3.476234689196653e-02,3.700000000000000e-04
16,-5.508258495439966e-02,-3.755467053757480e-02,3.750000000000000e-04
16,-5.314216714819484e-02,-4.025362735503181e-02,3.800000000000000e-04
16,-5.106962954126520e-02,-4.285250731243595e-02,3.850000000000000e-04
16,-4.887012478865510e-02,-4.534484918472794e-02,3.900000000000000e-04
16,-4.654912120573819e-02,-4.772445661731455e-02,3.950000000000000e-04
16,-4.411238917312398e-02,-4.998541353118226e-02,4.000000000000000e-04
16,-4.156598679058224e-02,-5.212209883120198e-02,4.050000000000000e-04
16,-3.891624481565270e-02,-5.412920038105706e-02,4.100000000000000e-04
16,-3.616975092438394e-02,-5.600172821005144e-02,4.150000000000001e-04
16,-3.333333333333331e-02,-5.773502691896259e-02,4.200000000000000e-04
16,-3.041404382354421e-02,-5.932478725409789e-02,4.250000000000000e-04
16,-2.741914020870744e-02,-6.076705682077821e-02,4.300000000000000e-04
16,-2.435606829109305e-02,-6.205824990961360e-02,4.350000000000001e-04
16,-2.123244335011233e-02,-6.319515641114211e-02,4.400000000000000e-04
16,-1.805603120953364e-02,-6.417494979666748e-02,4.450000000000000e-04
16,-1.483472893042097e-02,-6.499519414545490e-02,4.500000000000000e-04
16,-1.157654517779536e-02,-6.565385020081387e-02,4.550000000000001e-04
16,-8.289580309832390e-03,-6.614928044001146e-02,4.600000000000000e-04
16,-4.982006239094981e-03,-6.648025314541200e-02,4.650000000000000e-04
16,-1.662046115871544e-03,-6.664594546672108e-02,4.700000000000000e-04
16,1.662046115871519e-03,-6.664594546672108e-02,4.750000000000001e-04
16,4.982006239094958e-03,-6.648025314541200e-02,4.800000000000001e-04
16,8.289580309832307e-03,-6.614928044001148e-02,4.850000000000000e-04
16,1.157654517779533e-02,-6.565385020081388e-02,4.900000000000001e-04
16,1.483472893042095e-02,-6.499519414545490e-02,4.950000000000000e-04
16,1.805603120953368e-02,-6.417494979666746e-02,5.000000000000000e-04
16,2.123244335011231e-02,-6.319515641114211e-02,5.050000000000000e-04
16,2.435606829109297e-02,-6.205824990961363e-02,5.100000000000000e-04
16,2.741914020870742e-02,-6.076705682077822e-02,5.150000000000000e-04
16,3.041404382354419e-02,-5.932478725409791e-02,5.200000000000001e-04
16,3.333333333333334e-02,-5.773502691896257e-02,5.250000000000001e-04
16,3.616975092438398e-02,-5.600172821005142e-02,5.300000000000001e-04
16,3.891624481565263e-02,-5.412920038105711e-02,5.350000000000000e-04
16,4.156598679058222e-02,-5.212209883120199e-02,5.400000000000000e-04
16,4.411238917312391e-02,-4.998541353118232e-02,5.450000000000000e-04
16,4.654912120573820e-02,-4.772445661731455e-02,5.500000000000000e-04
16,4.887012478865510e-02,-4.534484918472794e-02,5.550000000000000e-04
16,5.106962954126518e-02,-4.285250731243597e-02,5.600000000000001e-04
16,5.314216714819483e-02,-4.025362735503183e-02,5.650000000000001e-04
16,5.508258495439963e-02,-3.755467053757485e-02,5.700000000000001e-04
16,5.688605877547705e-02,-3.476234689196653e-02,5.750000000000001e-04
16,5.854810489134855e-02,-3.188359857475457e-02,5.800000000000000e-04
16,6.006459119349460e-02,-2.892558260783722e-02,5.850000000000000e-04
16,6.143174745802717e-02,-2.589565308497965e-02,5.900000000000000e-04
16,6.264617471906053e-02,-2.280134288837796e-02,5.950000000000000e-04
16,6.370485371907604e-02,-1.965034496072698e-02,6.000000000000001e-04
16,6.460515241527186e-02,-1.645049317935293e-02,6.050000000000001e-04
16,6.534483252323625e-02,-1.320974287995985e-02,6.100000000000001e-04
16,6.592205508167523e-02,-9.936151078411625e-03,6.150000000000001e-04
16,6.633538502436008e-02,-6.637856439721152e-03,6.200000000000000e-04
16,6.658379474792815e-02,-3.323059044046507e-03,6.250000000000000e-04
